timestamp,supplier,product_id,product_name,old_price,new_price,change_pct
2026-04-05T15:47:53.064095+00:00,Exotics Unlimited,exotics-unlimited:ceratogyrus-darlingi-rear-horned-baboon-0-75-1,Ceratogyrus darlingi (Rear Horned Baboon Tarantula),29.0,45.0,55.2
2026-04-05T15:47:53.064095+00:00,Exotics Source,exotics-source:regal-jumping-spider-nutmeg,"Regal Jumping Spider ""Nutmeg""",75.0,65.0,13.3
2026-04-05T15:47:53.064095+00:00,Exotics Source,exotics-source:regal-jumping-spider-nugget,"Regal Jumping Spider ""Nugget""",75.0,65.0,13.3
2026-04-05T15:47:53.064095+00:00,Exotics Source,exotics-source:regal-jumping-spider-chocolate,"Regal Jumping Spider ""Chocolate""",75.0,65.0,13.3
2026-04-05T15:47:53.064095+00:00,Exotics Source,exotics-source:regal-jumping-spider-pretzel,"Regal Jumping Spider ""Pretzel""",75.0,65.0,13.3
2026-04-05T15:47:53.064095+00:00,Exotics Source,exotics-source:regal-jumping-spider-egg,"Regal Jumping Spider ""Egg""",75.0,65.0,13.3
2026-04-05T15:47:53.064095+00:00,Exotics Source,exotics-source:regal-jumping-spider-almond,"Regal Jumping Spider ""Almond""",75.0,65.0,13.3
2026-04-05T15:47:53.064095+00:00,Tropical Isopods,tropical-isopods:porcellio-sp-werneri-isopod-for-sale,Porcellio werneri,50.0,40.0,20.0
2026-04-08T07:25:47.431626+00:00,Exotics Unlimited,exotics-unlimited:copy-of-poecilotheria-regalis-indian-ornamental-tarantula-for-sale-female-7,Poecilotheria regalis (Indian Ornamental Tarantula),58.0,85.0,46.6
2026-04-08T07:25:47.431626+00:00,Exotics Unlimited,exotics-unlimited:grammostola-pulchra-brazilian-black-female-2-5,Grammostola pulchra (Brazilian Black Tarantula),86.0,84.0,2.3
2026-04-08T07:25:47.431626+00:00,Exotics Unlimited,exotics-unlimited:iridopelma-hirsutum-0-75,Iridopelma hirsutum (Amazon Ribbed Tarantula),150.0,125.0,16.7
2026-04-08T07:25:47.431626+00:00,Exotics Unlimited,exotics-unlimited:monocentropus-balfouri-socotra-island-blue-baboon-tarantula-for-sale-spiderling,Monocentropus balfouri (Socotra Island Blue Baboon Tarantula)  (Communal Species),49.0,45.0,8.2
2026-04-08T07:25:47.431626+00:00,Ty Dye Exotics,ty-dye-exotics:tliltocatl-albopilosus-curly-hair-tarantula-perfect-beginner-species-live-arrival-guarantee,Tliltocatl albopilosus – Curly Hair Tarantula | Perfect Beginner Species | Live Arrival Guarantee,17.99,27.99,55.6
2026-04-08T07:25:47.431626+00:00,Ty Dye Exotics,ty-dye-exotics:hapalopus-formosus-pumpkin-patch-tarantula-for-sale-live-arrival-guarantee,Hapalopus formosus - Pumpkin Patch Tarantula for Sale | Live Arrival Guarantee,34.99,37.99,8.6
2026-04-08T07:25:47.431626+00:00,Nature's Good Guys,natures-good-guys:eretmocerus-eremicus,Eretmocerus eremicus - Whitefly Control,2.39,3.4,42.3
2026-04-08T07:25:47.431626+00:00,Nature's Good Guys,natures-good-guys:atheta-coriaria,"Dalotia ""Atheta"" coriaria - Rove Beetle - Fungus Gnat Control",13.1,18.75,43.1
2026-04-08T07:25:47.431626+00:00,DubiaRoaches.com,dubiaroaches:medium-superworm-500ct-auction-14,Medium Superworm 500ct Auction,1.0,15.0,1400.0
2026-04-08T07:25:47.431626+00:00,DubiaRoaches.com,dubiaroaches:large-hornworm-12ct-case-of-6-auction-10,Large Hornworm 12ct (Case Of 6) Auction,1.0,21.0,2000.0
2026-04-08T07:25:47.431626+00:00,DubiaRoaches.com,dubiaroaches:125w-heat-panel-reptile-habitat-auction-15,125w Heat Panel Reptile Habitat Auction,20.0,100.0,400.0
2026-04-08T07:25:47.431626+00:00,DubiaRoaches.com,dubiaroaches:4x2x2-v3-120-gallon-auction-8,4x2x2 V3 (120 Gallon) Auction,40.0,271.0,577.5
2026-04-08T07:25:47.431626+00:00,DubiaRoaches.com,dubiaroaches:medium-hornworm-24ct-case-of-12-auction-14,Medium Hornworm 24ct (Case Of 12) Auction,1.0,50.0,4900.0
2026-04-08T07:25:47.431626+00:00,DubiaRoaches.com,dubiaroaches:large-dubia-roaches-250ct-auction-9,Large Dubia Roaches 250ct Auction,1.0,45.0,4400.0
2026-04-08T07:25:47.431626+00:00,Fear Not Tarantulas,fear-not-tarantulas:scytodes-cf-univittata-orange-spitting-spider,"Scytodes cf univittata (Orange Spitting Spider) about 1/4"" *Captive bred!",19.0,45.0,136.8
2026-04-08T07:25:47.431626+00:00,Fear Not Tarantulas,fear-not-tarantulas:ischnocolus-vanandelae-omani-golden-tiger-tarantula-olympic,"Ischnocolus vanandelae (Omani Golden Tiger Tarantula) about 1/2"" - 3/4""",29.0,55.0,89.7
2026-04-08T07:25:47.431626+00:00,Fear Not Tarantulas,fear-not-tarantulas:urupelma-peruvianun-tarantula-for-sale,"Urupelma  peruvianum ex Homoeomma (Peruvian Blue Tarantula) about 1/2"" - 3/4""",39.0,74.0,89.7
2026-04-08T07:25:47.431626+00:00,Fear Not Tarantulas,fear-not-tarantulas:eresus-aguert-tamanart-velvet-spider-for-sale,"Eresus sp “Aguert Tamanart” (Morocco Velvet Spider)  about 1/8"" 🛖INCLUDES HABITAT!",42.0,69.0,64.3
2026-04-08T07:25:47.431626+00:00,Fear Not Tarantulas,fear-not-tarantulas:sicarius-gracilis-six-eyed-sand-spider,"Sicarius gracilis (Six-Eyed Sand Spider) about  1/3"" - 1/2""",32.0,59.0,84.4
2026-04-08T07:25:47.431626+00:00,Fear Not Tarantulas,fear-not-tarantulas:harpactira-dictator-tarantula-dictator-baboon,"Harpactira dictator (Dictator Baboon Tarantula) about 3/4"" - 1""+",39.0,85.0,117.9
2026-04-08T07:25:47.431626+00:00,Fear Not Tarantulas,fear-not-tarantulas:cyriopagopus-hati-hati-tarantula-for-sale,"Phormingochilus hati hati (Sulawesi Violet Tarantula) ex Cyriopagopus about 3/4"" - 1""",23.0,42.0,82.6
2026-04-08T07:25:47.431626+00:00,Fear Not Tarantulas,fear-not-tarantulas:theraphosa-stirmi-burgundy-goliath-birdeater-tarantula-for-sale-1,"Theraphosa stirmi (Burgundy Goliath Birdeater Tarantula) about 2"" +",59.0,125.0,111.9
2026-04-08T07:25:47.431626+00:00,Fear Not Tarantulas,fear-not-tarantulas:psalmopoeus-victori-tarantula-for-sale,"Psalmopoeus victori (Darth Maul Tarantula) about  1/2""-3/4""",39.0,55.0,41.0
2026-04-08T07:25:47.431626+00:00,Fear Not Tarantulas,fear-not-tarantulas:psalmopoeus-pulcher-panama-blonde-tarantula-for-sale,"Psalmopoeus pulcher (Panama Blonde Tarantula) about 1"" +",22.0,45.0,104.5
2026-04-08T07:25:47.431626+00:00,Fear Not Tarantulas,fear-not-tarantulas:hapalotremus-major-peruvian-white-banded-tarantula,"Hapalotremus major (Peruvian White Banded Tarantula) about 1/2"" - 3/4"" Nicely sized!",65.0,109.0,67.7
2026-04-08T07:25:47.431626+00:00,Fear Not Tarantulas,fear-not-tarantulas:chilobrachys-natanicharum-electric-blue-tarantula-for-sale,"Chilobrachys natanicharum  (Electric Blue Tarantula) about  3/4"" - 1""",23.0,45.0,95.7
2026-04-08T07:25:47.431626+00:00,Fear Not Tarantulas,fear-not-tarantulas:cilantica-sp-kali,"Cilantica sp Kali (Kali Earth Tiger) about 1 1/4"" - 1 1/2"" Very similar to psychedelicus *RARE",59.0,115.0,94.9
2026-04-08T07:25:47.431626+00:00,Fear Not Tarantulas,fear-not-tarantulas:blue-death-feigning-beetle-for-sale,Blue Death Feigning Beetle (Asbolus verrucosus) Keep them in groups!,24.0,39.0,62.5
2026-04-08T07:25:47.431626+00:00,Fear Not Tarantulas,fear-not-tarantulas:shipping-change-fedex-center-home-business,Change of shipping method from going to a FedEx center to a home or business.,14.0,20.0,42.9
2026-04-08T07:25:47.431626+00:00,Exotics Source,exotics-source:regal-jumping-spider-atlas,Regal Jumping Spider “Atlas”,75.0,125.0,66.7
2026-04-08T07:25:47.431626+00:00,Buddha Bugs,buddha-bugs:phoneutria-depilata-depilated-wandering-spider-for-sale,"Phoneutria depilata (depilated wandering spider) 0.33""",50.0,75.0,50.0
2026-04-08T07:25:47.431626+00:00,Big Apple Herp,big-apple-herp:bushveld-rain-frogs-for-sale,South African Rain Frogs,99.95,26.95,73.0
2026-04-08T07:25:47.431626+00:00,Big Apple Herp,big-apple-herp:african-green-bush-snakes,African Green Bush Snakes,24.95,42.95,72.1
2026-04-08T07:25:47.431626+00:00,Big Apple Herp,big-apple-herp:emerald-black-tree-skinks,Emerald & Black Tree Skinks,49.95,69.95,40.0
2026-04-08T07:25:47.431626+00:00,Big Apple Herp,big-apple-herp:socotra-island-blue-tarantulas,Socotra Island Blue Tarantulas,109.0,99.95,8.3
2026-04-08T07:25:47.431626+00:00,Big Apple Herp,big-apple-herp:eastern-garter-snakes,Eastern Garter Snakes,84.95,99.95,17.7
2026-04-08T07:25:47.431626+00:00,Coast2Coast Beetles,coast2coast-beetles:xylotrupes-pachycera-adult-pair,Xylotrupes pachycera minor male,100.0,60.0,40.0
2026-04-08T07:25:47.431626+00:00,The World of Isopods,the-world-of-isopods:thai-blue-millipedes,Philippines Blue Millipedes,50.0,40.0,20.0
2026-04-08T07:25:47.431626+00:00,JMZ Butterfly Farm,jmz-butterfly-farm:polyphemus-moth-eggs,Polyphemus Moth Eggs,45.0,30.0,33.3
2026-04-08T07:25:47.431626+00:00,JMZ Butterfly Farm,jmz-butterfly-farm:malachite-butterfly-caterpillars-or-chrysalis,Malachite Butterfly Caterpillars or Chrysalis,65.0,85.0,30.8
2026-04-08T07:25:47.431626+00:00,Riverbottom Butterflies,riverbottom-butterflies:butterfly-party-house-for-birthdays-or-special-events-copy,Butterfly Party House Shipped To You (Anywhere in the US),550.0,595.0,8.2
2026-04-12T07:19:14.695954+00:00,The Defiant Forest,the-defiant-forest:mediterranean-ladybird-velvet-spider,"Eastern Mediterranean Ladybird Velvet Spider, Eresus walckenaeri",39.0,42.0,7.7
2026-04-12T07:19:14.695954+00:00,The Defiant Forest,the-defiant-forest:desert-hairy-scorpion-hadrurus-arizonensis,"Desert Hairy Scorpion, Hadrurus arizonensis",18.0,24.0,33.3
2026-04-12T07:19:14.695954+00:00,The Defiant Forest,the-defiant-forest:borneo-purple-earth-tiger-tarantula,"Borneo Purple Earth Tiger Tarantula, Cyriopagopus sp.",30.0,32.0,6.7
2026-04-12T07:19:14.695954+00:00,Exotics Unlimited,exotics-unlimited:brachypelma-auratum-mexican-flame-knee-tarantula-1-5-2-copy,Brachypelma auratum (Mexican Flame Knee Tarantula),45.0,85.0,88.9
2026-04-12T07:19:14.695954+00:00,Nature's Good Guys,natures-good-guys:safer-home-fruit-fly-trap,Safer Home Fruit Fly Trap,5.0,7.99,59.8
2026-04-12T07:19:14.695954+00:00,Insect Lore,insect-lore:cup-of-caterpillars-special-offer,Cup Of Caterpillars - Special Offer!,8.99,9.99,11.1
2026-04-12T07:19:14.695954+00:00,Insect Lore,insect-lore:tube-of-ladybug-larvae-special-offer,Tube of Ladybug Larvae - Special Offer!,9.99,11.99,20.0
2026-04-12T07:19:14.695954+00:00,Meme's Worms,memes-worms:20000-red-wiggler-composting-worms-for-sale,20LBS Pure Red Wiggler Composting Worms For Sale - FREE SHIPPING  (Approx. 20000 Worms),919.99,1190.99,29.5
2026-04-12T07:19:14.695954+00:00,Meme's Worms,memes-worms:10000-red-wiggler-composting-worms-for-sale,10LBS Pure Red Wiggler Composting Worms For Sale - FREE SHIPPING (Approx. 10000 Worms),459.99,599.99,30.4
2026-04-12T07:19:14.695954+00:00,Meme's Worms,memes-worms:5000-red-wiggler-composting-worms-for-sale,5LBS Pure Red Wiggler Composting Worms For Sale - FREE SHIPPING (Approx. 5000 Worms),279.99,299.99,7.1
2026-04-12T07:19:14.695954+00:00,Meme's Worms,memes-worms:european-nightcrawlers-100-pure,Bulk Pure European Nightcrawlers For Sale - Composting Worms - FREE SHIPPING,159.99,239.99,50.0
2026-04-12T07:19:14.695954+00:00,Meme's Worms,memes-worms:bulk-composting-worm-mix-red-wigglers-and-european-nightcrawlers,Bulk Composting Worm Mix - Pure Red Wigglers and European Nightcrawlers - FREE SHIPPING,199.99,299.99,50.0
2026-04-12T07:19:14.695954+00:00,DubiaRoaches.com,dubiaroaches:80w-heat-panel-reptile-habitat-auction-13,80w Heat Panel Reptile Habitat Auction,20.0,120.0,500.0
2026-04-12T07:19:14.695954+00:00,DubiaRoaches.com,dubiaroaches:x-small-dubia-roaches-500ct-auction-8,X-Small Dubia Roaches 500ct Auction,1.0,33.0,3200.0
2026-04-12T07:19:14.695954+00:00,DubiaRoaches.com,dubiaroaches:large-hornworm-12ct-case-of-6-auction-11,Large Hornworm 12ct (Case Of 6) Auction,1.0,35.0,3400.0
2026-04-12T07:19:14.695954+00:00,DubiaRoaches.com,dubiaroaches:4x2x2-v3-120-gallon-auction-9,4x2x2 V3 (120 Gallon) Auction,40.0,275.0,587.5
2026-04-12T07:19:14.695954+00:00,DubiaRoaches.com,dubiaroaches:hornworm-moth-pupa-sexed-pair-manduca-sexta-auction-2,Hornworm Moth Pupa Sexed Pair (Manduca sexta) Auction,1.0,7.0,600.0
2026-04-12T07:19:14.695954+00:00,DubiaRoaches.com,dubiaroaches:large-discoid-250ct-auction-18,Large Discoid 250ct Auction,1.0,16.0,1500.0
2026-04-12T07:19:14.695954+00:00,Exotics Source,exotics-source:regal-jumping-spider-sunkiss,"Regal Jumping Spider ""Sunkiss""",75.0,95.0,26.7
2026-04-12T07:19:14.695954+00:00,Exotics Source,exotics-source:regal-jumping-spider-ignisa,"Regal Jumping Spider ""Ignisa""",75.0,95.0,26.7
2026-04-12T07:19:14.695954+00:00,Exotics Source,exotics-source:regal-jumping-spider-firecracker-for-sale,"Regal Jumping Spider ""Firecracker""",75.0,65.0,13.3
2026-04-12T07:19:14.695954+00:00,Exotics Source,exotics-source:regal-jumping-spider-cinnamon-1,"Regal Jumping Spider ""Cinnamon""",75.0,65.0,13.3
2026-04-12T07:19:14.695954+00:00,Exotics Source,exotics-source:regal-jumping-spider-cerelia,Regal Jumping Spider “Cerelia”,75.0,95.0,26.7
2026-04-12T07:19:14.695954+00:00,Exotics Source,exotics-source:regal-jumping-spider-charm,Regal Jumping Spider “Charm”,75.0,95.0,26.7
2026-04-12T07:19:14.695954+00:00,Exotics Source,exotics-source:regal-jumping-spider-plum,"Regal Jumping Spider ""Plum""",95.0,75.0,21.1
2026-04-12T07:19:14.695954+00:00,Spider Shoppe,spider-shoppe:diplura-sanguinea-blood-red-curtain-web-0-75,Diplura sanguinea (Blood Red Curtain Web),58.0,68.0,17.2
2026-04-12T07:19:14.695954+00:00,Tropical Isopods,tropical-isopods:armadillidium-granulatum-magic-potion,Armadillidium Granulatum “Magic Potion”,40.0,50.0,25.0
2026-04-12T07:19:14.695954+00:00,Tropical Isopods,tropical-isopods:porcellio-bolivari-bolivari-isopod-for-sale,"Porcellio Bolivari ""Bolivari""",30.0,50.0,66.7
2026-04-12T07:19:14.695954+00:00,Best Bee Brothers,best-bee-brothers:combo-2-2-carpenter-bee-ultimate-pro-traps-with-bee-vault-and-1-bee-licious-bee-bait-copy,COMBO #2 - 2 Ultimate Pro Carpenter Bee Traps with Bee Vault and 1 Bee-Licious Bee Bait,68.99,61.99,10.1
2026-04-12T07:19:14.695954+00:00,Buddha Bugs,buddha-bugs:phoneutria-depilata-depilated-wandering-spider-for-sale,"Phoneutria depilata (depilated wandering spider) 0.33""",75.0,50.0,33.3
2026-04-12T07:19:14.695954+00:00,American Reptile Distributors,american-reptile-distributors:spiny-hill-turtle-cb-2024-11-heosemys-spinosa,Spiny Hill Turtle CB 2024 #11 (Heosemys spinosa),599.99,399.99,33.3
2026-04-12T07:19:14.695954+00:00,American Reptile Distributors,american-reptile-distributors:spiny-hill-turtle-cb-2024-10-heosemys-spinosa,Spiny Hill Turtle CB 2024 #10 (Heosemys spinosa),599.99,399.99,33.3
2026-04-12T07:19:14.695954+00:00,American Reptile Distributors,american-reptile-distributors:spiny-hill-turtle-cb-2024-9-heosemys-spinosa,Spiny Hill Turtle CB 2024 #9 (Heosemys spinosa),599.99,399.99,33.3
2026-04-12T07:19:14.695954+00:00,American Reptile Distributors,american-reptile-distributors:pink-bellied-snapping-turtle-adult-pair-1-elseya-novaguineae,Pink Bellied Snapping Turtle Adult Pair #1 (Elseya novaguineae),149.99,99.99,33.3
2026-04-12T07:19:14.695954+00:00,Big Apple Herp,big-apple-herp:clown-ball-pythons-for-sale,Clown Ball Pythons for Sale – Multiple Morphs Available,159.0,169.0,6.3
2026-04-12T07:19:14.695954+00:00,Big Apple Herp,big-apple-herp:blue-whites-blue-eyed-tree-frogs,Whites BLUE EYED Tree Frogs,54.95,42.95,21.8
2026-04-12T07:19:14.695954+00:00,Big Apple Herp,big-apple-herp:amber-corn-snakes,Amber Corn Snakes,79.0,74.95,5.1
2026-04-12T07:19:14.695954+00:00,Coast2Coast Beetles,coast2coast-beetles:xylotrupes-pachycera-adult-pair,Xylotrupes pachycera minor pair,60.0,100.0,66.7
2026-04-12T07:19:14.695954+00:00,Imperial Reptiles,imperial-reptiles:t-albino-chocolate-water-monitor-for-sale,T+ Albino “Chocolate” Water Monitor,3500.0,1999.99,42.9
2026-04-12T07:19:14.695954+00:00,Grow Organic,grow-organic:peaceful-valley-low-profile-habitat-blend-mix-lb,Peaceful Valley Low Profile Habitat Blend Mix (lb),7.49,25.99,247.0
2026-04-12T07:19:14.695954+00:00,Tar Heel Ants,tar-heel-ants:camponotus-chromaiodes-4-8-workersmini-hearth-bundle,Camponotus chromaiodes (6-8workers)w/ Mini Hearth Formicarium,95.0,100.99,6.3
2026-04-12T07:19:14.695954+00:00,Tar Heel Ants,tar-heel-ants:camponotus-chromaiodes-3-5-workers-queenants-only,"Camponotus chromaiodes (6-8 workers, queen)(Ants Only)",50.0,60.0,20.0
2026-04-12T07:19:14.695954+00:00,JMZ Butterfly Farm,jmz-butterfly-farm:luna-moth-eggs,Luna Moth Eggs,30.0,15.0,50.0
2026-04-12T07:19:14.695954+00:00,JMZ Butterfly Farm,jmz-butterfly-farm:atala-butterfly-caterpillars-or-chrysalis,Atala Butterfly Caterpillars or Chrysalis,45.0,40.0,11.1
2026-04-12T07:19:14.695954+00:00,JMZ Butterfly Farm,jmz-butterfly-farm:gulf-fritillary-caterpillar-or-chrysalis-preorder,Gulf Fritillary Caterpillar or Chrysalis,55.0,42.5,22.7
2026-04-12T07:19:14.695954+00:00,JMZ Butterfly Farm,jmz-butterfly-farm:pipevine-swallowtail-caterpillars-or-chrysalis,Pipevine Swallowtail Caterpillars or Chrysalis,85.0,42.5,50.0
2026-04-12T07:19:14.695954+00:00,JMZ Butterfly Farm,jmz-butterfly-farm:tiger-swallowtail-caterpillars-or-chrysalis,Tiger Swallowtail Caterpillars or Chrysalis,70.0,50.0,28.6
2026-04-12T07:19:14.695954+00:00,JMZ Butterfly Farm,jmz-butterfly-farm:monarch-caterpillars-or-chrysalis,Monarch Caterpillars or Chrysalis,65.0,45.0,30.8
2026-04-15T07:52:29.051074+00:00,USMANTIS,usmantis:fruit-flies-wingless,Fruit Flies Wingless Melanogaster culture,12.5,15.0,20.0
2026-04-15T07:52:29.051074+00:00,The Defiant Forest,the-defiant-forest:african-tailless-whipscorpion-damon-variegatus,"Giant African Whip Spider, Damon variegatus",30.0,28.0,6.7
2026-04-15T07:52:29.051074+00:00,Nature's Good Guys,natures-good-guys:protection-sleeves-sunlit-blossom-1,Protection Sleeves - Sunlit Blossom UPF 50+,22.0,26.99,22.7
2026-04-15T07:52:29.051074+00:00,Nature's Good Guys,natures-good-guys:protection-sleeves-forest-green,Protection Sleeves - Forest Green UPF 50+,22.0,26.99,22.7
2026-04-15T07:52:29.051074+00:00,Nature's Good Guys,natures-good-guys:protection-sleeves-golden-sunflower-upf-50,Protection Sleeves - Golden Sunflower - UPF 50+,24.0,26.99,12.5
2026-04-15T07:52:29.051074+00:00,Nature's Good Guys,natures-good-guys:protection-sleeves-monarch-upf-50,Protection Sleeves - Monarch - UPF 50+,22.0,26.99,22.7
2026-04-15T07:52:29.051074+00:00,Nature's Good Guys,natures-good-guys:protection-sleeves-fungi-upf-50,Protection Sleeves - Fungi - UPF 50+,22.0,26.99,22.7
2026-04-15T07:52:29.051074+00:00,Nature's Good Guys,natures-good-guys:protection-sleeves-veggie-upf-50,Protection Sleeves - Veggie - UPF 50+,22.0,26.99,22.7
2026-04-15T07:52:29.051074+00:00,Meme's Worms,memes-worms:european-nightcrawlers-100-pure,Bulk Pure European Nightcrawlers For Sale - Composting Worms - FREE SHIPPING,239.99,199.99,16.7
2026-04-15T07:52:29.051074+00:00,DubiaRoaches.com,dubiaroaches:medium-hornworm-24ct-case-of-12-auction-16,Medium Hornworm 24ct (Case Of 12) Auction,1.0,41.0,4000.0
2026-04-15T07:52:29.051074+00:00,DubiaRoaches.com,dubiaroaches:medium-discoid-roaches-500ct-auction-11,Medium Discoid Roaches 500ct Auction,1.0,21.0,2000.0
2026-04-15T07:52:29.051074+00:00,DubiaRoaches.com,dubiaroaches:hornworm-moth-pupa-sexed-pair-manduca-sexta-auction-3,Hornworm Moth Pupa Sexed Pair (Manduca sexta) Auction,1.0,3.0,200.0
2026-04-15T07:52:29.051074+00:00,DubiaRoaches.com,dubiaroaches:48x24x12-60-gallon-v2-auction-7,48x24x12 (60 Gallon) V2 Auction,1.0,155.0,15400.0
2026-04-15T07:52:29.051074+00:00,DubiaRoaches.com,dubiaroaches:medium-mealworm-500ct-auction-4,Medium Mealworm 500ct Auction,1.0,11.0,1000.0
2026-04-15T07:52:29.051074+00:00,DubiaRoaches.com,dubiaroaches:220w-heat-panel-reptile-habitat-auction-10,220w Heat Panel Reptile Habitat Auction,20.0,155.0,675.0
2026-04-15T07:52:29.051074+00:00,Flow Hive,flow-hive:flow-ideal-super,Flow Ideal Super,45.0,60.0,33.3
2026-04-15T07:52:29.051074+00:00,Fear Not Tarantulas,fear-not-tarantulas:phidippus-regius-jumping-spider-for-sale,"Phidippus regius (Regal Jumping Spider) Probable MALE about 1/2"" - 1"" CAPTIVE BORN AND RAISED",45.0,35.0,22.2
2026-04-15T07:52:29.051074+00:00,Fear Not Tarantulas,fear-not-tarantulas:fear-not-walk-in-the-park-journey-pack,"A Walk In The Park Journey Pack!  2 SPIDERLINGS WITH HABITATS. Perfect for any keeper, even first time tarantula keepers!  SEE DESCRIPTION! *ONE PER SHIPMENT*",85.0,125.0,47.1
2026-04-15T07:52:29.051074+00:00,Fear Not Tarantulas,fear-not-tarantulas:ornithoctoninae-sp-silver-tarantula,"Ornithoctoninae sp. Vietnam Silver Tarantula about 1 1/4"" - 1 1/2"" *** IN-STORE ONLY DUE TO PREMOLT AS OF 4/13 ***",65.0,79.0,21.5
2026-04-15T07:52:29.051074+00:00,Fear Not Tarantulas,fear-not-tarantulas:shipping-nearest-fedex-facility,Shipping to the nearest FedEx facility USE ONLY IF YOU HAVE AN ORDER PLACED AND FORGOT TO PAY SHIPPING!!!! You will have shipping options at checkout.,35.0,29.0,17.1
2026-04-15T07:52:29.051074+00:00,Exotics Source,exotics-source:regal-jumping-spider-poppy,Regal Jumping Spider “Poppy”,75.0,95.0,26.7
2026-04-15T07:52:29.051074+00:00,Exotics Source,exotics-source:regal-jumping-spider-sterling,Regal Jumping Spider “Sterling”,75.0,95.0,26.7
2026-04-15T07:52:29.051074+00:00,Exotics Source,exotics-source:regal-jumping-spider-sable,Regal Jumping Spider “Sable”,75.0,95.0,26.7
2026-04-15T07:52:29.051074+00:00,Exotics Source,exotics-source:regal-jumping-spider-vixen,Regal Jumping Spider “Vixen”,75.0,95.0,26.7
2026-04-15T07:52:29.051074+00:00,Exotics Source,exotics-source:regal-jumping-spider-bumble,"Regal Jumping Spider ""Bumble""",75.0,95.0,26.7
2026-04-15T07:52:29.051074+00:00,Exotics Source,exotics-source:regal-jumping-spider-manzana,"Regal Jumping Spider ""Manzana""",75.0,95.0,26.7
2026-04-15T07:52:29.051074+00:00,Exotics Source,exotics-source:regal-jumping-spider-snowball,"Regal Jumping Spider ""Snowball""",75.0,95.0,26.7
2026-04-15T07:52:29.051074+00:00,Exotics Source,exotics-source:regal-jumping-spider-jasmine,"Regal Jumping Spider ""Jasmine""",75.0,65.0,13.3
2026-04-15T07:52:29.051074+00:00,Exotics Source,exotics-source:regal-jumping-spider-grape,"Regal Jumping Spider ""Grape""",75.0,95.0,26.7
2026-04-15T07:52:29.051074+00:00,Exotics Source,exotics-source:regal-jumping-spider-plum,"Regal Jumping Spider ""Plum""",75.0,95.0,26.7
2026-04-15T07:52:29.051074+00:00,Exotics Source,exotics-source:regal-jumping-spider-coconut-1,"Regal Jumping Spider ""Coconut""",75.0,95.0,26.7
2026-04-15T07:52:29.051074+00:00,Exotics Source,exotics-source:regal-jumping-spider-angel,"Regal Jumping Spider ""Angel""",75.0,95.0,26.7
2026-04-15T07:52:29.051074+00:00,Exotics Source,exotics-source:regal-jumping-spider-pepper,"Regal Jumping Spider ""Pepper""",75.0,95.0,26.7
2026-04-15T07:52:29.051074+00:00,Exotics Source,exotics-source:regal-jumping-spider-cupid,"Regal Jumping Spider ""Cupid""",75.0,95.0,26.7
2026-04-15T07:52:29.051074+00:00,Praying Mantis Shop,praying-mantis-shop:silkworms-extra-small,Silkworms - Small,12.5,11.5,8.0
2026-04-15T07:52:29.051074+00:00,Buddha Bugs,buddha-bugs:aphonopelma-hentzi-texas-brown-tarantula-for-sale,"Aphonopelma hentzi (Texas brown tarantula) 0.33""",15.0,25.0,66.7
2026-04-15T07:52:29.051074+00:00,Big Apple Herp,big-apple-herp:banana-ball-pythons-for-sale,Banana Ball Pythons for Sale – Multiple Morphs Available,229.95,219.95,4.3
2026-04-15T07:52:29.051074+00:00,Big Apple Herp,big-apple-herp:ambilobe-panther-chameleons,Ambilobe Panther Chameleons,389.95,409.95,5.1
2026-04-15T07:52:29.051074+00:00,Big Apple Herp,big-apple-herp:schneider-s-dwarf-caimans,Dwarf Caimans,349.95,389.95,11.4
2026-04-15T07:52:29.051074+00:00,Big Apple Herp,big-apple-herp:smooth-front-caiman,Smooth Front Dwarf Caimans,369.0,339.95,7.9
2026-04-15T07:52:29.051074+00:00,Big Apple Herp,big-apple-herp:salamanders-for-sale,Salamanders (Various Species),29.95,27.95,6.7
2026-04-15T07:52:29.051074+00:00,Rubber Ducky Isopods,rubber-ducky-isopods:rubber-ducky-isopods,"""Rubber Ducky OG "" SOUGHT AFTER Designer Isopods (Cubaris sp)  6 Count",149.49,119.49,20.1
2026-04-15T07:52:29.051074+00:00,Tar Heel Ants,tar-heel-ants:formica-subsericea-queen-and-colony-2nd-year,Formica subsericea Queen and Colony (4-6 workers),55.0,60.0,9.1
2026-04-15T07:52:29.051074+00:00,Tar Heel Ants,tar-heel-ants:pogonomyrmex-occidentalis-bundle-40-workersfallen-fortress-bundle,"Pogonomyrmex occidentalis Bundle (40+ workers, Queen)(Fallen Fortress Bundle)",169.99,159.99,5.9
2026-04-15T07:52:29.051074+00:00,JMZ Butterfly Farm,jmz-butterfly-farm:luna-moth-eggs,Luna Moth Eggs,15.0,60.0,300.0
2026-04-15T07:52:29.051074+00:00,JMZ Butterfly Farm,jmz-butterfly-farm:atala-butterfly-caterpillars-or-chrysalis,Atala Butterfly Caterpillars or Chrysalis,40.0,45.0,12.5
2026-04-15T07:52:29.051074+00:00,JMZ Butterfly Farm,jmz-butterfly-farm:gulf-fritillary-caterpillar-or-chrysalis-preorder,Gulf Fritillary Caterpillar or Chrysalis,42.5,55.0,29.4
2026-04-15T07:52:29.051074+00:00,JMZ Butterfly Farm,jmz-butterfly-farm:pipevine-swallowtail-caterpillars-or-chrysalis,Pipevine Swallowtail Caterpillars or Chrysalis,42.5,85.0,100.0
2026-04-15T07:52:29.051074+00:00,JMZ Butterfly Farm,jmz-butterfly-farm:tiger-swallowtail-caterpillars-or-chrysalis,Tiger Swallowtail Caterpillars or Chrysalis,50.0,70.0,40.0
2026-04-15T07:52:29.051074+00:00,JMZ Butterfly Farm,jmz-butterfly-farm:monarch-caterpillars-or-chrysalis,Monarch Caterpillars or Chrysalis,45.0,65.0,44.4
2026-04-15T07:52:29.051074+00:00,Terrarium Tribe,terrarium-tribe:activated-charcoal,Activated Charcoal for Terrariums (Fine Grade),8.95,6.95,22.3
2026-04-19T07:24:23.976847+00:00,The Defiant Forest,the-defiant-forest:socotra-island-blue-baboon-tarantula-monocentropus-balfouri,"Socotra Island Blue Baboon Tarantula, Monocentropus balfouri",44.0,42.0,4.5
2026-04-19T07:24:23.976847+00:00,The Defiant Forest,the-defiant-forest:mexican-giant-red-knee-tarantulas,"Mexican Giant Red Knee Tarantula, Brachypelma smithi",49.0,85.0,73.5
2026-04-19T07:24:23.976847+00:00,Ty Dye Exotics,ty-dye-exotics:phormictopus-sp-dominican-purple-dominican-purple-birdeater-tarantula-stunning-caribbean-species-live-arrival-guarantee-1,Phormingochilus arboricola – Borneo Black Tarantula | Rare Arboreal Species | Live Arrival Guarantee,57.99,64.99,12.1
2026-04-19T07:24:23.976847+00:00,Ty Dye Exotics,ty-dye-exotics:lychas-mucronatus-chinese-swimming-scorpion-remarkable-aquatic-bark-scorpion-live-arrival-guarantee,Lychas mucronatus – Chinese Swimming Scorpion | Remarkable Aquatic Bark Scorpion | Live Arrival Guarantee,37.99,25.99,31.6
2026-04-19T07:24:23.976847+00:00,Ty Dye Exotics,ty-dye-exotics:thrixopelma-pruriens-peruvian-green-velvet-tarantula-emerald-desert-jewel-live-arrival-guarantee,Ewok pruriens – Peruvian Green Velvet Tarantula | Emerald Desert Jewel | Live Arrival Guarantee,39.99,27.99,30.0
2026-04-19T07:24:23.976847+00:00,Ty Dye Exotics,ty-dye-exotics:parabuthus-villosus-black-black-hairy-thick-tail-scorpion-largest-buthid-on-the-planet-live-arrival-guarantee,Parabuthus villosus 'Black' – Black Hairy Thick Tail Scorpion | Largest Buthid on the Planet | Live Arrival Guarantee,59.99,64.99,8.3
2026-04-19T07:24:23.976847+00:00,Ty Dye Exotics,ty-dye-exotics:cyriopagopus-sp-valhalla-emerald-shadow-tree-spider-for-sale-live-arrival-guarantee,Cyriopagopus sp Valhalla - Emerald Shadow Tree Spider for Sale | Live Arrival Guarantee,154.99,197.99,27.7
2026-04-19T07:24:23.976847+00:00,Ty Dye Exotics,ty-dye-exotics:monocentropus-balfouri-socotra-island-blue-tarantula-for-sale-live-arrival-guarantee,Monocentropus balfouri - Socotra Island Blue Tarantula for Sale | Live Arrival Guarantee,47.99,49.99,4.2
2026-04-19T07:24:23.976847+00:00,Ty Dye Exotics,ty-dye-exotics:vitalius-chromatus-brazilian-red-white-tarantula-candy-cane-beauty-live-arrival-guarantee,Vitalius chromatus – Brazilian Red & White Tarantula | Candy Cane Beauty | Live Arrival Guarantee,31.99,43.99,37.5
2026-04-19T07:24:23.976847+00:00,Ty Dye Exotics,ty-dye-exotics:ewok-kimraykawsaki-peruvian-royalty-tarantula-stunning-high-altitude-beauty-live-arrival-guarantee,Ewok kimraykawsaki – Peruvian Royalty Tarantula | Stunning High-Altitude Beauty | Live Arrival Guarantee,124.99,144.99,16.0
2026-04-19T07:24:23.976847+00:00,Ty Dye Exotics,ty-dye-exotics:eresus-walckenaeri-greek-velvet-spider-adorable-plushy-spood-live-arrival-guarantee,Eresus walckenaeri – Greek Velvet Spider | Adorable Live Plushy Spood | Live Arrival Guarantee,68.99,69.99,1.4
2026-04-19T07:24:23.976847+00:00,Ty Dye Exotics,ty-dye-exotics:megaphobema-sp-white-colombian-giant-white-leg-tarantula-rare-terrestrial-giant-live-arrival-guarantee,Megaphobema sp White – Colombian Giant White Leg Tarantula | Rare Terrestrial Giant | Live Arrival Guarantee,224.99,249.99,11.1
2026-04-19T07:24:23.976847+00:00,Ty Dye Exotics,ty-dye-exotics:tapinauchenius-plumipes-violet-tree-spider-mahogany-tree-spider-stunning-arboreal-species-live-arrival-guarantee,Tapinauchenius plumipes – Violet Tree Spider | Mahogany Tree Spider | Stunning Arboreal Species | Live Arrival Guarantee,37.99,41.99,10.5
2026-04-19T07:24:23.976847+00:00,Ty Dye Exotics,ty-dye-exotics:psalmopoeus-emeraldus-esmeraldus-birdeater-green-chevron-beauty-live-arrival-guarantee,Psalmopoeus emeraldus – Emerald Chevron Tarantula | Green Chevron Beauty | Live Arrival Guarantee,64.99,79.99,23.1
2026-04-19T07:24:23.976847+00:00,Ty Dye Exotics,ty-dye-exotics:pelinobius-muticus-king-baboon-tarantula-massive-african-species-live-arrival-guarantee,Pelinobius muticus – King Baboon Tarantula | Massive African Species | Live Arrival Guarantee,53.99,57.99,7.4
2026-04-19T07:24:23.976847+00:00,Ty Dye Exotics,ty-dye-exotics:ceratogyrus-darlingi-rear-horned-baboon,Ceratogyrus darlingi - Rear Horned Baboon Tarantula for Sale | Live Arrival Guarantee,37.99,41.99,10.5
2026-04-19T07:24:23.976847+00:00,Ty Dye Exotics,ty-dye-exotics:pamphobeteus-sp-machala-colombian-purple-bloom-birdeater-tarantula-purple-velvet-giant-live-arrival-guarantee,Pamphobeteus sp Machala – Purple Bloom Birdeater Tarantula | Purple Velvet Giant | Live Arrival Guarantee,79.99,84.99,6.3
2026-04-19T07:24:23.976847+00:00,Ty Dye Exotics,ty-dye-exotics:cyriocosmus-elegans-trinidad-dwarf-tarantula-adorable-heart-butt-dwarf-live-arrival-guarantee,Cyriocosmus elegans – Trinidad Dwarf Tarantula | Adorable Heart Butt Dwarf | Live Arrival Guarantee,41.99,27.75,33.9
2026-04-19T07:24:23.976847+00:00,Ty Dye Exotics,ty-dye-exotics:aphonopelma-chalcodes-arizona-blonde-tarantula-live-arrival-guarantee,Aphonopelma chalcodes – Arizona Blonde Tarantula | Among the Most Handleable Tarantulas | Live Arrival Guarantee,67.99,29.99,55.9
2026-04-19T07:24:23.976847+00:00,Ty Dye Exotics,ty-dye-exotics:teruelius-grandidieri-madagascan-black-scorpion-rare-madagascar-species-live-arrival-guarantee,Teruelius grandidieri – Madagascan Black Scorpion | Rare Madagascar Species | Live Arrival Guarantee,49.99,57.99,16.0
2026-04-19T07:24:23.976847+00:00,Ty Dye Exotics,ty-dye-exotics:hottentotta-gentili-central-clade-black-alligator-back-scorpion-large-moroccan-species-live-arrival-guarantee,Hottentotta gentili 'Central Clade' – Black Alligator Back Scorpion | Large Moroccan Species | Live Arrival Guarantee,59.99,64.99,8.3
2026-04-19T07:24:23.976847+00:00,Ty Dye Exotics,ty-dye-exotics:hottentotta-caboverdensis-cape-verde-alligator-back-scorpion-rare-parthenogenic-species-live-arrival-guarantee,Hottentotta caboverdensis – Cape Verde Alligator Back Scorpion | Rare Parthenogenic Species | Live Arrival Guarantee,49.99,54.99,10.0
2026-04-19T07:24:23.976847+00:00,Ty Dye Exotics,ty-dye-exotics:phormingochilus-sp-sabah-red-crimson-purple-bat-eater-tarantula-rare-malaysian-species-live-arrival-guarantee,Phormingochilus sp Sabah Red – Crimson Purple Bat Eater Tarantula | Rare Malaysian Species | Live Arrival Guarantee,97.99,108.99,11.2
2026-04-19T07:24:23.976847+00:00,Ty Dye Exotics,ty-dye-exotics:orphnaecus-sp-merinduque-purple-merinduque-purple-tarantula-rare-philippine-species-live-arrival-guarantee,"Orphnaecus sp. ""Merinduque Purple"" – Merinduque Purple Tarantula | Rare Philippine Species | Live Arrival Guarantee",64.99,74.99,15.4
2026-04-19T07:24:23.976847+00:00,Ty Dye Exotics,ty-dye-exotics:omothymus-violaceopes-singapore-blue-tarantula-stunning-blue-species-live-arrival-guarantee,Omothymus violaceopes – Singapore Blue Tarantula | Stunning Blue Species | Live Arrival Guarantee,54.99,41.99,23.6
2026-04-19T07:24:23.976847+00:00,Ty Dye Exotics,ty-dye-exotics:ischnocolus-vanandelae-omani-golden-tiger-tarantula-for-sale-live-arrival-guarantee,Ischnocolus vanandelae - Omani Golden Tiger Tarantula for Sale | Live Arrival Guarantee,51.99,57.99,11.5
2026-04-19T07:24:23.976847+00:00,Ty Dye Exotics,ty-dye-exotics:ischnocolus-jickelii-blue-dhofar-blue-dwarf-tarantula-for-sale-live-arrival-guarantee,Ischnocolus jickelii 'Blue' - Dhofar Blue Dwarf Tarantula for Sale | Live Arrival Guarantee,154.99,85.0,45.2
2026-04-19T07:24:23.976847+00:00,Ty Dye Exotics,ty-dye-exotics:homoeomma-orellanai-chilean-yellow-flame-tarantula-for-sale-live-arrival-guarantee,Homoeomma orellanai - Chilean Yellow Flame Tarantula for Sale | Live Arrival Guarantee,174.99,125.0,28.6
2026-04-19T07:24:23.976847+00:00,Ty Dye Exotics,ty-dye-exotics:harpactirella-overdijki-overdijkis-lesser-baboon-tarantula-for-sale-live-arrival-guarantee,Harpactirella overdijki - Overdijki's Lesser Baboon Tarantula for Sale | Live Arrival Guarantee,87.99,89.99,2.3
2026-04-19T07:24:23.976847+00:00,Ty Dye Exotics,ty-dye-exotics:harpactira-pulchripes-golden-blue-leg-baboon-tarantula-for-sale-live-arrival-guarantee,Harpactira pulchripes - Golden Blue Leg Baboon Tarantula for Sale | Live Arrival Guarantee,57.99,64.99,12.1
2026-04-19T07:24:23.976847+00:00,Ty Dye Exotics,ty-dye-exotics:harpactira-marksi-elizabethfontein-baboon-tarantula-for-sale-live-arrival-guarantee,Harpactira marksi - Elizabethfontein Baboon Tarantula for Sale | Live Arrival Guarantee,87.99,89.99,2.3
2026-04-19T07:24:23.976847+00:00,Ty Dye Exotics,ty-dye-exotics:grammostola-pulchripes-chaco-golden-knee-tarantula-for-sale-live-arrival-guarantee,Grammostola pulchripes - Chaco Golden Knee Tarantula for Sale | Live Arrival Guarantee,37.99,39.99,5.3
2026-04-19T07:24:23.976847+00:00,Ty Dye Exotics,ty-dye-exotics:grammostola-pulchra-brazilian-black-tarantula-for-sale-live-arrival-guarantee,Grammostola pulchra - Brazilian Black Tarantula for Sale | Live Arrival Guarantee,87.99,59.99,31.8
2026-04-19T07:24:23.976847+00:00,Ty Dye Exotics,ty-dye-exotics:ceratogyrus-sanderi-namibian-horned-baboon-tarantula-for-sale-live-arrival-guarantee,Ceratogyrus sanderi - Namibian Horned Baboon Tarantula for Sale | Live Arrival Guarantee,54.99,57.99,5.5
2026-04-19T07:24:23.976847+00:00,Ty Dye Exotics,ty-dye-exotics:avicularia-purpurea-purple-pink-toe-tarantula-for-sale-live-arrival-guarantee,Avicularia purpurea - Purple Pink Toe Tarantula for Sale | Live Arrival Guarantee,69.99,50.0,28.6
2026-04-19T07:24:23.976847+00:00,Ty Dye Exotics,ty-dye-exotics:chilobrachys-huahini-asain-fawn,Chilobrachys huahini - Asian Fawn Tarantula for Sale | Live Arrival Guarantee,34.99,39.99,14.3
2026-04-19T07:24:23.976847+00:00,Crown Bees,crown-bees:speedy-bee-lawn-seed-kit,Speedy Bee Lawn Seed Kit,39.99,29.99,25.0
2026-04-19T07:24:23.976847+00:00,Crown Bees,crown-bees:bee-lawn-seed-kit-easy-spread-shaker,Bee Lawn Seed Kit - Easy Spread Shaker,44.99,34.99,22.2
2026-04-19T07:24:23.976847+00:00,Crown Bees,crown-bees:thick-bee-lawn-seed-kit,Thick Bee Lawn Seed Kit,39.99,29.99,25.0
2026-04-19T07:24:23.976847+00:00,Crown Bees,crown-bees:micro-bee-lawn-seed-mixture-easy-spread-shaker,Micro Bee Lawn Seed Mixture - Easy Spread Shaker,54.99,44.99,18.2
2026-04-19T07:24:23.976847+00:00,Crown Bees,crown-bees:creeping-thyme-seed-pouch,Creeping Thyme Seed Pouch,14.99,9.99,33.4
2026-04-19T07:24:23.976847+00:00,Crown Bees,crown-bees:self-heal-seed-pouch,Self-Heal Seed Pouch,14.99,9.99,33.4
2026-04-19T07:24:23.976847+00:00,Crown Bees,crown-bees:white-yarrow-seed-pouch,White Yarrow Seed Pouch,4.99,3.99,20.0
2026-04-19T07:24:23.976847+00:00,Crown Bees,crown-bees:tri-color-clover-seed-easy-spread-shaker,Tri-Color Clover Seed Easy Spread Shaker,29.99,24.99,16.7
2026-04-19T07:24:23.976847+00:00,Insect Lore,insect-lore:pollinator-pods-copy,Pollinator Pods - Special Offer!,5.99,6.99,16.7
2026-04-19T07:24:23.976847+00:00,Meme's Worms,memes-worms:bulk-eisenia-andrei-red-wiggler-composting-worms,Bulk Pure Red Wiggler Composting Worms - FREE SHIPPING,428.99,599.99,39.9
2026-04-19T07:24:23.976847+00:00,DubiaRoaches.com,dubiaroaches:zoo-med-super-deluxe-10-stainless-steel-feeding-tongs-auction-18,Zoo Med Super Deluxe 10″ Stainless Steel Feeding Tongs Auction,1.0,4.0,300.0
2026-04-19T07:24:23.976847+00:00,DubiaRoaches.com,dubiaroaches:large-discoid-250ct-auction-22,Large Discoid 250ct Auction,1.0,30.0,2900.0
2026-04-19T07:24:23.976847+00:00,DubiaRoaches.com,dubiaroaches:medium-hornworm-24ct-case-of-12-auction-17,Medium Hornworm 24ct (Case Of 12) Auction,1.0,45.0,4400.0
2026-04-19T07:24:23.976847+00:00,DubiaRoaches.com,dubiaroaches:36x18x18-v3-50-gallon-auction-7,36x18x18 V3 (50 Gallon) Auction,30.0,181.0,503.3
2026-04-19T07:24:23.976847+00:00,DubiaRoaches.com,dubiaroaches:live-hornworm-moth-pupa-sexed-pair-manduca-sexta-auction-28,Live Hornworm Moth Pupa Sexed Pair (Manduca sexta) Auction,1.0,7.0,600.0
2026-04-19T07:24:23.976847+00:00,DubiaRoaches.com,dubiaroaches:80w-heat-panel-reptile-habitat-auction-16,80w Heat Panel Reptile Habitat Auction,20.0,115.0,475.0
2026-04-19T07:24:23.976847+00:00,Fear Not Tarantulas,fear-not-tarantulas:eresus-walckenaeri-ladybird-spider-velvet-spider-for-sale,"Eresus walckenaeri Orange Ring (Ladybird Spider, Velvet Spider) about 1/8"" - 1/4"" Includes habitat!",50.0,75.0,50.0
2026-04-19T07:24:23.976847+00:00,Exotics Source,exotics-source:regal-jumping-spider-jelly-bean,"Regal Jumping Spider ""Jelly Bean""",75.0,95.0,26.7
2026-04-19T07:24:23.976847+00:00,Exotics Source,exotics-source:copy-of-regal-jumping-spider-keylime,"Regal Jumping Spider ""Keylime""",95.0,75.0,21.1
2026-04-19T07:24:23.976847+00:00,Exotics Source,exotics-source:regal-jumping-spider-taffy,"Regal Jumping Spider ""Taffy""",95.0,75.0,21.1
2026-04-19T07:24:23.976847+00:00,Exotics Source,exotics-source:regal-jumping-spider-bessy,"Regal Jumping Spider ""Bessy""",75.0,95.0,26.7
2026-04-19T07:24:23.976847+00:00,Spider Shoppe,spider-shoppe:eublepharis-macularius-leopard-gecko-tremper-sunglow-female,Eublepharis macularius (Leopard Gecko) MIXED,180.0,52.0,71.1
2026-04-19T07:24:23.976847+00:00,Spider Shoppe,spider-shoppe:eublepharis-macularius-leopard-gecko-black-night-female-1,Eublepharis macularius (Leopard Gecko) Black Night,498.0,398.0,20.1
2026-04-19T07:24:23.976847+00:00,Spider Shoppe,spider-shoppe:scorpiops-validus-yunnan-rock-scorpion-1-2,Scorpiops validus (Yunnan Rock Scorpion),34.0,48.0,41.2
2026-04-19T07:24:23.976847+00:00,Spider Shoppe,spider-shoppe:scolopendra-mutilans-gold-gold-red-head-4,Scolopendra mutilans 'Gold' (Gold Red Head),78.0,68.0,12.8
2026-04-19T07:24:23.976847+00:00,Spider Shoppe,spider-shoppe:scolopendra-mutilans-red-head-centipede-3,Scolopendra mutilans (Red Head Centipede),34.0,28.0,17.6
2026-04-19T07:24:23.976847+00:00,Spider Shoppe,spider-shoppe:scolopendra-dehaani-china-chinese-beauty-centipede-1-5-6,Scolopendra dehaani 'China' (Giant Chinese Centipede),24.0,44.0,83.3
2026-04-19T07:24:23.976847+00:00,Spider Shoppe,spider-shoppe:lychas-maculatus-chinese-swimming-scorpion-1-2,Lychas mucronatus (Chinese Swimming Scorpion),12.0,28.0,133.3
2026-04-19T07:24:23.976847+00:00,Spider Shoppe,spider-shoppe:liocheles-australasiae-dwarf-wood-scorpion-0-25,"Liocheles australasiae (Dwarf Wood Scorpion) 0.5-1""",28.0,38.0,35.7
2026-04-19T07:24:23.976847+00:00,Spider Shoppe,spider-shoppe:aphonopelma-crinirufum-costa-rican-blue-front-2-5-3-pairs,Aphonopelma crinirufum (Costa Rican Blue Front),48.0,38.0,20.8
2026-04-19T07:24:23.976847+00:00,Spider Shoppe,spider-shoppe:bonnetina-tanzeri-michoacan-red-rump-1-5-2-females,Bonnetina tanzeri (Michoacan Red Rump),48.0,36.0,25.0
2026-04-19T07:24:23.976847+00:00,Spider Shoppe,spider-shoppe:augacephalus-junodi-golden-baboon-0-5,Augacephalus junodi (Golden Baboon),58.0,248.0,327.6
2026-04-19T07:24:23.976847+00:00,FangzTV,fangztv:brachypelma-albiceps-mexican-golden-red-rump-4,Brachypelma albiceps Mexican Golden Red Rump .25'',50.0,30.0,40.0
2026-04-19T07:24:23.976847+00:00,FangzTV,fangztv:phormictopus-sp-green-femur-green-femur-1,"Phormictopus sp. Green Gold Carapace 1""",65.0,75.0,15.4
2026-04-19T07:24:23.976847+00:00,FangzTV,fangztv:hysterocrates-gigas-2-cameroon-red-baboon-tarantula,Hysterocrates Gigas  Cameroon Red Baboon Tarantula 2'',20.0,30.0,50.0
2026-04-19T07:24:23.976847+00:00,FangzTV,fangztv:lasiocyano-sazimai-brazilian-blue-tarantula-5,Lasiocyano sazimai Brazilian Blue tarantula .25'',30.0,15.0,50.0
2026-04-19T07:24:23.976847+00:00,FangzTV,fangztv:ceratogyrus-marshalli-straight-horned-baboon-1-75,Ceratogyrus marshalli Straight Horned Baboon 2'',30.0,80.0,166.7
2026-04-19T07:24:23.976847+00:00,FangzTV,fangztv:phormictopus-sp-dominican-purple-1,Phormictopus sp 'Dominican Purple 1'',85.0,60.0,29.4
2026-04-19T07:24:23.976847+00:00,FangzTV,fangztv:nhandu-chromatus-brazilian-red-white-tarantula-25,Vitalius  (Nhandu) chromatus Brazilian red & white tarantula .25'',20.0,10.0,50.0
2026-04-19T07:24:23.976847+00:00,FangzTV,fangztv:tliltocatl-albopilosum-honduran-curlyhair-tarantula-75,Tliltocatl albopilosus Honduran curlyhair tarantula .75'',10.0,15.0,50.0
2026-04-19T07:24:23.976847+00:00,FangzTV,fangztv:poecilotheria-metallica-75-gooty-ornamental,"Poecilotheria metallica Gooty Ornamental 1""",100.0,98.0,2.0
2026-04-19T07:24:23.976847+00:00,FangzTV,fangztv:brachypelma-emilia-2-mexican-red-leg-tarantula,Brachypelma emilia 2'' Mexican Red Leg tarantula,85.0,90.0,5.9
2026-04-19T07:24:23.976847+00:00,FangzTV,fangztv:chilobrachys-huahini-asian-giant-fawn-tarantula-1,Chilobrachys Vietnam Blue tarantula 2'',20.0,25.0,25.0
2026-04-19T07:24:23.976847+00:00,Big Apple Herp,big-apple-herp:albino-checkered-garter-snakes,Albino Checkered Garter Snakes,199.95,189.95,5.0
2026-04-19T07:24:23.976847+00:00,Big Apple Herp,big-apple-herp:eastern-garter-snakes,Eastern Garter Snakes,99.95,49.95,50.0
2026-04-19T07:24:23.976847+00:00,Big Apple Herp,big-apple-herp:copy-of-albino-honduran-milksnakes,Snow Honduran Milksnakes,219.95,229.95,4.5
2026-04-19T07:24:23.976847+00:00,Coast2Coast Beetles,coast2coast-beetles:turkey-tail-kinshi-kawaratake-32oz-deli-cup,Turkey Tail Kinshi (Kawaratake) 32oz Deli Cup,10.0,15.0,50.0
2026-04-19T07:24:23.976847+00:00,Coast2Coast Beetles,coast2coast-beetles:hiratake-kinshi-oyster-mushroom,Hiratake Kinshi (oyster mushroom),10.0,15.0,50.0
2026-04-19T07:24:23.976847+00:00,Rubber Ducky Isopods,rubber-ducky-isopods:microforest-lite-bioactive-soil-substrate,Microforest Lite Soil | Bioactive Substrate,19.49,23.49,20.5
2026-04-19T07:24:23.976847+00:00,The World of Isopods,the-world-of-isopods:ivory-spikey,Ivory Spikeys,600.0,500.0,16.7
2026-04-19T07:24:23.976847+00:00,Tar Heel Ants,tar-heel-ants:camponotus-chromaiodes-4-8-workersmini-hearth-bundle,Camponotus chromaiodes (6-8workers)w/ Mini Hearth Formicarium,100.99,95.99,5.0
2026-04-19T07:24:23.976847+00:00,Tar Heel Ants,tar-heel-ants:camponotus-chromaiodes-3-5-workers-queenants-only,"Camponotus chromaiodes (6-8 workers, queen)(Ants Only)",60.0,55.0,8.3
2026-04-19T07:24:23.976847+00:00,Tar Heel Ants,tar-heel-ants:formica-subsericea-queen-and-colony-2nd-year,Formica subsericea Queen and Colony (4-6 workers),60.0,55.0,8.3
2026-04-19T07:24:23.976847+00:00,AntGear,antgear:antquarters,Antquarters &#8211; Nests that Connect,34.99,44.99,28.6
2026-04-22T07:53:45.623869+00:00,The Defiant Forest,the-defiant-forest:brazilian-jewel-tarantulas-typhochlaena-seladonia,"Brazilian Jewel Tarantulas, Typhochlaena seladonia",245.0,300.0,22.4
2026-04-22T07:53:45.623869+00:00,Exotics Unlimited,exotics-unlimited:copy-of-copy-of-terrestrial-cube-5-5w-x-5-5l-x-5-5t,"6"" Cube Enclosure (Includes Ground Shipping)",50.0,39.99,20.0
2026-04-22T07:53:45.623869+00:00,Exotics Unlimited,exotics-unlimited:7-x-12-round-tower-ground-shipping-included,"7"" x 10"" Round Tower (Ground Shipping Included)",70.0,59.99,14.3
2026-04-22T07:53:45.623869+00:00,Exotics Unlimited,exotics-unlimited:arboreal-terrestrial-round-tower-10w-x-12t,"10""x 12"" Round Tower Enclosure With Daylight LEDs (Ground Shipping Included)",90.0,79.99,11.1
2026-04-22T07:53:45.623869+00:00,Exotics Unlimited,exotics-unlimited:arboreal-round-tower-11-5w-x-12t,"11""x 12"" Round Tower Enclosure With Daylight LEDs (Ground Shipping Included)",100.0,89.99,10.0
2026-04-22T07:53:45.623869+00:00,Exotics Unlimited,exotics-unlimited:copy-of-terrestrial-cube-8-5w-x-8-5l-x-12t,"9""x9""x12"" Square Tower Enclosure with Daylight LEDs (Ground Shipping Included)",85.0,74.99,11.8
2026-04-22T07:53:45.623869+00:00,Exotics Unlimited,exotics-unlimited:terrestrial-sling-round-tower-8-25w-x-12t,"7"" x 7"" Round Tower (Usps Ground Shipping Included)",60.0,49.99,16.7
2026-04-22T07:53:45.623869+00:00,Exotics Unlimited,exotics-unlimited:terrestrial-cube-5-5w-x-5-5l-x-9-75t,"6"" x 6"" x 8"" Square Tower Enclosure (Usps Ground Shipping Included)",60.0,49.99,16.7
2026-04-22T07:53:45.623869+00:00,Exotics Unlimited,exotics-unlimited:arboreal-round-tower-8-25w-x-12t,"8"" x 12"" Round Tower Enclosure with Daylight LEDs",85.0,74.99,11.8
2026-04-22T07:53:45.623869+00:00,Exotics Unlimited,exotics-unlimited:deluxe-arboreal-square-6w-x-6l-x-10t,"6"" x 6"" x 10"" Deluxe Square Tower Enclosure With Hygrometer & Thermometer (Ground Shipping Included)",75.0,65.0,13.3
2026-04-22T07:53:45.623869+00:00,Exotics Unlimited,exotics-unlimited:deluxe-arboreal-square-12w-x-12l-x-12t,"8""x8""x12"" Deluxe Square Tower Enclosure With Hygrometer/Thermometer AND Daylight LEDs (Ground Shipping Included)",90.0,79.99,11.1
2026-04-22T07:53:45.623869+00:00,Exotics Unlimited,exotics-unlimited:copy-of-terrestrial-cube-5-5w-x-5-5l-x-7-75t,"7""x7""x10"" Square Tower Enclosure (Ground Shipping Included)",70.0,59.99,14.3
2026-04-22T07:53:45.623869+00:00,Ty Dye Exotics,ty-dye-exotics:thrixopelma-pruriens-peruvian-green-velvet-tarantula-emerald-desert-jewel-live-arrival-guarantee,Ewok pruriens – Peruvian Green Velvet Tarantula | Emerald Desert Jewel | Live Arrival Guarantee,27.99,39.99,42.9
2026-04-22T07:53:45.623869+00:00,Ty Dye Exotics,ty-dye-exotics:cyriocosmus-elegans-trinidad-dwarf-tarantula-adorable-heart-butt-dwarf-live-arrival-guarantee,Cyriocosmus elegans – Trinidad Dwarf Tarantula | Adorable Heart Butt Dwarf | Live Arrival Guarantee,27.75,41.99,51.3
2026-04-22T07:53:45.623869+00:00,Ty Dye Exotics,ty-dye-exotics:omothymus-violaceopes-singapore-blue-tarantula-stunning-blue-species-live-arrival-guarantee,Omothymus violaceopes – Singapore Blue Tarantula | Stunning Blue Species | Live Arrival Guarantee,41.99,54.99,31.0
2026-04-22T07:53:45.623869+00:00,Ty Dye Exotics,ty-dye-exotics:ischnocolus-jickelii-blue-dhofar-blue-dwarf-tarantula-for-sale-live-arrival-guarantee,Ischnocolus jickelii 'Blue' - Dhofar Blue Dwarf Tarantula for Sale | Live Arrival Guarantee,85.0,154.99,82.3
2026-04-22T07:53:45.623869+00:00,Ty Dye Exotics,ty-dye-exotics:homoeomma-orellanai-chilean-yellow-flame-tarantula-for-sale-live-arrival-guarantee,Homoeomma orellanai - Chilean Yellow Flame Tarantula for Sale | Live Arrival Guarantee,125.0,174.99,40.0
2026-04-22T07:53:45.623869+00:00,Ty Dye Exotics,ty-dye-exotics:grammostola-pulchra-brazilian-black-tarantula-for-sale-live-arrival-guarantee,Grammostola pulchra - Brazilian Black Tarantula for Sale | Live Arrival Guarantee,59.99,87.99,46.7
2026-04-22T07:53:45.623869+00:00,Ty Dye Exotics,ty-dye-exotics:avicularia-purpurea-purple-pink-toe-tarantula-for-sale-live-arrival-guarantee,Avicularia purpurea - Purple Pink Toe Tarantula for Sale | Live Arrival Guarantee,50.0,69.99,40.0
2026-04-22T07:53:45.623869+00:00,Crown Bees,crown-bees:creeping-thyme-seed-pouch,Creeping Thyme Seed Pouch,9.99,14.99,50.1
2026-04-22T07:53:45.623869+00:00,Nature's Good Guys,natures-good-guys:corona-comfortgel-scoop,Corona CT 3264 ComfortGel Stainless Steel Scoop,12.5,14.5,16.0
2026-04-22T07:53:45.623869+00:00,Nature's Good Guys,natures-good-guys:safer-home-pantry-pest-trap,Safer Home Pantry Pest Trap & Lure - 2 Pack,11.5,12.99,13.0
2026-04-22T07:53:45.623869+00:00,Nature's Good Guys,natures-good-guys:organocide-weed-taliator-weed-grass-killer-24-fl-oz,Organocide Weed Taliator RTU - Weed & Grass Killer - 24-fl oz,12.5,14.99,19.9
2026-04-22T07:53:45.623869+00:00,Nature's Good Guys,natures-good-guys:corona-comfortgel-7-5in-aluminum-hand-trowel,Corona CT 3050i ComfortGel 7.5in Aluminum Weeder,8.5,10.5,23.5
2026-04-22T07:53:45.623869+00:00,DubiaRoaches.com,dubiaroaches:large-hornworm-12ct-case-of-6-auction-14,Large Hornworm 12ct (Case Of 6) Auction,1.0,48.0,4700.0
2026-04-22T07:53:45.623869+00:00,DubiaRoaches.com,dubiaroaches:125w-heat-panel-reptile-habitat-auction-21,125w Heat Panel Reptile Habitat Auction,20.0,141.0,605.0
2026-04-22T07:53:45.623869+00:00,DubiaRoaches.com,dubiaroaches:xl-dubia-roaches-250ct-auction-13,XL Dubia Roaches 250ct Auction,1.0,44.0,4300.0
2026-04-22T07:53:45.623869+00:00,DubiaRoaches.com,dubiaroaches:48x24x12-60-gallon-v2-auction-10,48x24x12 (60 Gallon) V2 Auction,1.0,179.0,17800.0
2026-04-22T07:53:45.623869+00:00,DubiaRoaches.com,dubiaroaches:large-hornworm-6ct-case-of-12-auction-16,Large Hornworm 6ct (Case Of 12) Auction,1.0,32.0,3100.0
2026-04-22T07:53:45.623869+00:00,DubiaRoaches.com,dubiaroaches:large-discoid-250ct-auction-26,Large Discoid 250ct Auction,1.0,36.0,3500.0
2026-04-22T07:53:45.623869+00:00,Symton Black Soldier Fly,symton-bsf:sassy-frass-black-soldier-fly-frass-casting-for-sale,Sassy Frass Soil Amendment,12.5,25.0,100.0
2026-04-22T07:53:45.623869+00:00,Symton Black Soldier Fly,symton-bsf:black-soldier-fly-larvae-for-compost-or-reproduction,Compost-Grade Black Soldier Fly Larvae,15.0,30.0,100.0
2026-04-22T07:53:45.623869+00:00,Bee Built,bee-built:tool-roll-bee-built-x-loyal-workshop-collaboration,Tool Roll Bee Built x Loyal Workshop Collaboration,35.0,49.0,40.0
2026-04-22T07:53:45.623869+00:00,Bee Built,bee-built:tool-roll-bee-built-x-imani-collective-collaboration,Tool Roll Bee Built x Imani Collective Collaboration,35.0,49.0,40.0
2026-04-22T07:53:45.623869+00:00,Bee Built,bee-built:warre-hive,"Warre Hive Full Kit - 2 Warre Boxes w/ Windows, Composite Roof, Quilt Box, Base, and Feet",675.0,725.0,7.4
2026-04-22T07:53:45.623869+00:00,Bee Built,bee-built:top-bar-hive,Top Bar Hive in Western Red Cedar,725.0,949.0,30.9
2026-04-22T07:53:45.623869+00:00,Fear Not Tarantulas,fear-not-tarantulas:phidippus-regius-regal-jumping-spider-juveniles,"Phidippus regius (Regal Jumping Spider)  about 1/4"" Captive born and bred.",45.0,39.0,13.3
2026-04-22T07:53:45.623869+00:00,Fear Not Tarantulas,fear-not-tarantulas:kochiana-brunnipes-tarantula-dwarf-pink-leg-for-sale,"Kochiana brunnipes (Dwarf Pink Leg Tarantula) about 1/8"" - 1/4""",25.0,39.0,56.0
2026-04-22T07:53:45.623869+00:00,Exotics Source,exotics-source:regal-jumping-spider-apricot-leaf,Regal Jumping Spider “Apricot Leaf”,75.0,95.0,26.7
2026-04-22T07:53:45.623869+00:00,Exotics Source,exotics-source:regal-jumping-spider-candied-yams,Regal Jumping Spider “Candied Yams”,75.0,65.0,13.3
2026-04-22T07:53:45.623869+00:00,Exotics Source,exotics-source:regal-jumping-spider-coven,"Regal Jumping Spider ""Coven""",75.0,95.0,26.7
2026-04-22T07:53:45.623869+00:00,Exotics Source,exotics-source:regal-jumping-spider-tart,"Regal Jumping Spider ""Tart""",75.0,95.0,26.7
2026-04-22T07:53:45.623869+00:00,Exotics Source,exotics-source:regal-jumping-spider-fantasy,"Regal Jumping Spider ""Fantasy""",75.0,95.0,26.7
2026-04-22T07:53:45.623869+00:00,Exotics Source,exotics-source:regal-jumping-spider-sweet,"Regal Jumping Spider ""Sweet""",75.0,65.0,13.3
2026-04-22T07:53:45.623869+00:00,Exotics Source,exotics-source:regal-jumping-spider-sugar-for-sale,"Regal Jumping Spider ""Sugar""",95.0,75.0,21.1
2026-04-22T07:53:45.623869+00:00,Exotics Source,exotics-source:regal-jumping-spider-sunblush,"Regal Jumping Spider ""Sunblush""",75.0,95.0,26.7
2026-04-22T07:53:45.623869+00:00,Exotics Source,exotics-source:regal-jumping-spider-tropicana-poison,Regal Jumping Spider “Tropicana Poison”,95.0,75.0,21.1
2026-04-22T07:53:45.623869+00:00,Exotics Source,exotics-source:regal-jumping-spider-gelato,"Regal Jumping Spider ""Gelato""",75.0,95.0,26.7
2026-04-22T07:53:45.623869+00:00,Exotics Source,exotics-source:regal-jumping-spider-mimosa,Regal Jumping Spider “Mimosa”,95.0,75.0,21.1
2026-04-22T07:53:45.623869+00:00,Exotics Source,exotics-source:regal-jumping-spider-banana,"Regal Jumping Spider ""Banana""",95.0,75.0,21.1
2026-04-22T07:53:45.623869+00:00,Exotics Source,exotics-source:regal-jumping-spider-cashew,"Regal Jumping Spider ""Cashew""",75.0,95.0,26.7
2026-04-22T07:53:45.623869+00:00,Exotics Source,exotics-source:regal-jumping-spider-cupcake,Regal Jumping Spider “Cupcake”,75.0,65.0,13.3
2026-04-22T07:53:45.623869+00:00,Exotics Source,exotics-source:regal-jumping-spider-charm,Regal Jumping Spider “Charm”,95.0,75.0,21.1
2026-04-22T07:53:45.623869+00:00,Exotics Source,exotics-source:regal-jumping-spider-papaya,"Regal Jumping Spider ""Papaya""",95.0,75.0,21.1
2026-04-22T07:53:45.623869+00:00,Exotics Source,exotics-source:regal-jumping-spider-dream,"Regal Jumping Spider ""Dream""",75.0,95.0,26.7
2026-04-22T07:53:45.623869+00:00,Exotics Source,exotics-source:copy-of-regal-jumping-spider-keylime,"Regal Jumping Spider ""Keylime""",75.0,95.0,26.7
2026-04-22T07:53:45.623869+00:00,Exotics Source,exotics-source:regal-jumping-spider-angel,"Regal Jumping Spider ""Angel""",95.0,75.0,21.1
2026-04-22T07:53:45.623869+00:00,Exotics Source,exotics-source:regal-jumping-spider-peach-for-sale,"Regal Jumping Spider ""Peach""",75.0,95.0,26.7
2026-04-22T07:53:45.623869+00:00,Exotics Source,exotics-source:regal-jumping-spider-dancer,"Regal Jumping Spider ""Dancer""",75.0,95.0,26.7
2026-04-22T07:53:45.623869+00:00,Exotics Source,exotics-source:regal-jumping-spider-neon,"Regal Jumping Spider ""Neon""",75.0,95.0,26.7
2026-04-22T07:53:45.623869+00:00,Exotics Source,exotics-source:regal-jumping-spider-lemondrop,"Regal Jumping Spider ""Lemondrop""",75.0,95.0,26.7
2026-04-22T07:53:45.623869+00:00,Exotics Source,exotics-source:regal-jumping-spider-citrine,"Regal Jumping Spider ""Citrine""",75.0,95.0,26.7
2026-04-22T07:53:45.623869+00:00,Spider Shoppe,spider-shoppe:heteropoda-tetrica,Heteropoda tetrica (Black Jawed Huntsman),24.0,28.0,16.7
2026-04-22T07:53:45.623869+00:00,Spider Shoppe,spider-shoppe:thelcticopis-severa-green-huntsman-1-2,Thelcticopis severa (Green Huntsman),10.0,38.0,280.0
2026-04-22T07:53:45.623869+00:00,Spider Shoppe,spider-shoppe:scolopendra-hainanum-black-black-tiger-leg-1-1-5,Scolopendra hainanum 'Black' (Black Tiger Leg),78.0,98.0,25.6
2026-04-22T07:53:45.623869+00:00,Spider Shoppe,spider-shoppe:ceratogyrus-sanderi-namibia-horned-baboon-0-75-1-5,Ceratogyrus sanderi (Namibia Horned Baboon),58.0,38.0,34.5
2026-04-22T07:53:45.623869+00:00,Spider Shoppe,spider-shoppe:scolopendra-hainanum-chinese-tiger-centipede-4-5,Scolopendra hainanum (Chinese Tiger Centipede),48.0,24.0,50.0
2026-04-22T07:53:45.623869+00:00,Spider Shoppe,spider-shoppe:poecilotheria-miranda-bengal-ornamental-2-3,Poecilotheria miranda (Bengal Ornamental),78.0,98.0,25.6
2026-04-22T07:53:45.623869+00:00,Spider Shoppe,spider-shoppe:poecilotheria-formosa-salem-ornamental-mm-5-6-female,Poecilotheria formosa (Salem Ornamental),78.0,98.0,25.6
2026-04-22T07:53:45.623869+00:00,Spider Shoppe,spider-shoppe:macrothele-palpator-chinese-funnel-web-sub-adulta,Macrothele sp (Funnel Web),58.0,12.0,79.3
2026-04-22T07:53:45.623869+00:00,Spider Shoppe,spider-shoppe:luthela-yuncheng-segmented-trap-door-1,"Luthela yuncheng (Segmented Trap Door) 1-1.5""",48.0,38.0,20.8
2026-04-22T07:53:45.623869+00:00,Spider Shoppe,spider-shoppe:thrigmopoeinae-sp-kali-kali-earth-tiger-0-5,Cilantica sp 'Kali' (Kali Psychedelic Earth Tiger),108.0,124.0,14.8
2026-04-22T07:53:45.623869+00:00,Tropical Isopods,tropical-isopods:ctenorillo-boqueron-piedra-blanca,Ctenorillo Boquerón “Piedra Blanca”,50.0,40.0,20.0
2026-04-22T07:53:45.623869+00:00,Holy-Poly Isopods,holy-poly-isopods:magnolia-leaf-litter,Leaf Litter,5.0,7.0,40.0
2026-04-22T07:53:45.623869+00:00,Big Apple Herp,big-apple-herp:adult-bearded-dragons-for-sale,ADULT Mixed Colored Bearded Dragons,84.95,89.95,5.9
2026-04-22T07:53:45.623869+00:00,Big Apple Herp,big-apple-herp:brazilian-rainbow-boas-1,Brazilian Rainbow Boas,359.95,439.95,22.2
2026-04-22T07:53:45.623869+00:00,Imperial Reptiles,imperial-reptiles:lime-green-pacman-frog-for-sale,Key-Lime PacMan Frog Baby,33.99,39.99,17.7
2026-04-22T07:53:45.623869+00:00,Imperial Reptiles,imperial-reptiles:porcellio-saber-lottery-mix-isopods-10-ct,"Porcellio scaber ""Lottery Mix"" Isopods (10 ct.)",19.99,24.99,25.0
2026-04-22T07:53:45.623869+00:00,The World of Isopods,the-world-of-isopods:lemon-blues,Lemon Blues,125.0,110.0,12.0
2026-04-22T07:53:45.623869+00:00,The World of Isopods,the-world-of-isopods:green-laser-isopods,Green Lasers,125.0,100.0,20.0
2026-04-22T07:53:45.623869+00:00,The World of Isopods,the-world-of-isopods:white-shark,White Sharks,80.0,65.0,18.8
2026-04-22T07:53:45.623869+00:00,The World of Isopods,the-world-of-isopods:green-spots,"Troglodillo sp. ""Green Spot""",160.0,100.0,37.5
2026-04-22T07:53:45.623869+00:00,The World of Isopods,the-world-of-isopods:opal-5-ct,Opals,150.0,135.0,10.0
2026-04-22T07:53:45.623869+00:00,The World of Isopods,the-world-of-isopods:rubber-ducky-5-ct,Rubber Duckys,45.0,40.0,11.1
2026-04-22T07:53:45.623869+00:00,Tar Heel Ants,tar-heel-ants:mini-hearth-bifurcated-grey-3662,"Mini Hearth, Bifurcated (Grey 3662)",44.25,53.99,22.0
2026-04-22T07:53:45.623869+00:00,AntGear,antgear:pheidole-militicida,Militant Big-Headed Ants (Pheidole militicida),99.99,109.99,10.0
2026-04-22T07:53:45.623869+00:00,AntGear,antgear:camponotus-sansabeanus-2,Orange Striped Carpenter Ants (Camponotus sansabeanus),29.99,54.99,83.4
2026-04-22T07:53:45.623869+00:00,AntGear,antgear:pogonomyrmex-rugosus,Rough Harvester Ant (Pogonomyrmex rugosus),74.99,64.99,13.3
2026-04-26T07:44:33.250937+00:00,The Defiant Forest,the-defiant-forest:giant-black-armored-trap-door-spider-liphistius-sp-jarujien,"Giant Black Armored Trap Door Spider, Liphistius jarujini",48.0,56.0,16.7
2026-04-26T07:44:33.250937+00:00,The Defiant Forest,the-defiant-forest:malaysian-earth-tiger-tarantula,"Malaysian Earth Tiger Tarantula, Omothymus schioedtei",56.0,48.0,14.3
2026-04-26T07:44:33.250937+00:00,The Defiant Forest,the-defiant-forest:purple-pink-toe-tarantula-avicularia-purpurea,"Purple Pink Toe Tarantula, Avicularia purpurea",56.0,48.0,14.3
2026-04-26T07:44:33.250937+00:00,The Defiant Forest,the-defiant-forest:venezuelan-sun-tiger-tarantula-psalmopoeus-irminia,"Venezuelan Sun Tiger Tarantula, Psalmopoeus irminia",48.0,28.0,41.7
2026-04-26T07:44:33.250937+00:00,Exotics Unlimited,exotics-unlimited:omothymus-violaceopes-singapore-blue-tarantula-for-sale-2,Omothymus violaceopes (Singapore Blue Tarantula),39.0,55.0,41.0
2026-04-26T07:44:33.250937+00:00,Exotics Unlimited,exotics-unlimited:hapalopus-formosus-pumpkin-patch-tarantula-for-sale-spiderling,Hapalopus formosus (Pumpkin Patch Tarantula),45.0,35.0,22.2
2026-04-26T07:44:33.250937+00:00,Exotics Unlimited,exotics-unlimited:psalmopoeus-victori-darth-maul-tarantula-for-sale-spiderling,Psalmopoeus victori (Darth Maul Tarantula),55.0,45.0,18.2
2026-04-26T07:44:33.250937+00:00,Ty Dye Exotics,ty-dye-exotics:euathlus-truculentus-hermosa-chilean-emerald-beauty-tarantula-rare-dwarf-new-world-species-live-arrival-guarantee,Euathlus truculentus ‘Hermosa’ – Chilean Emerald Beauty Tarantula | Rare Dwarf New World Species | Live Arrival Guarantee,249.99,199.99,20.0
2026-04-26T07:44:33.250937+00:00,Ty Dye Exotics,ty-dye-exotics:euathlus-sp-tigre-azul-chilean-twilight-tiger-tarantula-rare-dwarf-new-world-species-live-arrival-guarantee,Euathlus sp. Tigre Azul – Chilean Twilight Tiger Tarantula | Rare Dwarf New World Species | Live Arrival Guarantee,274.99,219.99,20.0
2026-04-26T07:44:33.250937+00:00,Ty Dye Exotics,ty-dye-exotics:euathlus-manicatus-gold-chilean-golden-flame-tarantula-rare-dwarf-new-world-species-live-arrival-guarantee,Euathlus manicatus ‘Gold’ – Chilean Golden Flame Tarantula | Rare Dwarf New World Species | Live Arrival Guarantee,234.99,187.99,20.0
2026-04-26T07:44:33.250937+00:00,Ty Dye Exotics,ty-dye-exotics:euathlus-manicatus-black-chilean-black-flame-tarantula-rare-dwarf-new-world-species-live-arrival-guarantee,Euathlus manicatus ‘Black’ – Chilean Black Flame Tarantula | Rare Dwarf New World Species | Live Arrival Guarantee,199.99,159.99,20.0
2026-04-26T07:44:33.250937+00:00,Ty Dye Exotics,ty-dye-exotics:euathlus-sp-bronce-chilean-bronze-flame-tarantula-rare-dwarf-new-world-species-live-arrival-guarantee,Euathlus sp. Bronce – Chilean Bronze Flame Tarantula | Rare Dwarf New World Species | Live Arrival Guarantee,164.99,131.99,20.0
2026-04-26T07:44:33.250937+00:00,Ty Dye Exotics,ty-dye-exotics:euathlus-truculentus-blue-chilean-blue-beauty-stunning-blue-femur-jewel-live-arrival-guarantee,Euathlus truculentus 'Blue' – Chilean Blue Beauty | Stunning Blue Femur Jewel | Live Arrival Guarantee,144.99,115.99,20.0
2026-04-26T07:44:33.250937+00:00,Ty Dye Exotics,ty-dye-exotics:euathlus-sp-smaragd-tiger-chilean-emerald-tiger-metallic-green-striped-beauty-live-arrival-guarantee,Euathlus sp Smaragd Tiger – Chilean Emerald Tiger | Metallic Green Striped Beauty | Live Arrival Guarantee,249.99,199.99,20.0
2026-04-26T07:44:33.250937+00:00,Ty Dye Exotics,ty-dye-exotics:euathlus-sp-fuego-chilean-orange-fuego-fiery-orange-beauty-live-arrival-guarantee,Euathlus sp Fuego – Chilean Orange Fuego | Fiery Orange Beauty | Live Arrival Guarantee,374.99,299.99,20.0
2026-04-26T07:44:33.250937+00:00,Nature's Good Guys,natures-good-guys:protection-sleeves-sunlit-blossom,Protection Sleeves - Sunlit Blossom UPF 50+,26.99,24.99,7.4
2026-04-26T07:44:33.250937+00:00,Nature's Good Guys,natures-good-guys:protection-sleeves-forest-green,Protection Sleeves - Forest Green UPF 50+,26.99,24.99,7.4
2026-04-26T07:44:33.250937+00:00,Nature's Good Guys,natures-good-guys:protection-sleeves-golden-sunflower-upf-50,Protection Sleeves - Golden Sunflower - UPF 50+,26.99,24.99,7.4
2026-04-26T07:44:33.250937+00:00,Nature's Good Guys,natures-good-guys:protection-sleeves-monarch-upf-50,Protection Sleeves - Monarch - UPF 50+,26.99,24.99,7.4
2026-04-26T07:44:33.250937+00:00,Nature's Good Guys,natures-good-guys:protection-sleeves-fungi-upf-50,Protection Sleeves - Fungi - UPF 50+,26.99,24.99,7.4
2026-04-26T07:44:33.250937+00:00,Nature's Good Guys,natures-good-guys:protection-sleeves-veggie-upf-50,Protection Sleeves - Veggie - UPF 50+,26.99,24.99,7.4
2026-04-26T07:44:33.250937+00:00,Meme's Worms,memes-worms:bulk-eisenia-andrei-red-wiggler-composting-worms,Bulk Pure Red Wiggler Composting Worms - FREE SHIPPING,599.99,299.99,50.0
2026-04-26T07:44:33.250937+00:00,DubiaRoaches.com,dubiaroaches:large-hornworm-12ct-case-of-6-auction-11,Large Hornworm 12ct (Case Of 6) Auction,35.0,1.0,97.1
2026-04-26T07:44:33.250937+00:00,DubiaRoaches.com,dubiaroaches:xl-dubia-roaches-250ct-auction-8,XL Dubia Roaches 250ct Auction,38.0,1.0,97.4
2026-04-26T07:44:33.250937+00:00,DubiaRoaches.com,dubiaroaches:4x2x2-v3-120-gallon-auction-9,4x2x2 V3 (120 Gallon) Auction,275.0,40.0,85.5
2026-04-26T07:44:33.250937+00:00,DubiaRoaches.com,dubiaroaches:zoo-med-super-deluxe-10-stainless-steel-feeding-tongs-auction-15,Zoo Med Super Deluxe 10″ Stainless Steel Feeding Tongs Auction,4.0,1.0,75.0
2026-04-26T07:44:33.250937+00:00,DubiaRoaches.com,dubiaroaches:125w-heat-panel-reptile-habitat-auction-17,125w Heat Panel Reptile Habitat Auction,131.0,20.0,84.7
2026-04-26T07:44:33.250937+00:00,DubiaRoaches.com,dubiaroaches:live-hornworm-moth-pupa-sexed-pair-manduca-sexta-auction-24,Live Hornworm Moth Pupa Sexed Pair (Manduca sexta) Auction,14.0,5.0,64.3
2026-04-26T07:44:33.250937+00:00,DubiaRoaches.com,dubiaroaches:medium-hornworm-24ct-case-of-12-auction-15,Medium Hornworm 24ct (Case Of 12) Auction,40.05,45.0,12.4
2026-04-26T07:44:33.250937+00:00,DubiaRoaches.com,dubiaroaches:large-discoid-250ct-auction-18,Large Discoid 250ct Auction,16.0,52.0,225.0
2026-04-26T07:44:33.250937+00:00,DubiaRoaches.com,dubiaroaches:36x18x18-v3-50-gallon-auction-6,36x18x18 V3 (50 Gallon) Auction,167.0,140.0,16.2
2026-04-26T07:44:33.250937+00:00,DubiaRoaches.com,dubiaroaches:large-hornworm-6ct-case-of-12-auction-14,Large Hornworm 6ct (Case Of 12) Auction,38.0,24.0,36.8
2026-04-26T07:44:33.250937+00:00,DubiaRoaches.com,dubiaroaches:large-hornworm-6ct-case-of-12-auction-13,Large Hornworm 6ct (Case Of 12) Auction,27.0,31.0,14.8
2026-04-26T07:44:33.250937+00:00,DubiaRoaches.com,dubiaroaches:large-hornworm-6ct-case-of-12-auction-12,Large Hornworm 6ct (Case Of 12) Auction,22.0,26.0,18.2
2026-04-26T07:44:33.250937+00:00,DubiaRoaches.com,dubiaroaches:48x24x12-60-gallon-v2-auction-6,48x24x12 (60 Gallon) V2 Auction,175.0,178.05,1.7
2026-04-26T07:44:33.250937+00:00,DubiaRoaches.com,dubiaroaches:live-hornworm-moth-pupa-sexed-pair-manduca-sexta-auction-32,Live Hornworm Moth Pupa Sexed Pair (Manduca sexta) Auction,1.0,5.0,400.0
2026-04-26T07:44:33.250937+00:00,Bee Built,bee-built:top-bar-for-top-bar-hives-sold-per-piece,Individual Top Bars for Top Bar Hives,7.0,8.0,14.3
2026-04-26T07:44:33.250937+00:00,Bee Built,bee-built:warre-roof,Warre Composite Roof,95.0,149.0,56.8
2026-04-26T07:44:33.250937+00:00,Bee Built,bee-built:universal-hive-stand,Universal Hive Stand,124.0,139.0,12.1
2026-04-26T07:44:33.250937+00:00,Bee Built,bee-built:round-hive-top-feeder,Round Hive Top Feeder,17.0,18.0,5.9
2026-04-26T07:44:33.250937+00:00,Bee Built,bee-built:warre-top-bars,Warre Western Red Cedar Top Bars,59.0,8.0,86.4
2026-04-26T07:44:33.250937+00:00,Spider Shoppe,spider-shoppe:scolopendra-sp-red-giant-hispaniola,Scolopendra sp 'Red Giant' (Hispaniola),298.0,198.0,33.6
2026-04-26T07:44:33.250937+00:00,Spider Shoppe,spider-shoppe:eublepharis-macularius-leopard-gecko-black-night-female-1,Eublepharis macularius (Leopard Gecko) Black Night,398.0,348.0,12.6
2026-04-26T07:44:33.250937+00:00,Spider Shoppe,spider-shoppe:diplura-sanguinea-blood-red-curtain-web-0-75,Diplura sanguinea (Blood Red Curtain Web),68.0,54.0,20.6
2026-04-26T07:44:33.250937+00:00,Spider Shoppe,spider-shoppe:correlophus-ciliatus-crested-gecko-lily-white-lw901,Correlophus ciliatus (Crested Gecko) Sable Lily White,398.0,198.0,50.3
2026-04-26T07:44:33.250937+00:00,Spider Shoppe,spider-shoppe:correlophus-ciliatus-crested-gecko-lily-white-lw904,Correlophus ciliatus (Crested Gecko) Normal Mix,98.0,38.0,61.2
2026-04-26T07:44:33.250937+00:00,Spider Shoppe,spider-shoppe:cyriopagopus-albostriatus-purple-zebra-thai-purple-zebra-1,Melopoeus albostriatus 'Purple Zebra' (Thai Purple Zebra),198.0,44.0,77.8
2026-04-26T07:44:33.250937+00:00,Spider Shoppe,spider-shoppe:scolopendra-dehaani-vietnamese-giant-centipede-4-6,Scolopendra dehaani 'Yellow Legs' (Yellow Leg Giant Centipede),48.0,68.0,41.7
2026-04-26T07:44:33.250937+00:00,Spider Shoppe,spider-shoppe:linothele-megatheliods-colombian-blue-funnel-web-1,Linothele megatheliods (Colombian Blue Funnel Web),68.0,42.0,38.2
2026-04-26T07:44:33.250937+00:00,Spider Shoppe,spider-shoppe:grammostola-quirogai-uruguayan-black-0-75,Grammostola quirogai (Uruguayan Black Beauty),68.0,78.0,14.7
2026-04-26T07:44:33.250937+00:00,Spider Shoppe,spider-shoppe:cyriopagopus-c-f-schmidti-phong-na-ke-bang-golden-earth-tiger-2,Melopoeus c.f. schmidti 'Phong-Na Ke-Bang' (Golden Earth Tiger),58.0,68.0,17.2
2026-04-26T07:44:33.250937+00:00,Spider Shoppe,spider-shoppe:avicularia-sp-pucallpa-mardi-gras-pink-toe-0-75,Avicularia sp 'Pucallpa' (Mardi Gras Pink Toe),68.0,48.0,29.4
2026-04-26T07:44:33.250937+00:00,Spider Shoppe,spider-shoppe:pamphobeteus-ultramarinus-ecuador-birdeater-1,Pamphobeteus ultramarinus (Ecuador Birdeater),298.0,248.0,16.8
2026-04-26T07:44:33.250937+00:00,Spider Shoppe,spider-shoppe:grammostola-grossa-guarani-giant-1,Grammostola grossa (Guarani Giant),124.0,98.0,21.0
2026-04-26T07:44:33.250937+00:00,Spider Shoppe,spider-shoppe:cyriocosmus-leetzi-venezuelan-dwarf-beauty-0-25,Cyriocosmus leetzi (Venezuelan Dwarf Beauty),198.0,44.0,77.8
2026-04-26T07:44:33.250937+00:00,Spider Shoppe,spider-shoppe:cyriopagopus-vonwirthi-vietnam-black-4-female,Melopoeus vonwirthi (Vietnam Black),48.0,124.0,158.3
2026-04-26T07:44:33.250937+00:00,Spider Shoppe,spider-shoppe:holothele-longipes-trinidad-pink-2-female-mm,Holothele longipes (Trinidad Pink),128.0,28.0,78.1
2026-04-26T07:44:33.250937+00:00,Tropical Isopods,tropical-isopods:troglodillo-sp-porcelain,"Troglodillo sp.""Porcelain""",95.0,75.0,21.1
2026-04-26T07:44:33.250937+00:00,Tropical Isopods,tropical-isopods:cubaris-sp-red-edge-isopod-for-sale,"Cubaris sp. ""Red Edge""",25.0,30.0,20.0
2026-04-26T07:44:33.250937+00:00,Best Bee Brothers,best-bee-brothers:bed-bug-no-see-um-repellent-dorm-room-essentials-adventure-kit-copy,"Shake & Shield Bed Bug & No-See-Um Repellent - Dorm Room Essentials, Adventure Kit (6 pcs)",50.99,78.99,54.9
2026-04-26T07:44:33.250937+00:00,Best Bee Brothers,best-bee-brothers:bed-bug-mosquito-repellent-dorm-room-essentials-adventure-kit,"Shake & Shield Bed Bug & Mosquito Repellent - Dorm Room Essentials, Adventure Kit (6 pcs)",50.99,78.99,54.9
2026-04-26T07:44:33.250937+00:00,Best Bee Brothers,best-bee-brothers:the-jet-setter-adventure-kit,Shake & Shield Bed Bug and No-See-Um Repellent - The Jet-Setter Adventure Kit (9 pcs),89.99,119.99,33.3
2026-04-26T07:44:33.250937+00:00,Best Bee Brothers,best-bee-brothers:the-weekender-adventure-kit,Shake & Shield Bed Bug and No-See-Um Repellent - The Weekender Adventure Kit (7 pcs),54.99,83.99,52.7
2026-04-26T07:44:33.250937+00:00,Best Bee Brothers,best-bee-brothers:the-overnighter-adventure-kit,Shake & Shield Bed Bug and No-See-Um Repellent - The Overnighter Adventure Kit (5 pcs),44.99,46.99,4.4
2026-04-26T07:44:33.250937+00:00,FangzTV,fangztv:eresus-sp-balcanius-mediterranean-velvet-1-32,Eresus sp 'Balcanius' Mediterranean Velvet 1/32'',40.0,45.0,12.5
2026-04-26T07:44:33.250937+00:00,FangzTV,fangztv:ischnocolus-vanandelae-oman-gold-5,Ischnocolus vanandelae Oman Gold .5'',25.0,40.0,60.0
2026-04-26T07:44:33.250937+00:00,Big Apple Herp,big-apple-herp:ambilobe-panther-chameleons,Ambilobe Panther Chameleons,409.95,189.95,53.7
2026-04-26T07:44:33.250937+00:00,Big Apple Herp,big-apple-herp:striped-devil-scorpions-1,Striped Devil Scorpions,34.95,42.95,22.9
2026-04-26T07:44:33.250937+00:00,Big Apple Herp,big-apple-herp:butterfly-agamas,Butterfly Agamas,27.95,52.95,89.4
2026-04-26T07:44:33.250937+00:00,Big Apple Herp,big-apple-herp:amazon-tree-boas-normal-phase,Amazon Tree Boas,109.95,89.95,18.2
2026-04-26T07:44:33.250937+00:00,Big Apple Herp,big-apple-herp:brazilian-rainbow-boas-1,Brazilian Rainbow Boas,439.95,299.95,31.8
2026-04-26T07:44:33.250937+00:00,David's Beetles,davids-beetles:adults-dorcus-titanus-dorcus-titanus-yasuokai,ADULTS: Dorcus titanus (Dorcus titanus yasuokai),179.99,49.99,72.2
2026-04-26T07:44:33.250937+00:00,David's Beetles,davids-beetles:larvae-western-hercules-beetle-dynastes-grantii,LARVAE: Western Hercules beetle (Dynastes grantii),25.0,19.99,20.0
2026-04-26T07:44:33.250937+00:00,Imperial Reptiles,imperial-reptiles:baby-lime-red-ear-slider-turtles-for-sale,Lime Albino Red Ear Slider Turtle Baby,59.99,69.99,16.7
2026-04-26T07:44:33.250937+00:00,The World of Isopods,the-world-of-isopods:venezillo-sp-castle-black,Venezillo Sp. 'Castle Black',125.0,100.0,20.0
2026-04-26T07:44:33.250937+00:00,The World of Isopods,the-world-of-isopods:armageddon,Armageddon,300.0,370.0,23.3
2026-04-26T07:44:33.250937+00:00,Riverbottom Butterflies,riverbottom-butterflies:mixed-butterfly-release,Mixed Multi-Color Butterfly Release,65.0,60.0,7.7
2026-04-26T07:44:33.250937+00:00,AntGear,antgear:leafcutter-food-sample-bags,Leafcutter Flowers,11.99,13.99,16.7
2026-04-29T08:23:30.034414+00:00,Exotics Unlimited,exotics-unlimited:theraphosinae-sp-chorillo-chica-tarantula-new,Theraphosinae sp. 'Chorillo Chica' Tarantula *NEW*,45.0,55.0,22.2
2026-04-29T08:23:30.034414+00:00,Exotics Unlimited,exotics-unlimited:psalmopoeus-victori-darth-maul-tarantula-for-sale-spiderling,Psalmopoeus victori (Darth Maul Tarantula),45.0,59.0,31.1
2026-04-29T08:23:30.034414+00:00,Exotics Unlimited,exotics-unlimited:aphonopelma-seemanni-costa-rican-zebra-stripe-knee-tarantula-0-5,"Aphonopelma seemanni (Costa Rican Zebra, Stripe Knee Tarantula)",29.0,40.0,37.9
2026-04-29T08:23:30.034414+00:00,Ty Dye Exotics,ty-dye-exotics:euathlus-truculentus-hermosa-chilean-emerald-beauty-tarantula-rare-dwarf-new-world-species-live-arrival-guarantee,Euathlus truculentus ‘Hermosa’ – Chilean Emerald Beauty Tarantula | Rare Dwarf New World Species | Live Arrival Guarantee,199.99,249.99,25.0
2026-04-29T08:23:30.034414+00:00,Ty Dye Exotics,ty-dye-exotics:euathlus-sp-tigre-azul-chilean-twilight-tiger-tarantula-rare-dwarf-new-world-species-live-arrival-guarantee,Euathlus sp. Tigre Azul – Chilean Twilight Tiger Tarantula | Rare Dwarf New World Species | Live Arrival Guarantee,219.99,274.99,25.0
2026-04-29T08:23:30.034414+00:00,Ty Dye Exotics,ty-dye-exotics:euathlus-manicatus-gold-chilean-golden-flame-tarantula-rare-dwarf-new-world-species-live-arrival-guarantee,Euathlus manicatus ‘Gold’ – Chilean Golden Flame Tarantula | Rare Dwarf New World Species | Live Arrival Guarantee,187.99,234.99,25.0
2026-04-29T08:23:30.034414+00:00,Ty Dye Exotics,ty-dye-exotics:euathlus-manicatus-black-chilean-black-flame-tarantula-rare-dwarf-new-world-species-live-arrival-guarantee,Euathlus manicatus ‘Black’ – Chilean Black Flame Tarantula | Rare Dwarf New World Species | Live Arrival Guarantee,159.99,199.99,25.0
2026-04-29T08:23:30.034414+00:00,Ty Dye Exotics,ty-dye-exotics:euathlus-sp-bronce-chilean-bronze-flame-tarantula-rare-dwarf-new-world-species-live-arrival-guarantee,Euathlus sp. Bronce – Chilean Bronze Flame Tarantula | Rare Dwarf New World Species | Live Arrival Guarantee,131.99,164.99,25.0
2026-04-29T08:23:30.034414+00:00,Ty Dye Exotics,ty-dye-exotics:euathlus-truculentus-blue-chilean-blue-beauty-stunning-blue-femur-jewel-live-arrival-guarantee,Euathlus truculentus 'Blue' – Chilean Blue Beauty | Stunning Blue Femur Jewel | Live Arrival Guarantee,115.99,144.99,25.0
2026-04-29T08:23:30.034414+00:00,Ty Dye Exotics,ty-dye-exotics:euathlus-sp-smaragd-tiger-chilean-emerald-tiger-metallic-green-striped-beauty-live-arrival-guarantee,Euathlus sp Smaragd Tiger – Chilean Emerald Tiger | Metallic Green Striped Beauty | Live Arrival Guarantee,199.99,249.99,25.0
2026-04-29T08:23:30.034414+00:00,Ty Dye Exotics,ty-dye-exotics:euathlus-sp-fuego-chilean-orange-fuego-fiery-orange-beauty-live-arrival-guarantee,Euathlus sp Fuego – Chilean Orange Fuego | Fiery Orange Beauty | Live Arrival Guarantee,299.99,374.99,25.0
2026-04-29T08:23:30.034414+00:00,Meme's Worms,memes-worms:live-red-wiggler-worms-for-sale,Pure Red Wiggler Composting Worms For Sale,28.99,39.99,37.9
2026-04-29T08:23:30.034414+00:00,DubiaRoaches.com,dubiaroaches:large-hornworm-12ct-case-of-6-auction-11,Large Hornworm 12ct (Case Of 6) Auction,1.0,31.0,3000.0
2026-04-29T08:23:30.034414+00:00,DubiaRoaches.com,dubiaroaches:xl-dubia-roaches-250ct-auction-8,XL Dubia Roaches 250ct Auction,1.0,51.0,5000.0
2026-04-29T08:23:30.034414+00:00,DubiaRoaches.com,dubiaroaches:small-superworm-1-000ct-auction-8,"Small Superworm 1,000ct Auction",1.0,15.0,1400.0
2026-04-29T08:23:30.034414+00:00,DubiaRoaches.com,dubiaroaches:4x2x2-v3-120-gallon-auction-9,4x2x2 V3 (120 Gallon) Auction,40.0,253.0,532.5
2026-04-29T08:23:30.034414+00:00,DubiaRoaches.com,dubiaroaches:zoo-med-super-deluxe-10-stainless-steel-feeding-tongs-auction-15,Zoo Med Super Deluxe 10″ Stainless Steel Feeding Tongs Auction,1.0,2.0,100.0
2026-04-29T08:23:30.034414+00:00,DubiaRoaches.com,dubiaroaches:125w-heat-panel-reptile-habitat-auction-17,125w Heat Panel Reptile Habitat Auction,20.0,131.0,555.0
2026-04-29T08:23:30.034414+00:00,Bee Built,bee-built:warre-hive-box,Warre Hive Box With Window,165.0,160.0,3.0
2026-04-29T08:23:30.034414+00:00,Fear Not Tarantulas,fear-not-tarantulas:megaphobema-mesomelas-costa-rican-red-leg-tarantula-for-sale,"Abdomegaphobema mesomelas (was Megaphobema) (Costa Rican Red Leg Tarantula) about 1 1/2""+",249.0,125.0,49.8
2026-04-29T08:23:30.034414+00:00,Exotics Source,exotics-source:regal-jumping-spider-paprika,Regal Jumping Spider “Paprika”,75.0,95.0,26.7
2026-04-29T08:23:30.034414+00:00,Exotics Source,exotics-source:regal-jumping-spider-prancer,Regal Jumping Spider “Prancer”,75.0,95.0,26.7
2026-04-29T08:23:30.034414+00:00,Exotics Source,exotics-source:regal-jumping-spider-viola,"Regal Jumping Spider ""Viola""",75.0,95.0,26.7
2026-04-29T08:23:30.034414+00:00,Exotics Source,exotics-source:regal-jumping-spider-mango,"Regal Jumping Spider ""Mango""",95.0,75.0,21.1
2026-04-29T08:23:30.034414+00:00,Spider Shoppe,spider-shoppe:correlophus-ciliatus-crested-gecko-1,Correlophus ciliatus (Crested Gecko) Assorted,98.0,48.0,51.0
2026-04-29T08:23:30.034414+00:00,Buddha Bugs,buddha-bugs:guyruita-cerrado-brazilian-savanna-dwarf-tarantula-for-sale,"Guyruita cerrado (Brazilian savanna dwarf tarantula) 0.75""",35.0,45.0,28.6
2026-04-29T08:23:30.034414+00:00,American Reptile Distributors,american-reptile-distributors:ornate-diamondback-terrapin-male-2511-malaclemys-terrapin-macrospilota,Ornate Diamondback Terrapin Male #2511 (Malaclemys terrapin macrospilota),399.99,299.99,25.0
2026-04-29T08:23:30.034414+00:00,American Reptile Distributors,american-reptile-distributors:ornate-diamondback-terrapin-male-2510-malaclemys-terrapin-macrospilota,Ornate Diamondback Terrapin Male #2510 (Malaclemys terrapin macrospilota),399.99,299.99,25.0
2026-04-29T08:23:30.034414+00:00,Big Apple Herp,big-apple-herp:pied-genetic-stripe-bearded-dragons,Pied Genetic Stripe Bearded Dragons,94.95,134.95,42.1
2026-04-29T08:23:30.034414+00:00,Big Apple Herp,big-apple-herp:madagascar-chameleons-various-species,Madagascar Chameleons (NEW ARRIVALS),159.0,144.95,8.8
2026-04-29T08:23:30.034414+00:00,Big Apple Herp,big-apple-herp:taiwan-beauty-hybrid-rat-snakes,Taiwan Beauty Rat Snakes,289.0,298.95,3.4
2026-04-29T08:23:30.034414+00:00,Big Apple Herp,big-apple-herp:white-lip-pythons,White Lip Pythons,319.0,359.95,12.8
2026-04-29T08:23:30.034414+00:00,David's Beetles,davids-beetles:adults-rainbow-stag-beetle-phalacrognathus-muelleri,ADULTS:  Rainbow stag beetle  (Phalacrognathus muelleri),60.0,50.0,16.7
2026-04-29T08:23:30.034414+00:00,The Bio Dude,the-bio-dude:garter-snake-thamnophis-species-bioactive-vivarium-kit,Garter Snake (Thamnophis species) Bioactive Vivarium Kit,199.95,149.95,25.0
2026-04-29T08:23:30.034414+00:00,The Bio Dude,the-bio-dude:mexican-black-kingsnake-bioactive-kit,Mexican black kingsnake (Lampropeltis getula nigrita) Bioactive Vivarium Kit,154.95,149.95,3.2
2026-04-29T08:23:30.034414+00:00,The Bio Dude,the-bio-dude:florida-king-snake-bioactive-kit,Florida King Snake (Lampropeltis getula floridana) Bioactive Vivarium Kit,149.95,139.95,6.7
2026-04-29T08:23:30.034414+00:00,The Bio Dude,the-bio-dude:hognose-snake-bioactive-kit,Western Hognose Snake (Heterodon nasicus) Bioactive Vivarium Kit,129.95,119.95,7.7
2026-04-29T08:23:30.034414+00:00,The Bio Dude,the-bio-dude:ball-python-snake-bioactive-kit,Ball Python (Python regius) Bioactive Vivarium Kit,129.95,139.95,7.7
2026-04-29T08:23:30.034414+00:00,The Bio Dude,the-bio-dude:new-caledonia-giant-gecko-rhacodactylus-leachianus-bioactive-vivarium-kit,New Caledonia Giant Gecko (Rhacodactylus leachianus) Bioactive Vivarium Kit,305.95,299.95,2.0
2026-04-29T08:23:30.034414+00:00,The Bio Dude,the-bio-dude:red-foot-tortoise-bioactive-kit,Red Foot Tortoise (Chelonoidis carbonaria) Bioactive Vivarium Kit,204.95,189.95,7.3
2026-04-29T08:23:30.034414+00:00,Tar Heel Ants,tar-heel-ants:heating-cable-3,Heating Cable,26.99,30.99,14.8
2026-04-29T08:23:30.034414+00:00,Tar Heel Ants,tar-heel-ants:zoo-med-heating-cable-11-5-feet,"Zoo Med Heating Cable, 11.5 feet",26.99,30.99,14.8
2026-04-29T08:23:30.034414+00:00,JMZ Butterfly Farm,jmz-butterfly-farm:luna-moth-eggs,Luna Moth Eggs,60.0,35.0,41.7
2026-04-29T08:23:30.034414+00:00,JMZ Butterfly Farm,jmz-butterfly-farm:12-cecropia-moth-eggs,12 Cecropia Moth Eggs,42.0,52.0,23.8
2026-04-29T08:23:30.034414+00:00,JMZ Butterfly Farm,jmz-butterfly-farm:moth-egg-mix,Moth Egg Mix!,35.0,48.0,37.1
2026-04-29T08:23:30.034414+00:00,AntGear,antgear:camponotus-sansabeanus-2,Orange Striped Carpenter Ants (Camponotus sansabeanus),54.99,62.99,14.5
2026-04-29T08:23:30.034414+00:00,AntGear,antgear:pogonomyrmex-rugosus,Rough Harvester Ant (Pogonomyrmex rugosus),64.99,49.99,23.1
2026-05-03T08:04:32.263159+00:00,The Defiant Forest,the-defiant-forest:brazilian-jewel-tarantulas-typhochlaena-seladonia,"Brazilian Jewel Tarantulas, Typhochlaena seladonia",300.0,289.0,3.7
2026-05-03T08:04:32.263159+00:00,Exotics Unlimited,exotics-unlimited:brachypelma-auratum-mexican-flame-knee-tarantula-female,Brachypelma auratum (Mexican Flame Knee Tarantula) MALE/FEMALE,275.0,150.0,45.5
2026-05-03T08:04:32.263159+00:00,Exotics Unlimited,exotics-unlimited:phormictopus-sp-dominican-purple-tarantula-2-5-3-male,Phormictopus sp. 'Dominican Purple' Tarantula MALE,175.0,150.0,14.3
2026-05-03T08:04:32.263159+00:00,Exotics Unlimited,exotics-unlimited:ornithoctoninae-sp-phan-cay-blue-blue-tree-tiger-tarantula-copy,"Ornithoctoninae sp. ""Phan Cay Blue"" (Blue Tree Tiger Tarantula) MALE/FEMALE",700.0,599.0,14.4
2026-05-03T08:04:32.263159+00:00,Exotics Unlimited,exotics-unlimited:cyriocosmus-aueri-peruvian-dwarf-redleg-tarantula-0-5-0-75-crawler-event,"Cyriocosmus aueri (Peruvian Dwarf Redleg Tarantula) 0.25"" Crawler EVENT",19.0,15.0,21.1
2026-05-03T08:04:32.263159+00:00,Exotics Unlimited,exotics-unlimited:chilobrachys-huahini-asian-fawn-tarantula-female,Chilobrachys huahini (Asian Fawn Tarantula) MALE/FEMALE,99.0,55.0,44.4
2026-05-03T08:04:32.263159+00:00,Exotics Unlimited,exotics-unlimited:ceratogyrus-meridionalis-zimbabwe-grey-baboon-tarantula-1-5-2-female,Ceratogyrus meridionalis (Zimbabwe Grey Baboon Tarantula) MALE/FEMALE,199.0,75.0,62.3
2026-05-03T08:04:32.263159+00:00,Exotics Unlimited,exotics-unlimited:psalmopoeus-victori-darth-maul-tarantula-0-5-0-75,"Psalmopoeus victori (Darth Maul Tarantula) 0.5-0.75"" CRAWLER EVENT",35.0,29.0,17.1
2026-05-03T08:04:32.263159+00:00,Exotics Unlimited,exotics-unlimited:chromatopelma-cyaneopubescens-green-bottle-blue-tarantula-male-2-2-5,Chromatopelma cyaneopubescens (Green Bottle Blue Tarantula),39.0,49.0,25.6
2026-05-03T08:04:32.263159+00:00,Exotics Unlimited,exotics-unlimited:chaerilus-stockmannorum-stockmann-bush-scorpion,Chaerilus stockmannorum (Stockmann Bush Scorpion),45.0,55.0,22.2
2026-05-03T08:04:32.263159+00:00,Exotics Unlimited,exotics-unlimited:orphnaecus-philippinus-philippine-tangerine-tarantula-for-sale-1,Orphnaecus philippinus (Philippine Tangerine Tarantula),39.0,50.0,28.2
2026-05-03T08:04:32.263159+00:00,Exotics Unlimited,exotics-unlimited:omothymus-sp-langkawi-purple-and-gold-tree-spider-for-sale-spiderling,Omothymus sp 'Langkawi',39.0,75.0,92.3
2026-05-03T08:04:32.263159+00:00,Exotics Unlimited,exotics-unlimited:lasiodora-parahybana-salmon-pink-bird-eater-tarantula,Lasiodora parahybana (Salmon Pink Bird Eater Tarantula),25.0,35.0,40.0
2026-05-03T08:04:32.263159+00:00,Exotics Unlimited,exotics-unlimited:grammostola-pulchra-brazilian-black-female-2-5,Grammostola pulchra (Brazilian Black Tarantula),84.0,95.0,13.1
2026-05-03T08:04:32.263159+00:00,Exotics Unlimited,exotics-unlimited:grammostola-anthracina-tawny-red,Grammostola anthracina (Tawny Red Tarantula),125.0,399.0,219.2
2026-05-03T08:04:32.263159+00:00,Exotics Unlimited,exotics-unlimited:cyriocosmus-ritae-peruvian-black-white-immature-male-tarantula-for-sale,Cyriocosmus ritae (Peruvian Black & White Tarantula),150.0,125.0,16.7
2026-05-03T08:04:32.263159+00:00,Exotics Unlimited,exotics-unlimited:brachypelma-hamorii-mexican-red-knee-tarantula-for-sale-adult-female-5,Brachypelma hamorii (Mexican Red Knee Tarantula),55.0,45.0,18.2
2026-05-03T08:04:32.263159+00:00,Exotics Unlimited,exotics-unlimited:avicularia-urticans-green-peruvian-green-pink-toe-tarantula-for-sale-2,Avicularia urticans 'Green' (Peruvian Green Pink Toe Tarantula),95.0,85.0,10.5
2026-05-03T08:04:32.263159+00:00,Exotics Unlimited,exotics-unlimited:avicularia-sp-tucurui-tarantula-for-sale-1,Avicularia sp. 'Tucurui' Tarantula *RARE*,150.0,125.0,16.7
2026-05-03T08:04:32.263159+00:00,Exotics Unlimited,exotics-unlimited:avicularia-minatrix-red-slate-pink-toe-tarantula-for-sale-spiderling,Avicularia minatrix (Dwarf Red Pink-Toe Tarantula),125.0,95.0,24.0
2026-05-03T08:04:32.263159+00:00,Exotics Unlimited,exotics-unlimited:davus-sp-panama-lava-tarantula-0-25-0-5,Davus sp. 'panama' (Lava Tarantula),155.0,145.0,6.5
2026-05-03T08:04:32.263159+00:00,Exotics Unlimited,exotics-unlimited:pamphobeteus-sp-mascara-mascara-birdeater-tarantula-for-sale-female-3,Pamphobeteus sp. 'Mascara' (Mascara Birdeater Tarantula),60.0,85.0,41.7
2026-05-03T08:04:32.263159+00:00,Meme's Worms,memes-worms:20000-red-wiggler-composting-worms-for-sale,20LBS Pure Red Wiggler Composting Worms For Sale - FREE SHIPPING  (Approx. 20000 Worms),1190.99,857.99,28.0
2026-05-03T08:04:32.263159+00:00,DubiaRoaches.com,dubiaroaches:zoo-med-super-deluxe-10-stainless-steel-feeding-tongs-auction-19,Zoo Med Super Deluxe 10″ Stainless Steel Feeding Tongs Auction,1.0,6.0,500.0
2026-05-03T08:04:32.263159+00:00,DubiaRoaches.com,dubiaroaches:large-discoid-250ct-auction-19,Large Discoid 250ct Auction,1.0,50.0,4900.0
2026-05-03T08:04:32.263159+00:00,DubiaRoaches.com,dubiaroaches:125w-heat-panel-reptile-habitat-auction-18,125w Heat Panel Reptile Habitat Auction,20.0,121.0,505.0
2026-05-03T08:04:32.263159+00:00,DubiaRoaches.com,dubiaroaches:36x18x18-v3-50-gallon-auction-7,36x18x18 V3 (50 Gallon) Auction,30.0,189.0,530.0
2026-05-03T08:04:32.263159+00:00,DubiaRoaches.com,dubiaroaches:large-hornworm-12ct-case-of-6-auction-12,Large Hornworm 12ct (Case Of 6) Auction,1.0,32.0,3100.0
2026-05-03T08:04:32.263159+00:00,DubiaRoaches.com,dubiaroaches:live-hornworm-moth-pupa-sexed-pair-manduca-sexta-auction-25,Live Hornworm Moth Pupa Sexed Pair (Manduca sexta) Auction,1.0,5.0,400.0
2026-05-03T08:04:32.263159+00:00,Flow Hive,flow-hive:ultimate-bundle,Ultimate Starter Bundle,1788.0,1568.0,12.3
2026-05-03T08:04:32.263159+00:00,Flow Hive,flow-hive:deluxe-bundle,Deluxe Starter Bundle,1299.0,1079.0,16.9
2026-05-03T08:04:32.263159+00:00,Flow Hive,flow-hive:starter-bundle,Starter Bundle,1024.0,804.0,21.5
2026-05-03T08:04:32.263159+00:00,Fear Not Tarantulas,fear-not-tarantulas:tapinauchenius-sanctivincenti-tarantula-for-sale,"Tapinauchenius sanctivincenti (St. Vincent's Tree Spider) about 3/4"" - 1""",39.0,45.0,15.4
2026-05-03T08:04:32.263159+00:00,Fear Not Tarantulas,fear-not-tarantulas:cyriopagopus-hati-hati-tarantula-for-sale,"Phormingochilus hati hati (Sulawesi Violet Tarantula) ex Cyriopagopus about 3/4"" - 1""",42.0,19.0,54.8
2026-05-03T08:04:32.263159+00:00,Exotics Source,exotics-source:regal-jumping-spider-sandy,"Regal Jumping Spider ""Sandy""",75.0,95.0,26.7
2026-05-03T08:04:32.263159+00:00,Exotics Source,exotics-source:regal-jumping-spider-peridot,Regal Jumping Spider “Peridot”,75.0,95.0,26.7
2026-05-03T08:04:32.263159+00:00,Exotics Source,exotics-source:regal-jumping-spider-shadow,"Regal Jumping Spider ""Shadow""",75.0,95.0,26.7
2026-05-03T08:04:32.263159+00:00,Exotics Source,exotics-source:regal-jumping-spider-pea,"Regal Jumping Spider ""Pea""",95.0,75.0,21.1
2026-05-03T08:04:32.263159+00:00,Exotics Source,exotics-source:regal-jumping-spider-sapphire,"Regal Jumping Spider ""Sapphire"" (Rare)",250.0,125.0,50.0
2026-05-03T08:04:32.263159+00:00,Exotics Source,exotics-source:regal-jumping-spider-jessica,"Regal Jumping Spider ""Jessica""",75.0,95.0,26.7
2026-05-03T08:04:32.263159+00:00,Exotics Source,exotics-source:regal-jumping-spider-elizabeth,"Regal Jumping Spider ""Elizabeth""",75.0,95.0,26.7
2026-05-03T08:04:32.263159+00:00,Spider Shoppe,spider-shoppe:scolopendra-galapagoensis-dark-giant-galapagos-centipede-2-3,Scolopendra galapagoensis 'Dark' (Giant Galapagos Centipede),298.0,324.0,8.7
2026-05-03T08:04:32.263159+00:00,Spider Shoppe,spider-shoppe:scolopendra-sp-white-legs-giant-white-leg-centipede-2-3,Scolopendra sp 'White Legs' (Giant White Leg Centipede),298.0,278.0,6.7
2026-05-03T08:04:32.263159+00:00,Spider Shoppe,spider-shoppe:theraphosinae-sp-mandarina-0-5,Theraphosinae sp 'Mandarina',448.0,148.0,67.0
2026-05-03T08:04:32.263159+00:00,American Reptile Distributors,american-reptile-distributors:brown-anole-anolis-sagrei,Brown Anole (Anolis sagrei),7.99,4.99,37.5
2026-05-03T08:04:32.263159+00:00,Big Apple Herp,big-apple-herp:hypo-citrus-dragons,Hypo Citrus Bearded Dragons,59.95,99.95,66.7
2026-05-03T08:04:32.263159+00:00,Big Apple Herp,big-apple-herp:egyptian-uromastyx,Egyptian Uromastyx,134.95,149.95,11.1
2026-05-03T08:04:32.263159+00:00,Big Apple Herp,big-apple-herp:greek-tortoises,Greek Tortoises,209.95,199.95,4.8
2026-05-03T08:04:32.263159+00:00,Big Apple Herp,big-apple-herp:lavender-corn-snakes,Lavender Corn Snakes,89.95,94.95,5.6
2026-05-03T08:04:32.263159+00:00,Big Apple Herp,big-apple-herp:green-basilisks,Green & Brown Basilisks,45.95,44.95,2.2
2026-05-03T08:04:32.263159+00:00,Big Apple Herp,big-apple-herp:palmetto-corn-snake-baby-females,Palmetto Corn Snakes,329.0,259.0,21.3
2026-05-03T08:04:32.263159+00:00,David's Beetles,davids-beetles:adults-pachycera-rhino-beetle-xylotrupes-pachycera,ADULTS: Pachycera Rhino Beetle (Xylotrupes pachycera),39.99,29.99,25.0
2026-05-03T08:04:32.263159+00:00,David's Beetles,davids-beetles:larvae-portelli-golofa-portelli,ADULTS: Porteri beetle  (Golofa porteri),45.0,150.0,233.3
2026-05-03T08:04:32.263159+00:00,Imperial Reptiles,imperial-reptiles:golden-albino-axolotl-4-5,"Golden Albino Axolotl (4-5"")",84.99,74.99,11.8
2026-05-03T08:04:32.263159+00:00,Imperial Reptiles,imperial-reptiles:albino-spotnose-ball-python,Albino Spotnose Ball Python,249.99,189.99,24.0
2026-05-03T08:04:32.263159+00:00,Imperial Reptiles,imperial-reptiles:copy-of-komodo-magnetic-gecko-ledge,Komodo Magnetic Dual Gecko Feeding Ledge,26.99,29.99,11.1
2026-05-03T08:04:32.263159+00:00,Grow Organic,grow-organic:dudleya-caespitosa,Dudleya caespitosa,19.99,16.99,15.0
2026-05-03T08:04:32.263159+00:00,Grow Organic,grow-organic:clarkia-amoena-aurora,Clarkia amoena - Aurora,11.99,12.99,8.3
2026-05-03T08:04:32.263159+00:00,Grow Organic,grow-organic:heuchera-rosada,Heuchera - Rosada,12.99,14.99,15.4
2026-05-03T08:04:32.263159+00:00,Grow Organic,grow-organic:papaver-hybridum-cupcake,Papaver hybridum - Cupcake,11.99,12.99,8.3
2026-05-03T08:04:32.263159+00:00,Grow Organic,grow-organic:convolvulus-tricolor-blue-ensign,Convolvulus tricolor - Blue Ensign,11.99,12.99,8.3
2026-05-03T08:04:32.263159+00:00,Grow Organic,grow-organic:cerinthe-major-purpurascens,Cerinthe major purpurascens,11.99,12.99,8.3
2026-05-03T08:04:32.263159+00:00,Grow Organic,grow-organic:anthemis-sancti-johannis,Anthemis sancti-johannis,11.99,12.99,8.3
2026-05-03T08:04:32.263159+00:00,Grow Organic,grow-organic:convolvulus-sabatius,Convolvulus sabatius,11.99,12.99,8.3
2026-05-03T08:04:32.263159+00:00,Grow Organic,grow-organic:daucus-carota-dara,Daucus carota - Dara,11.99,12.99,8.3
2026-05-03T08:04:32.263159+00:00,Grow Organic,grow-organic:papaver-hybridum-sugar-plum,Papaver hybridum - Sugar Plum,11.99,12.99,8.3
2026-05-03T08:04:32.263159+00:00,Grow Organic,grow-organic:nemophila-maculata-baby-five-spot,Nemophila maculata - Baby Five Spot,11.99,12.99,8.3
2026-05-03T08:04:32.263159+00:00,Grow Organic,grow-organic:lathyrus-odoratus-april-in-paris,Lathyrus odoratus - April In Paris,11.99,12.99,8.3
2026-05-03T08:04:32.263159+00:00,Grow Organic,grow-organic:limnanthes-douglasii,Limnanthes douglasii,11.99,12.99,8.3
2026-05-03T08:04:32.263159+00:00,Grow Organic,grow-organic:eschscholzia-californica-orange,Eschscholzia californica - Orange,11.99,12.99,8.3
2026-05-03T08:04:32.263159+00:00,Grow Organic,grow-organic:lathyrus-odoratus-watermelon,Lathyrus odoratus - Watermelon,11.99,12.99,8.3
2026-05-03T08:04:32.263159+00:00,Grow Organic,grow-organic:orlaya-grandiflora,Orlaya grandiflora,11.99,12.99,8.3
2026-05-03T08:04:32.263159+00:00,Grow Organic,grow-organic:nicotiana-alata-lime-green-1,Nicotiana alata - Lime Green,11.99,12.99,8.3
2026-05-03T08:04:32.263159+00:00,Grow Organic,grow-organic:scabiosa-caucasica-perfecta-alba,Scabiosa caucasica - Perfecta Alba,11.99,12.99,8.3
2026-05-03T08:04:32.263159+00:00,Grow Organic,grow-organic:catananche-caerulea,Catananche caerulea,11.99,12.99,8.3
2026-05-03T08:04:32.263159+00:00,Grow Organic,grow-organic:lippia-repens,Lippia repens,11.99,12.99,8.3
2026-05-03T08:04:32.263159+00:00,Grow Organic,grow-organic:sequoia-strawberry-plants,Sequoia Strawberry Plants,24.99,19.99,20.0
2026-05-03T08:04:32.263159+00:00,JMZ Butterfly Farm,jmz-butterfly-farm:wholesale-50-painted-lady-caterpillars,Wholesale 50 Painted Lady Caterpillars,75.0,90.0,20.0
2026-05-03T08:04:32.263159+00:00,JMZ Butterfly Farm,jmz-butterfly-farm:luna-moth-hatching-kit,Luna Moth Hatching Kit,35.0,50.0,42.9
2026-05-03T08:04:32.263159+00:00,AntGear,antgear:entomology-featherweight-forceps,Entomology Featherweight Forceps,7.99,5.99,25.0
2026-05-10T08:10:45.117279+00:00,PanTerra Pets,panterra-pets:grizzled-mantis,Grizzled Mantis (G. grisea),24.99,28.99,16.0
2026-05-10T08:10:45.117279+00:00,PanTerra Pets,panterra-pets:chinese-mantis,Chinese Mantis (T. sinensis),13.99,14.99,7.1
2026-05-10T08:10:45.117279+00:00,PanTerra Pets,panterra-pets:carolina-mantis,Carolina Mantis (S. carolina),13.99,14.99,7.1
2026-05-10T08:10:45.117279+00:00,The Defiant Forest,the-defiant-forest:giant-indo-red-leg-millipede-undescribed-sp,"Giant Red Leg Tree Millipede, Balustreptus falcatus",75.0,89.0,18.7
2026-05-10T08:10:45.117279+00:00,The Defiant Forest,the-defiant-forest:colombian-purple-bloom-bird-eater-tarantula,"Colombian Purple Bloom Bird Eater Tarantula, Pamphobeteus sp Machala",78.0,89.0,14.1
2026-05-10T08:10:45.117279+00:00,The Defiant Forest,the-defiant-forest:thai-giant-orange-millipede-diplopoda-sp,"Giant Thailand Orange Millipede, Thyropygus sp. - C.B.  2026 Babies will be ready in late Winter",75.0,65.0,13.3
2026-05-10T08:10:45.117279+00:00,The Defiant Forest,the-defiant-forest:cappuccino-isopod-cubaris-sp,"Cappuccino Isopod, Cubaris Sp.",18.0,30.0,66.7
2026-05-10T08:10:45.117279+00:00,The Defiant Forest,the-defiant-forest:spotted-orange-isopod-armadillidium-werneri-10-count-copy,"Yellow Spotted Isopod, Armadillidium gestroi",37.5,30.0,20.0
2026-05-10T08:10:45.117279+00:00,The Defiant Forest,the-defiant-forest:spotted-orange-isopod-armadillidium-werneri-10-count,"Spotted Orange Isopod, Armadillidium werneri",21.0,30.0,42.9
2026-05-10T08:10:45.117279+00:00,The Defiant Forest,the-defiant-forest:magic-potion-isopod-armadillidium-vulgare,"Magic Potion Isopod, Armadillidium vulgare",21.0,30.0,42.9
2026-05-10T08:10:45.117279+00:00,The Defiant Forest,the-defiant-forest:socotra-island-blue-baboon-tarantula-monocentropus-balfouri,"Socotra Island Blue Baboon Tarantula, Monocentropus balfouri",42.0,40.0,4.8
2026-05-10T08:10:45.117279+00:00,The Defiant Forest,the-defiant-forest:brazilian-white-knee-tarantula-acanthoscurria-geniculata,"Brazilian White Knee Tarantula, Acanthoscurria geniculata",18.0,32.0,77.8
2026-05-10T08:10:45.117279+00:00,The Defiant Forest,the-defiant-forest:green-bottle-blue-tarantulas,"Green Bottle Blue Tarantula, Chromatopelma cyaneopubescens",48.0,54.0,12.5
2026-05-10T08:10:45.117279+00:00,Exotics Unlimited,exotics-unlimited:free-grammastola-pulchra-brazilian-black-1-1-5-after-600-spent-pre-ship,"Grammostola pulchra (Brazilian Black Tarantula) 0.75-1"" CRAWLER EVENT",59.0,69.0,16.9
2026-05-10T08:10:45.117279+00:00,Exotics Unlimited,exotics-unlimited:brachypelma-auratum-mexican-flame-knee-tarantula-female,Brachypelma auratum (Mexican Flame Knee Tarantula) FEMALE,150.0,275.0,83.3
2026-05-10T08:10:45.117279+00:00,Exotics Unlimited,exotics-unlimited:ornithoctoninae-sp-phan-cay-blue-blue-tree-tiger-tarantula-copy,"Ornithoctoninae sp. ""Phan Cay Blue"" (Blue Tree Tiger Tarantula) MALE AND FEMALE PAIR",599.0,700.0,16.9
2026-05-10T08:10:45.117279+00:00,Exotics Unlimited,exotics-unlimited:chilobrachys-huahini-asian-fawn-tarantula-female,Chilobrachys huahini (Asian Fawn Tarantula) FEMALE,55.0,99.0,80.0
2026-05-10T08:10:45.117279+00:00,Exotics Unlimited,exotics-unlimited:ceratogyrus-meridionalis-zimbabwe-grey-baboon-tarantula-1-5-2-female,Ceratogyrus meridionalis (Zimbabwe Grey Baboon Tarantula) FEMALE,75.0,199.0,165.3
2026-05-10T08:10:45.117279+00:00,Exotics Unlimited,exotics-unlimited:xenesthis-sp-cauca-tarantula-very-rare-2-5-female,Xenesthis sp. 'Cauca' Tarantula *VERY RARE*  FEMALE,850.0,999.0,17.5
2026-05-10T08:10:45.117279+00:00,Exotics Unlimited,exotics-unlimited:theraphosinae-sp-chorillo-grande,Theraphosinae sp. 'Chorillo Grande' Tarantula *NEW*,45.0,55.0,22.2
2026-05-10T08:10:45.117279+00:00,Exotics Unlimited,exotics-unlimited:liphistius-yangae-armored-trapdoor-spider-for-sale-2,Liphistius jarujini (Charcoal Armored Trapdoor Spider),150.0,75.0,50.0
2026-05-10T08:10:45.117279+00:00,Exotics Unlimited,exotics-unlimited:hommeomma-chilense-chilean-flame-tarantula-0-25-0-5,Homeomma chilense (Chilean Flame Tarantula) (Chilean Dwarf Flame Tarantula),125.0,115.0,8.0
2026-05-10T08:10:45.117279+00:00,Exotics Unlimited,exotics-unlimited:cyriopagopus-purple-zebra,"Cyriopagopus sp ""Purple Zebra"" Tarantula",99.0,65.0,34.3
2026-05-10T08:10:45.117279+00:00,Exotics Unlimited,exotics-unlimited:chilobrachys-kaeng-krachan-dark-erath-tiger,Chilobrachys sp. 'Kaeng Krachan' (Dark Earth Tiger Tarantula),50.0,39.0,22.0
2026-05-10T08:10:45.117279+00:00,Exotics Unlimited,exotics-unlimited:avicularia-minatrix-red-slate-pink-toe-tarantula-for-sale-spiderling,Avicularia minatrix (Dwarf Red Pink-Toe Tarantula),95.0,99.0,4.2
2026-05-10T08:10:45.117279+00:00,Exotics Unlimited,exotics-unlimited:avicularia-juruensis-sp-peru-purple-peru-purple-pink-toe-tarantula-for-sale-spiderling,Avicularia juruensis sp. 'Peru Purple' (Peru Purple Pink Toe Tarantula),45.0,55.0,22.2
2026-05-10T08:10:45.117279+00:00,Exotics Unlimited,exotics-unlimited:phormingochilus-sp-sabah-red-red-velvet-tarantula-for-sale-spiderling,"Phormingochilus sp ""Sabah Red"" (Crimson Purple Tree Tiger Tarantula)",149.0,199.0,33.6
2026-05-10T08:10:45.117279+00:00,Exotics Unlimited,exotics-unlimited:davus-sp-panama-lava-tarantula-0-25-0-5,Davus sp. 'panama' (Lava Tarantula),145.0,125.0,13.8
2026-05-10T08:10:45.117279+00:00,Ty Dye Exotics,ty-dye-exotics:tigrosa-georgicola-georgia-black-wolf-spider-bold-native-wolf-spider-live-arrival-guarantee,Tigrosa georgicola – Georgia Black Wolf Spider | Bold Native Wolf Spider | Live Arrival Guarantee,24.99,14.99,40.0
2026-05-10T08:10:45.117279+00:00,Ty Dye Exotics,ty-dye-exotics:paratemnopteryx-couliana-red-goblin-roach-excellent-feeder-live-arrival-guarantee,Paratemnopteryx couliana – Red Goblin Roach | Excellent Feeder | Live Arrival Guarantee,12.99,9.99,23.1
2026-05-10T08:10:45.117279+00:00,Ty Dye Exotics,ty-dye-exotics:hyporhicnoda-sp-venezuela-venezuelan-wood-roach-fascinating-wood-dwelling-species-live-arrival-guarantee,Hyporhicnoda sp Venezuela – Venezuelan Wood Roach | Fascinating Wood-Dwelling Species | Live Arrival Guarantee,74.99,34.99,53.3
2026-05-10T08:10:45.117279+00:00,Ty Dye Exotics,ty-dye-exotics:hyporhicnoda-litomorpha-panama-wood-roach-fascinating-wood-dwelling-species-live-arrival-guarantee,Hyporhicnoda litomorpha – Panama Wood Roach | Fascinating Wood-Dwelling Species | Live Arrival Guarantee,79.99,29.99,62.5
2026-05-10T08:10:45.117279+00:00,Ty Dye Exotics,ty-dye-exotics:hemiblabera-tenebricosa-elliot-key-broad-keys-roach-most-colorful-hemiblabera-live-arrival-guarantee,Hemiblabera tenebricosa 'Elliot Key' – Broad Keys Roach | Most Colorful Hemiblabera | Live Arrival Guarantee,29.99,17.99,40.0
2026-05-10T08:10:45.117279+00:00,Ty Dye Exotics,ty-dye-exotics:hemiblabera-roseni-horseshoe-crab-roach-largest-hemiblabera-species-live-arrival-guarantee,Hemiblabera roseni – Horseshoe Crab Roach | Largest Hemiblabera Species | Live Arrival Guarantee,27.99,18.99,32.2
2026-05-10T08:10:45.117279+00:00,Nature's Good Guys,natures-good-guys:arber-bio-insecticide,Arber Bio Insecticide 8oz,25.0,22.99,8.0
2026-05-10T08:10:45.117279+00:00,Nature's Good Guys,natures-good-guys:maggies-farm-ant-killer,Maggie's Farm - Ant Killer,9.97,7.99,19.9
2026-05-10T08:10:45.117279+00:00,Nature's Good Guys,natures-good-guys:mud-original-gloves-use-with-electronic-devices-copy,Mud Original Gloves - Ideal for Rugged Outdoor Chores,14.99,16.99,13.3
2026-05-10T08:10:45.117279+00:00,Nature's Good Guys,natures-good-guys:arber-plant-food,Arber Plant Food 16oz,14.5,21.99,51.7
2026-05-10T08:10:45.117279+00:00,Nature's Good Guys,natures-good-guys:mud-h20-waterproof-gloves,Mud H20 Waterproof Gloves - Ideal for Wet & Muddy Planting & Weeding,10.99,12.99,18.2
2026-05-10T08:10:45.117279+00:00,Nature's Good Guys,natures-good-guys:rescue-ant-baits,Rescue Ant Baits,7.99,8.99,12.5
2026-05-10T08:10:45.117279+00:00,Nature's Good Guys,natures-good-guys:rescue-fruit-fly-trap,Rescue Reusable Fruit Fly Trap,9.75,6.99,28.3
2026-05-10T08:10:45.117279+00:00,Nature's Good Guys,natures-good-guys:natria-insecticidal-soap-24-fl-oz,NATRIA Insecticidal Soap - 24-fl oz,8.99,9.99,11.1
2026-05-10T08:10:45.117279+00:00,Nature's Good Guys,natures-good-guys:harris-30-vinegar-concentrate-32-fl-oz,Harris 30% Vinegar Concentrate Cleaning Solution - 32-fl oz,10.99,11.99,9.1
2026-05-10T08:10:45.117279+00:00,Nature's Good Guys,natures-good-guys:monterey-mite-insect-control-rtu-32-fl-oz-spray,Monterey Mite & Insect Control RTU 32-fl. oz. Spray,9.0,14.99,66.6
2026-05-10T08:10:45.117279+00:00,Nature's Good Guys,natures-good-guys:monterey-fruit-tree-spray-plus-16-fl-oz,Monterey Fruit Tree Spray Plus 16-fl oz,34.0,39.99,17.6
2026-05-10T08:10:45.117279+00:00,Nature's Good Guys,natures-good-guys:stink-bug-attractant-lure,Stink Bug Attractant Lure Replacement,11.0,15.99,45.4
2026-05-10T08:10:45.117279+00:00,Nature's Good Guys,natures-good-guys:vivatrap-squash-vine-borer-moth-trap-2-pack,Vivatrap Squash Vine Borer Moth Trap - 2 Pack,17.99,24.99,38.9
2026-05-10T08:10:45.117279+00:00,Nature's Good Guys,natures-good-guys:monterey-b-t-rtu-32-fl-oz-spray,Monterey B.t. RTU 32-fl. oz. Spray,13.0,16.99,30.7
2026-05-10T08:10:45.117279+00:00,Nature's Good Guys,natures-good-guys:monterey-liqui-cop-16-fl-oz,Monterey Liqui-Cop Fungicide,17.5,11.99,31.5
2026-05-10T08:10:45.117279+00:00,Nature's Good Guys,natures-good-guys:diatomaceous-earth-8-oz-bottle,Harris Diatomaceous Earth 8oz Bottle,7.99,9.49,18.8
2026-05-10T08:10:45.117279+00:00,Nature's Good Guys,natures-good-guys:vivatrap-corn-earworm-tomato-fruitworm-moth-trap,Vivatrap Corn Earworm & Tomato Fruitworm Moth Trap - 2 Pack,16.5,19.99,21.2
2026-05-10T08:10:45.117279+00:00,Nature's Good Guys,natures-good-guys:orange-guard-home-pest-control,Orange Guard Home Pest Control - 32-fl oz,13.0,17.99,38.4
2026-05-10T08:10:45.117279+00:00,Nature's Good Guys,natures-good-guys:monterey-horticultural-oil,Monterey Horticultural Oil RTU - 32-fl oz,14.0,16.99,21.4
2026-05-10T08:10:45.117279+00:00,Nature's Good Guys,natures-good-guys:natria-neem-oil-rtu,NATRIA Neem Oil - 24-fl oz,10.5,12.99,23.7
2026-05-10T08:10:45.117279+00:00,Nature's Good Guys,natures-good-guys:harris-neem-oil-100-cold-pressed,Harris 100% Cold Pressed Neem Oil - 12-fl oz,16.99,14.99,11.8
2026-05-10T08:10:45.117279+00:00,Nature's Good Guys,natures-good-guys:predalure,PredaLure - Attract Beneficial Insects,5.99,9.99,66.8
2026-05-10T08:10:45.117279+00:00,Nature's Good Guys,natures-good-guys:dead-inn-stink-bug-trap,DEAD-INN Stink Bug Trap,35.0,37.99,8.5
2026-05-10T08:10:45.117279+00:00,Meme's Worms,memes-worms:pure-red-wiggler-composting-worms-eisenia-foetida,Red Wigglers For Sale - Pure Eisenia Fetida,28.99,64.99,124.2
2026-05-10T08:10:45.117279+00:00,DubiaRoaches.com,dubiaroaches:zoo-med-super-deluxe-10-stainless-steel-feeding-tongs-auction-21,Zoo Med Super Deluxe 10″ Stainless Steel Feeding Tongs Auction,1.0,5.0,400.0
2026-05-10T08:10:45.117279+00:00,DubiaRoaches.com,dubiaroaches:medium-mealworm-500ct-auction-5,Medium Mealworm 500ct Auction,1.0,18.0,1700.0
2026-05-10T08:10:45.117279+00:00,DubiaRoaches.com,dubiaroaches:hornworm-moth-pupa-sexed-pair-manduca-sexta-auction-7,Hornworm Moth Pupa Sexed Pair (Manduca sexta) Auction,1.0,4.0,300.0
2026-05-10T08:10:45.117279+00:00,DubiaRoaches.com,dubiaroaches:large-discoid-250ct-auction-20,Large Discoid 250ct Auction,1.0,31.0,3000.0
2026-05-10T08:10:45.117279+00:00,DubiaRoaches.com,dubiaroaches:36x18x18-v3-50-gallon-auction-8,36x18x18 V3 (50 Gallon) Auction,30.0,147.0,390.0
2026-05-10T08:10:45.117279+00:00,DubiaRoaches.com,dubiaroaches:medium-hornworm-24ct-case-of-12-auction-18,Medium Hornworm 24ct (Case Of 12) Auction,1.0,25.99,2499.0
2026-05-10T08:10:45.117279+00:00,DubiaRoaches.com,dubiaroaches:small-superworm-1-000ct-auction-9,"Small Superworm 1,000ct Auction",1.0,30.0,2900.0
2026-05-10T08:10:45.117279+00:00,Fear Not Tarantulas,fear-not-tarantulas:ephebopus-cyanognathus-blue-fang-tarantula-for-sale-now,"Ephebopus cyanognathus (Blue Fang Tarantula) about  about 3/4"" - 1""",39.0,55.0,41.0
2026-05-10T08:10:45.117279+00:00,Fear Not Tarantulas,fear-not-tarantulas:fufius-gold-spider-for-sale,"Fufius lanicius (Gold Digger Dwarf Spider) About 1/4""",25.0,45.0,80.0
2026-05-10T08:10:45.117279+00:00,Fear Not Tarantulas,fear-not-tarantulas:tapinauchenius-sanctivincenti-st-vincents-tree-spider-2,"Tapinauchenius sanctivincenti (St. Vincent's Tree Spider) about 3/4""",22.0,45.0,104.5
2026-05-10T08:10:45.117279+00:00,Fear Not Tarantulas,fear-not-tarantulas:heteropoda-davidbowie-spiderlings,"Heteropoda davidbowie (David Bowie Huntsman Spider)  about 1"" - 1 1/4""  They have orange coloration already.",42.0,65.0,54.8
2026-05-10T08:10:45.117279+00:00,Fear Not Tarantulas,fear-not-tarantulas:pamphobeteus-mascara-tarantula-for-sale-1,"Pamphobeteus sp. mascara (Mascara Giant Birdeater Tarantula) about 1""",39.0,79.0,102.6
2026-05-10T08:10:45.117279+00:00,Fear Not Tarantulas,fear-not-tarantulas:homoeomma-chilense-chilean-flame-tarantula-small,"Homoeomma chilense  (Chilean Flame Tarantula)  about 1/4"" INCLUDES HABITAT!",79.0,135.0,70.9
2026-05-10T08:10:45.117279+00:00,Fear Not Tarantulas,fear-not-tarantulas:ceratogyrus-darlingi-rear-horned-baboon-tarantula-for-sale-flash,"Ceratogyrus darlingi (Rear Horned Baboon Tarantula) about 1/2"" - 3/4""",14.0,35.0,150.0
2026-05-10T08:10:45.117279+00:00,Fear Not Tarantulas,fear-not-tarantulas:abdomegaphobema-peterklaasi-costa-rican-ember-tarantula-rare,"Abdomegaphobema peterklaasi (Costa Rican Ember Tarantula) about 1 1/4"" - 1 1/2"" *RARE",450.0,350.0,22.2
2026-05-10T08:10:45.117279+00:00,Fear Not Tarantulas,fear-not-tarantulas:harpactira-dictator-tarantula-dictator-baboon,"Harpactira dictator (Dictator Baboon Tarantula) about 3/4"" - 1""+",85.0,75.0,11.8
2026-05-10T08:10:45.117279+00:00,Fear Not Tarantulas,fear-not-tarantulas:cyriopagopus-hati-hati-tarantula-for-sale,"Phormingochilus hati hati (Sulawesi Violet Tarantula) ex Cyriopagopus about 3/4"" - 1""",19.0,42.0,121.1
2026-05-10T08:10:45.117279+00:00,Fear Not Tarantulas,fear-not-tarantulas:megaphobema-mesomelas-costa-rican-red-leg-tarantula-for-sale,"Abdomegaphobema mesomelas (was Megaphobema) (Costa Rican Red Leg Tarantula) about 1 1/2""+",125.0,249.0,99.2
2026-05-10T08:10:45.117279+00:00,Exotics Source,exotics-source:regal-jumping-spider-orangesicle,Regal Jumping Spider “Orangesicle”,95.0,75.0,21.1
2026-05-10T08:10:45.117279+00:00,Exotics Source,exotics-source:regal-jumping-spider-aurelia,Regal Jumping Spider “Aurelia”,95.0,75.0,21.1
2026-05-10T08:10:45.117279+00:00,Exotics Source,exotics-source:regal-jumping-spider-hex,"Regal Jumping Spider ""Hex""",75.0,95.0,26.7
2026-05-10T08:10:45.117279+00:00,Exotics Source,exotics-source:regal-jumping-spider-maroon,"Regal Jumping Spider ""Maroon""",75.0,95.0,26.7
2026-05-10T08:10:45.117279+00:00,Exotics Source,exotics-source:regal-jumping-spider-cranberry-for-sale,"Regal Jumping Spider ""Cranberry""",95.0,75.0,21.1
2026-05-10T08:10:45.117279+00:00,Exotics Source,exotics-source:regal-jumping-spider-bell,"Regal Jumping Spider ""Bell""",95.0,75.0,21.1
2026-05-10T08:10:45.117279+00:00,Exotics Source,exotics-source:regal-jumping-spider-rose,"Regal Jumping Spider ""Rose""",95.0,75.0,21.1
2026-05-10T08:10:45.117279+00:00,Exotics Source,exotics-source:regal-jumping-spider-bengal,"Regal Jumping Spider ""Bengal""",125.0,75.0,40.0
2026-05-10T08:10:45.117279+00:00,Exotics Source,exotics-source:regal-jumping-spider-comet,"Regal Jumping Spider ""Comet""",95.0,75.0,21.1
2026-05-10T08:10:45.117279+00:00,Exotics Source,exotics-source:regal-jumping-spider-sprite,Regal Jumping Spider “Sprite”,75.0,95.0,26.7
2026-05-10T08:10:45.117279+00:00,Exotics Source,exotics-source:regal-jumping-spider-gumdrop,"Regal Jumping Spider ""Gumdrop""",75.0,95.0,26.7
2026-05-10T08:10:45.117279+00:00,Exotics Source,exotics-source:regal-jumping-spider-cheetah,"Regal Jumping Spider ""Cheetah""",95.0,75.0,21.1
2026-05-10T08:10:45.117279+00:00,Exotics Source,exotics-source:regal-jumping-spider-coffee,"Regal Jumping Spider ""Coffee""",75.0,95.0,26.7
2026-05-10T08:10:45.117279+00:00,Exotics Source,exotics-source:regal-jumping-spider-gemstone,"Regal Jumping Spider ""Gemstone""",75.0,95.0,26.7
2026-05-10T08:10:45.117279+00:00,Exotics Source,exotics-source:regal-jumping-spider-apple-for-sale,"Regal Jumping Spider ""Apple""",75.0,95.0,26.7
2026-05-10T08:10:45.117279+00:00,Exotics Source,exotics-source:regal-jumping-spider-skittles,"Regal Jumping Spider ""Skittles""",95.0,75.0,21.1
2026-05-10T08:10:45.117279+00:00,Exotics Source,exotics-source:regal-jumping-spider-bubbles-for-sale,"Regal Jumping Spider ""Bubbles""",75.0,95.0,26.7
2026-05-10T08:10:45.117279+00:00,Spider Shoppe,spider-shoppe:gandanameno-echinata-namibiian-velvet-spider-0-125,Gandanameno echinata (Namibiian Velvet Spider),124.0,198.0,59.7
2026-05-10T08:10:45.117279+00:00,Spider Shoppe,spider-shoppe:davus-sp-oaxaca-white-leg-tiger-rump-0-25-2-5-female,Davus sp 'Oaxaca' (White Leg Tiger Rump),68.0,198.0,191.2
2026-05-10T08:10:45.117279+00:00,Spider Shoppe,spider-shoppe:urupelma-peruvianum-peru-mountain-dwarf-0-25,Urupelma peruvianum (Peru Mountain Dwarf),48.0,148.0,208.3
2026-05-10T08:10:45.117279+00:00,Spider Shoppe,spider-shoppe:ephebopus-rufescens-red-skeleton-0-75,Ephebopus rufescens (Red Skeleton),46.0,78.0,69.6
2026-05-10T08:10:45.117279+00:00,Spider Shoppe,spider-shoppe:theraphosinae-sp-cusco-peruvian-royalty-2,Theraphosinae sp 'Cusco' (Peruvian Royalty),124.0,92.0,25.8
2026-05-10T08:10:45.117279+00:00,Spider Shoppe,spider-shoppe:phormingochilus-sp-sabah-blue-2-3,Phormingochilus sp 'Sabah Blue' (Sabah Blue Earth Tiger),98.0,198.0,102.0
2026-05-10T08:10:45.117279+00:00,Spider Shoppe,spider-shoppe:eresus-sp-blue-sidi-ifni-blue-velvet-spider-0-125,Eresus sp 'Blue Sidi Ifni' (Blue Velvet Spider),78.0,198.0,153.8
2026-05-10T08:10:45.117279+00:00,Spider Shoppe,spider-shoppe:eresus-ruficapillus-italian-ladybird-spider-0-125,Eresus ruficapillus (Italian Ladybird Spider),52.0,62.0,19.2
2026-05-10T08:10:45.117279+00:00,Spider Shoppe,spider-shoppe:thrixopelma-pruriens-peruvian-green-velvet-0-25,Ewok pruriens (Peruvian Green Velvet),28.0,20.0,28.6
2026-05-10T08:10:45.117279+00:00,Spider Shoppe,spider-shoppe:sericopelma-sp-santa-catalina-2-5,Sericopelma sp 'Santa Catalina',98.0,198.0,102.0
2026-05-10T08:10:45.117279+00:00,Spider Shoppe,spider-shoppe:eresus-moravicus-gold-faced-velvet-0-125,Eresus moravicus (Gold-Faced Velvet),54.0,198.0,266.7
2026-05-10T08:10:45.117279+00:00,Spider Shoppe,spider-shoppe:eupalaestrus-campestratus-pink-zebra-beauty-1,Eupalaestrus campestratus (Pink Zebra Beauty),58.0,98.0,69.0
2026-05-10T08:10:45.117279+00:00,Spider Shoppe,spider-shoppe:pelinobius-muticus-king-baboon-2-4-female,Pelinobius muticus (King Baboon),54.0,78.0,44.4
2026-05-10T08:10:45.117279+00:00,Spider Shoppe,spider-shoppe:aphonopelma-burica-costa-rican-blue-front-0-5,Aphonopelma burica (Costa Rican Blue Front),48.0,168.0,250.0
2026-05-10T08:10:45.117279+00:00,Spider Shoppe,spider-shoppe:hapalopus-sp-colombia-klein-munchkin-patch-0-125-1,Hapalopus sp 'Colombia Small' (Munchkin Patch),48.0,148.0,208.3
2026-05-10T08:10:45.117279+00:00,US Invertebrate LLC,us-invertebrate:pandinus-imperator-emperor-scorpion,Pandinus imperator (Emperor Scorpion),79.0,89.0,12.7
2026-05-10T08:10:45.117279+00:00,US Invertebrate LLC,us-invertebrate:scolopendra-hero-hero,Scolopendra hero arizonensis,125.0,185.0,48.0
2026-05-10T08:10:45.117279+00:00,FangzTV,fangztv:caribena-versicolor-antilles-pinktoe-1-5-2,Caribena versicolor Antilles pinktoe  .5'',40.0,50.0,25.0
2026-05-10T08:10:45.117279+00:00,Buddha Bugs,buddha-bugs:typhochlaena-seladonia-brazilian-jewel-tarantula-for-sale,"Typhochlaena seladonia (Brazilian jewel tarantula) 0.25""",275.0,300.0,9.1
2026-05-10T08:10:45.117279+00:00,Buddha Bugs,buddha-bugs:cyriocosmus-elegans-trinidad-dwarf-tiger-tarantula-for-sale,"Cyriocosmus elegans (Trinidadian dwarf tiger tarantula) 0.66""",45.0,50.0,11.1
2026-05-10T08:10:45.117279+00:00,Gallegos Zoological,gallegos-zoological:coenobita-compressus-ecuadorian-hermit-crab,Coenobita compressus (Ecuadorian Hermit Crab),11.99,14.99,25.0
2026-05-10T08:10:45.117279+00:00,Big Apple Herp,big-apple-herp:axolotl-for-sale,Axolotl (Many Color Morphs),52.95,54.95,3.8
2026-05-10T08:10:45.117279+00:00,Big Apple Herp,big-apple-herp:super-high-red-day-geckos,Crimson Giant Day Geckos,74.95,69.95,6.7
2026-05-10T08:10:45.117279+00:00,Big Apple Herp,big-apple-herp:gold-dust-day-geckos,Gold Dust Day Geckos,79.95,69.95,12.5
2026-05-10T08:10:45.117279+00:00,Big Apple Herp,big-apple-herp:emerald-black-tree-skinks,Emerald & Black Tree Skinks,69.95,74.95,7.1
2026-05-10T08:10:45.117279+00:00,Big Apple Herp,big-apple-herp:splendida-kingsnakes,Splendida Kingsnakes,59.95,74.95,25.0
2026-05-10T08:10:45.117279+00:00,Big Apple Herp,big-apple-herp:skeleton-leg-tarantulas,Skeleton Leg Tarantulas,69.0,99.0,43.5
2026-05-10T08:10:45.117279+00:00,Big Apple Herp,big-apple-herp:salamanders-for-sale,Salamanders (Various Species),27.95,29.95,7.2
2026-05-10T08:10:45.117279+00:00,Big Apple Herp,big-apple-herp:scarlet-kingsnakes,Scarlet Kingsnakes,199.95,229.95,15.0
2026-05-10T08:10:45.117279+00:00,Big Apple Herp,big-apple-herp:green-keeled-lizards,Green Keeled Lizards,79.95,104.95,31.3
2026-05-10T08:10:45.117279+00:00,Big Apple Herp,big-apple-herp:knight-anoles,Knight Anoles,36.95,34.95,5.4
2026-05-10T08:10:45.117279+00:00,Big Apple Herp,big-apple-herp:axanthic-halmahera-blue-tongue-skink,Axanthic Halmahera Blue Tongue Skink,1099.95,489.95,55.5
2026-05-10T08:10:45.117279+00:00,Big Apple Herp,big-apple-herp:albino-nelson-milksnake,Albino Nelson Milksnakes,94.95,74.95,21.1
2026-05-10T08:10:45.117279+00:00,James' Beetle Farm,james-beetle-farm:coconut-fiber-bedding-for-adult-beetles,Coconut Fiber/Husk (bedding for adult beetles),11.99,13.99,16.7
2026-05-10T08:10:45.117279+00:00,Coast2Coast Beetles,coast2coast-beetles:trypoxylus-dichotomus-tsunobosonu-taiwan-rhino-beetle-adult-male-pictured-copy,Trypoxylus dichotomus tsunobosonu (Taiwan Rhino Beetle) ADULTS,150.0,80.0,46.7
2026-05-10T08:10:45.117279+00:00,Coast2Coast Beetles,coast2coast-beetles:xylotrupes-pachycera-adult-pair,Xylotrupes pachycera Adults,100.0,80.0,20.0
2026-05-10T08:10:45.117279+00:00,Coast2Coast Beetles,coast2coast-beetles:mushiking-beetle-trading-cards-sega-sleeved-random,Mushiking Beetle Trading Cards Sega Sleeved (RANDOM),5.0,1.5,70.0
2026-05-10T08:10:45.117279+00:00,Coast2Coast Beetles,coast2coast-beetles:propomacrus-bimucronatus-turkey-long-arm-beetle,Propomacrus bimucronatus (Turkey Long Arm Beetle),19.99,15.0,25.0
2026-05-10T08:10:45.117279+00:00,The Bio Dude,the-bio-dude:flukers-mini-dripper-reptile-drip-system,Fluker's Mini Dripper - Reptile Drip System 12 oz,9.95,12.95,30.2
2026-05-10T08:10:45.117279+00:00,The Bio Dude,the-bio-dude:zoo-med-environmental-control-center,Zoo Med Environmental Control Center,129.95,134.95,3.8
2026-05-10T08:10:45.117279+00:00,The Bio Dude,the-bio-dude:zoo-med-60-watt-ceramic-heat-emitter-10-20-gallons-free-shipping,Zoo Med Ceramic Heat Emitter,24.95,25.95,4.0
2026-05-10T08:10:45.117279+00:00,The Bio Dude,the-bio-dude:zoo-med-reptitemp-digital-thermostat-free-shipping,Zoo Med ReptiTemp Digital Thermostat,50.95,52.95,3.9
2026-05-10T08:10:45.117279+00:00,The Bio Dude,the-bio-dude:reptitherm-under-tank-heater-10-20-gallons,Zoo Med ReptiTherm Under Tank Heater,25.95,27.95,7.7
2026-05-10T08:10:45.117279+00:00,The Bio Dude,the-bio-dude:natural-terrarium-hood-12,"Natural Terrarium Hood 12""",29.95,32.95,10.0
2026-05-10T08:10:45.117279+00:00,Imperial Reptiles,imperial-reptiles:red-foot-tortoise-baby-mis-scute-extra-scute,Red Foot Tortoise Baby (Mis Scute/Extra Scute),99.99,149.99,50.0
2026-05-10T08:10:45.117279+00:00,Imperial Reptiles,imperial-reptiles:parkers-snake-neck-turtle-baby,Parker's Snake Neck Turtle Baby,299.99,199.99,33.3
2026-05-10T08:10:45.117279+00:00,Imperial Reptiles,imperial-reptiles:speckle-patch-tarantula-hapalopus-sp-guerilla-for-sale,Speckle Patch Tarantula (Hapalopus guerreroi),112.49,69.99,37.8
2026-05-10T08:10:45.117279+00:00,Frognose Exotics,frognose-exotics:phrynichus-orientalis,Phrynichus orientalis Tailless Whip Scorpion,70.0,40.0,42.9
2026-05-10T08:10:45.117279+00:00,Frognose Exotics,frognose-exotics:catageus-brevispina,Catageus brevispina Tailless Whip Scorpion,80.0,40.0,50.0
2026-05-10T08:10:45.117279+00:00,Frognose Exotics,frognose-exotics:catageus-berkeleyi,Catageus berkeleyi Tailless Whip Scorpion,175.0,140.0,20.0
2026-05-10T08:10:45.117279+00:00,Frognose Exotics,frognose-exotics:black-dragon-centipede-2i,Black Dragon Centipede (5i),40.0,60.0,50.0
2026-05-10T08:10:45.117279+00:00,Frognose Exotics,frognose-exotics:millipede-centipede-pedeling-edentistoma-octosulcatum,Millipede Centipede (Edentistoma octosulcatum),450.0,400.0,11.1
2026-05-10T08:10:45.117279+00:00,Frognose Exotics,frognose-exotics:buton-island-giant-centipede,Buton Island Black Centipede,300.0,250.0,16.7
2026-05-10T08:10:45.117279+00:00,Frognose Exotics,frognose-exotics:acanthophrynus-coronatus,Acanthophrynus coronatus,200.0,80.0,60.0
2026-05-10T08:10:45.117279+00:00,Frognose Exotics,frognose-exotics:platythomisus-octomaculatus,Pikachu Crab Spider (Platythomisus octomaculatus),180.0,80.0,55.6
2026-05-10T08:10:45.117279+00:00,Frognose Exotics,frognose-exotics:black-java-giant-centipede,Scolopendra Sp Java Black Giant,150.0,220.0,46.7
2026-05-10T08:10:45.117279+00:00,Frognose Exotics,frognose-exotics:malaysian-jewel-centipede,Scolopendra Sp Malaysian Jewel,180.0,200.0,11.1
2026-05-10T08:10:45.117279+00:00,Tar Heel Ants,tar-heel-ants:pogonomyrmex-occidentalis-30-40-workers-queenants-only-2,"Pogonomyrmex occidentalis (45-50 workers, Queen)(Ants Only)",87.0,97.0,11.5
2026-05-10T08:10:45.117279+00:00,Tar Heel Ants,tar-heel-ants:pogonomyrmex-occidentalis-bundle-40-workersfallen-fortress-bundle,"Pogonomyrmex occidentalis Bundle (45+ workers, Queen)(Fallen Fortress Bundle)",159.99,169.69,6.1
2026-05-10T08:10:45.117279+00:00,JMZ Butterfly Farm,jmz-butterfly-farm:mourning-cloak-caterpillers-or-chrysalis,Mourning Cloak Caterpillers or Chrysalis,65.0,75.0,15.4
2026-05-10T08:10:45.117279+00:00,JMZ Butterfly Farm,jmz-butterfly-farm:pipevine-swallowtail-caterpillars-or-chrysalis,Pipevine Swallowtail Caterpillars or Chrysalis,85.0,75.0,11.8
2026-05-10T08:10:45.117279+00:00,JMZ Butterfly Farm,jmz-butterfly-farm:monarch-caterpillars-or-chrysalis,Monarch Caterpillars or Chrysalis,65.0,75.0,15.4
2026-05-10T08:10:45.117279+00:00,TC Insects,tc-insects:isopoda-sp-tarragona,Isopoda sp. Tarragona,10.0,6.99,30.1
2026-05-10T08:10:45.117279+00:00,TC Insects,tc-insects:dwarf-white-isopods-for-sale,Trichorhina tomentosa &#8211; &#8220;Dwarf White Isopods&#8221;,9.0,7.99,11.2
2026-05-10T08:10:45.117279+00:00,TC Insects,tc-insects:trichoniscus-sp-dwarf-purple-isopods,Trichoniscus sp. &#8220;Dwarf Purple&#8221; Isopods,11.99,9.99,16.7
2026-05-10T08:10:45.117279+00:00,AntGear,antgear:ant-vacuum,Rechargeable AntVac for Maintaining Captive Ants,39.99,32.99,17.5
2026-05-10T08:10:45.117279+00:00,Buckeye Myrmecology,buckeye-myrmecology:prenolepis-imparis,Prenolepis Imparis,40.0,48.0,20.0
2026-05-10T08:10:45.117279+00:00,Buckeye Myrmecology,buckeye-myrmecology:lasius-brevicornis,Lasius brevicornis,26.0,30.0,15.4
2026-05-13T08:47:52.092779+00:00,PanTerra Pets,panterra-pets:deli-cups-vented-lids,32oz Deli Cups & Vented Lids,3.99,4.99,25.1
2026-05-13T08:47:52.092779+00:00,The Defiant Forest,the-defiant-forest:painted-begonia-fuchsia,"Painted Begonia, Fuchsia",9.5,12.5,31.6
2026-05-13T08:47:52.092779+00:00,The Defiant Forest,the-defiant-forest:brazilian-red-white-tarantula-nhandu-chromatus,"Brazilian Red & White Tarantula, Vitalis chromatus - Terrestrial Species",29.0,36.0,24.1
2026-05-13T08:47:52.092779+00:00,Exotics Unlimited,exotics-unlimited:hapalopus-sp-guerilla-speckle-patch-tarantula-0-75,Hapalopus guerreroi (Speckle Patch Guerilla Tarantula) (Ex. vangoghi & sp. Guerilla),42.0,35.0,16.7
2026-05-13T08:47:52.092779+00:00,Ty Dye Exotics,ty-dye-exotics:isopod-crunchies-freeze-dried-krill-high-protein-food-0-5oz,Isopod Crunchies Freeze Dried Krill – High-Protein Food 0.5oz,5.95,6.95,16.8
2026-05-13T08:47:52.092779+00:00,Ty Dye Exotics,ty-dye-exotics:isopod-crunchies-dried-baltic-herring-5-count-protein-treat,Isopod Crunchies Dried Baltic Herring – 5 Count Protein Treat,5.95,6.95,16.8
2026-05-13T08:47:52.092779+00:00,Ty Dye Exotics,ty-dye-exotics:isopod-crunchies-dried-peas-4oz-natural-isopod-food,Isopod Crunchies Dried Peas – 4oz | Natural Isopod Food,3.95,4.95,25.3
2026-05-13T08:47:52.092779+00:00,Meme's Worms,memes-worms:5000-red-wiggler-composting-worms-for-sale,5LBS Pure Red Wiggler Composting Worms For Sale - FREE SHIPPING (Approx. 5000 Worms),299.99,324.99,8.3
2026-05-13T08:47:52.092779+00:00,Meme's Worms,memes-worms:bulk-eisenia-andrei-red-wiggler-composting-worms,Bulk Pure Red Wiggler Composting Worms - FREE SHIPPING,299.99,324.99,8.3
2026-05-13T08:47:52.092779+00:00,DubiaRoaches.com,dubiaroaches:large-discoid-250ct-auction-22,Large Discoid 250ct Auction,1.0,31.0,3000.0
2026-05-13T08:47:52.092779+00:00,DubiaRoaches.com,dubiaroaches:medium-mealworm-500ct-auction-6,Medium Mealworm 500ct Auction,1.0,10.0,900.0
2026-05-13T08:47:52.092779+00:00,DubiaRoaches.com,dubiaroaches:large-hornworm-12ct-case-of-6-auction-17,Large Hornworm 12ct (Case Of 6) Auction,1.0,25.0,2400.0
2026-05-13T08:47:52.092779+00:00,DubiaRoaches.com,dubiaroaches:xl-dubia-roaches-250ct-auction-12,XL Dubia Roaches 250ct Auction,1.0,21.0,2000.0
2026-05-13T08:47:52.092779+00:00,DubiaRoaches.com,dubiaroaches:80w-heat-panel-reptile-habitat-auction-17,80w Heat Panel Reptile Habitat Auction,20.0,135.0,575.0
2026-05-13T08:47:52.092779+00:00,DubiaRoaches.com,dubiaroaches:large-mealworm-500ct-auction-1,Large Mealworm 500ct Auction,1.0,17.0,1600.0
2026-05-13T08:47:52.092779+00:00,DubiaRoaches.com,dubiaroaches:48x24x12-60-gallon-v2-auction-12,48x24x12 (60 Gallon) V2 Auction,217.0,175.0,19.4
2026-05-13T08:47:52.092779+00:00,Bee Built,bee-built:composite-roof-panels-for-flow-hive,Composite Roof Panels for Flow Hive™,19.6,79.0,303.1
2026-05-13T08:47:52.092779+00:00,Fear Not Tarantulas,fear-not-tarantulas:avicularia-juruensis-purple-peru-tarantula,"Avicularia juruensis (Purple Peru Tarantula) about 3/4""-1""",45.0,55.0,22.2
2026-05-13T08:47:52.092779+00:00,Tropical Isopods,tropical-isopods:cubaris-sp-rubber-ducky-isopod-for-sale,"Cubaris Sp. ""Rubber Ducky""",50.0,40.0,20.0
2026-05-13T08:47:52.092779+00:00,Tropical Isopods,tropical-isopods:blaberus-cf-peruvianus-12-count-mixed-size-for-sale,"Blaberus CF. Peruvianus ""Peruvian Cave Roach"" - 12 Count Mixed Size",30.0,20.0,33.3
2026-05-13T08:47:52.092779+00:00,Big Apple Herp,big-apple-herp:brown-elephant-trunk-snake,Brown Elephant Trunk Snake,99.95,89.95,10.0
2026-05-13T08:47:52.092779+00:00,Big Apple Herp,big-apple-herp:elongated-tortoises-1,Elongated Tortoises,189.0,219.95,16.4
2026-05-13T08:47:52.092779+00:00,Big Apple Herp,big-apple-herp:green-keeled-lizards,Green Keeled Lizards,104.95,79.95,23.8
2026-05-13T08:47:52.092779+00:00,Big Apple Herp,big-apple-herp:brazilian-rainbow-boas-1,Brazilian Rainbow Boas,299.95,359.95,20.0
2026-05-13T08:47:52.092779+00:00,Big Apple Herp,big-apple-herp:peach-throat-monitors,Peach Throat Monitors,359.95,459.95,27.8
2026-05-13T08:47:52.092779+00:00,David's Beetles,davids-beetles:adults-rainbow-stag-beetle-phalacrognathus-muelleri,ADULTS:  Rainbow stag beetle  (Phalacrognathus muelleri),50.0,75.0,50.0
2026-05-13T08:47:52.092779+00:00,The Bio Dude,the-bio-dude:ocellated-skink-chalcides-occelatus-bioactive-vivarium-kit,Ocellated Skink (Chalcides Occelatus) Bioactive vivarium kit,239.95,249.95,4.2
2026-05-13T08:47:52.092779+00:00,The Bio Dude,the-bio-dude:central-banded-gecko-coleonyx-mitratus-bioactive-vivarium-kit,Central American Banded Gecko (Coleonyx Mitratus) Bioactive Vivarium Kit,339.95,349.95,2.9
2026-05-13T08:47:52.092779+00:00,The Bio Dude,the-bio-dude:dried-baltic-herring-5-count,Isopod Crunchies Dried Baltic Herring – 5 Count Protein Treat,5.95,6.95,16.8
2026-05-13T08:47:52.092779+00:00,The Bio Dude,the-bio-dude:freeze-dried-krill-0-5oz-bag,Isopod Crunchies Freeze Dried Krill – High-Protein Food 0.5oz,5.95,6.95,16.8
2026-05-13T08:47:52.092779+00:00,The Bio Dude,the-bio-dude:isopod-crunchies-dried-peas-4oz-bag,Isopod Crunchies Dried Peas – 4oz | Natural Isopod Food,3.95,4.95,25.3
2026-05-13T08:47:52.092779+00:00,The Bio Dude,the-bio-dude:colored-river-pebbles-5-lb-box,Colored River Pebbles - 5 LB box,7.95,9.95,25.2
2026-05-13T08:47:52.092779+00:00,The Bio Dude,the-bio-dude:kenyan-sand-boa-snake-bioactive-kit,Kenyan Sand Boa (Gongylophis colubrinus) Bioactive Vivarium Kit,129.95,134.95,3.8
2026-05-13T08:47:52.092779+00:00,The Bio Dude,the-bio-dude:death-feigning-beetle-asbolus-sp-bioactive-vivarium-kit,Death Feigning Beetle (Asbolus sp.) Bioactive Vivarium Kit,134.95,139.95,3.7
2026-05-13T08:47:52.092779+00:00,The Bio Dude,the-bio-dude:fire-skink-bioactive-kit,Fire Skink (Lepidothyris fernandi) Bioactive Vivarium Kit,194.95,199.95,2.6
2026-05-13T08:47:52.092779+00:00,The Bio Dude,the-bio-dude:carrot-tail-viper-gecko-teratolepis-fasciata-bioactive-vivarium-kit,Carrot-tail Viper Gecko (Hemidactylus imbricatus) Bioactive Vivarium Kit,199.95,204.95,2.5
2026-05-13T08:47:52.092779+00:00,The Bio Dude,the-bio-dude:blue-tongue-skink-lizard-bioactive-kit,Blue Tongue Skink (Tiliqua spp.) Bioactive Habitat Terrarium Kit,239.95,249.95,4.2
2026-05-13T08:47:52.092779+00:00,The Bio Dude,the-bio-dude:leopard-gecko-complete-terrarium-kit,Leopard Gecko (Eublepharis macularius) Bioactive Vivarium Kit,124.95,129.95,4.0
2026-05-13T08:47:52.092779+00:00,The Bio Dude,the-bio-dude:copy-of-case-texas-oklahoma-mexico-flagstone-slate-rock,Small Texas Flagstone Case (7-8 lbs),11.95,16.95,41.8
2026-05-13T08:47:52.092779+00:00,The Bio Dude,the-bio-dude:vivarium-rock-waterfall-kit-medium,Vivarium Rock Waterfall Kit Medium,79.95,89.95,12.5
2026-05-13T08:47:52.092779+00:00,The Bio Dude,the-bio-dude:vivarium-rock-waterfall-kit-small,Vivarium Rock Waterfall Kit Small,49.95,54.95,10.0
2026-05-13T08:47:52.092779+00:00,The Bio Dude,the-bio-dude:vivarium-waterfall-kit-large,Vivarium Rock Waterfall Kit Large,134.95,154.95,14.8
2026-05-13T08:47:52.092779+00:00,The Bio Dude,the-bio-dude:texas-slate-rock-bulk-case-free-shipping,CASE LARGE  Texas - Oklahoma - Mexico Flagstone/Slate Rock,29.95,39.95,33.4
2026-05-13T08:47:52.092779+00:00,Frognose Exotics,frognose-exotics:scolopendra-toraja-normal,Scolopendra Toraja - normal,150.0,99.99,33.3
2026-05-13T08:47:52.092779+00:00,Frognose Exotics,frognose-exotics:scolopendra-piceoflava-black-angel,Scolopendra piceoflava - Black Angel,250.0,199.99,20.0
2026-05-13T08:47:52.092779+00:00,Frognose Exotics,frognose-exotics:scolopendra-subspinipes-piceoflava,Scolopendra piceoflava - normal,150.0,99.99,33.3
2026-05-13T08:47:52.092779+00:00,Grow Organic,grow-organic:anderson-band-2-88-x-5-5,"2.88 X 5.5"" Anderson Band",92.99,130.99,40.9
2026-05-13T08:47:52.092779+00:00,JMZ Butterfly Farm,jmz-butterfly-farm:luna-moth-eggs,Luna Moth Eggs,35.0,24.0,31.4
2026-05-13T08:47:52.092779+00:00,JMZ Butterfly Farm,jmz-butterfly-farm:12-io-moth-eggs,12 Io Moth Eggs,30.0,35.0,16.7
2026-05-13T08:47:52.092779+00:00,TC Insects,tc-insects:yuukianura-aphoruroides-asian-orange-springtails,Yuukianura Aphoruroides | Asian Orange Springtails,14.99,10.99,26.7
2026-05-13T08:47:52.092779+00:00,TC Insects,tc-insects:orchesella-villosa-woolly-mammoth-springtails,Orchesella villosa | Woolly Mammoth Springtails,12.99,14.99,15.4
2026-05-13T08:47:52.092779+00:00,TC Insects,tc-insects:onychuninae-little-soil-springtails,Onychiuninae Sp. | Little Soil Springtails,18.0,7.99,55.6
2026-05-13T08:47:52.092779+00:00,TC Insects,tc-insects:pseudosinella-rolfsi-rutabaga-runner-springtails,Pseudosinella rolfsi “Rutabaga Runner” | Runner Springtails,15.0,7.99,46.7
2026-05-13T08:47:52.092779+00:00,TC Insects,tc-insects:entomobrya-confusa-varicolored,Entomobrya assuta var. nov. | Varicolored,18.0,7.99,55.6
2026-05-13T08:47:52.092779+00:00,TC Insects,tc-insects:buy-albino-springtails-for-sale,Ceratophysella Sp. | Yellow Albino,25.0,10.99,56.0
2026-05-13T08:47:52.092779+00:00,TC Insects,tc-insects:buy-arid-springtails-for-sale-wood-runner-springtails-entomobrya-sp-for-sale,8oz | Entomobrya Sp | Wood Runner Springtails | Euro-Clay Culture,29.99,14.99,50.0
2026-05-13T08:47:52.092779+00:00,TC Insects,tc-insects:cubaris-iriomotensis-miyako,Cubaris Iriomotensis &#8216;Japanese Red Edge Miyako&#8217;,45.0,32.99,26.7
2026-05-13T08:47:52.092779+00:00,TC Insects,tc-insects:neanura-growae-florida-orange-for-sale,Yuukianura aphoruroides | Florida Orange Springtails,22.99,12.99,43.5
2026-05-13T08:47:52.092779+00:00,TC Insects,tc-insects:tomocerus-vulgaris-springtails-giant-silver,Tomocerus Vulgaris | Giant Silver Springtails,29.99,14.99,50.0
2026-05-13T08:47:52.092779+00:00,TC Insects,tc-insects:globluar-cave-springtails,Arrhopalites caecus | Globular Cave Springtails,6.0,7.99,33.2
2026-05-13T08:47:52.092779+00:00,AntGear,antgear:test-tube-dock-for-moving-colonies,Test Tube Dock for Moving Colonies,19.99,23.99,20.0
2026-05-13T08:47:52.092779+00:00,AntGear,antgear:sand-dropseed-for-harvester-ants,Sand Dropseed for Seed Eating Ants,7.99,3.99,50.1
2026-05-13T08:47:52.092779+00:00,AntGear,antgear:bluegrass-seeds-for-harvester-ants,Bluegrass Seeds for Harvester Ants,5.99,4.99,16.7
2026-05-13T08:47:52.092779+00:00,AntGear,antgear:pogonomyrmex-rugosus,Rough Harvester Ant (Pogonomyrmex rugosus),49.99,64.99,30.0
2026-05-17T08:24:31.801315+00:00,Exotics Unlimited,exotics-unlimited:chromatopelma-cyaneopubescens-green-bottle-blue-tarantula-female,Chromatopelma cyaneopubescens (Green Bottle Blue Tarantula) FEMALE,185.0,199.0,7.6
2026-05-17T08:24:31.801315+00:00,Exotics Unlimited,exotics-unlimited:grammostola-pulchripes-chaco-golden-knee-tarantula-female,Grammostola pulchripes (Chaco Golden Knee Tarantula) FEMALE,450.0,299.0,33.6
2026-05-17T08:24:31.801315+00:00,Exotics Unlimited,exotics-unlimited:brachypelma-auratum-mexican-flame-knee-tarantula-female,Brachypelma auratum (Mexican Flame Knee Tarantula) FEMALE,275.0,399.0,45.1
2026-05-17T08:24:31.801315+00:00,Exotics Unlimited,exotics-unlimited:chromatopelma-cyaneopubescens-green-bottle-blue-tarantula-male-2-2-5,Chromatopelma cyaneopubescens (Green Bottle Blue Tarantula),49.0,59.0,20.4
2026-05-17T08:24:31.801315+00:00,Exotics Unlimited,exotics-unlimited:hogna-maderiana-madeiran-wolf-spider-3-8-1-8,Hogna maderiana (Orange-Leg Wolf Spider),44.0,55.0,25.0
2026-05-17T08:24:31.801315+00:00,Ty Dye Exotics,ty-dye-exotics:phormictopus-sp-dominican-purple-dominican-purple-birdeater-tarantula-stunning-caribbean-species-live-arrival-guarantee-1,Phormingochilus arboricola – Borneo Black Tarantula | Rare Arboreal Species | Live Arrival Guarantee,64.99,49.99,23.1
2026-05-17T08:24:31.801315+00:00,Ty Dye Exotics,ty-dye-exotics:phoneutria-depilata-panama-wandering-spider-medically-significant-venom-live-arrival-guarantee,Phoneutria depilata – Panama Wandering Spider | Medically Significant Venom | Live Arrival Guarantee,124.99,99.99,20.0
2026-05-17T08:24:31.801315+00:00,Ty Dye Exotics,ty-dye-exotics:harpactira-pulchripes-golden-blue-leg-baboon-tarantula-for-sale-live-arrival-guarantee,Harpactira pulchripes - Golden Blue Leg Baboon Tarantula for Sale | Live Arrival Guarantee,64.99,54.99,15.4
2026-05-17T08:24:31.801315+00:00,Nature's Good Guys,natures-good-guys:pic-mosquito-repellent-coils,PIC Mosquito Repellent Coils - 10 Pack,7.99,4.99,37.5
2026-05-17T08:24:31.801315+00:00,Meme's Worms,memes-worms:5000-red-wiggler-composting-worms-for-sale,5LBS Pure Red Wiggler Composting Worms For Sale - FREE SHIPPING (Approx. 5000 Worms),324.99,299.99,7.7
2026-05-17T08:24:31.801315+00:00,Meme's Worms,memes-worms:bulk-eisenia-andrei-red-wiggler-composting-worms,Bulk Pure Red Wiggler Composting Worms - FREE SHIPPING,324.99,299.99,7.7
2026-05-17T08:24:31.801315+00:00,DubiaRoaches.com,dubiaroaches:large-superworm-250ct-auction-12,Large Superworm 250ct Auction,1.0,12.5,1150.0
2026-05-17T08:24:31.801315+00:00,DubiaRoaches.com,dubiaroaches:dubia-roaches-medium-500ct-auction-27,Dubia Roaches Medium 500ct Auction,1.0,42.0,4100.0
2026-05-17T08:24:31.801315+00:00,DubiaRoaches.com,dubiaroaches:large-hornworm-12ct-case-of-6-auction-18,Large Hornworm 12ct (Case Of 6) Auction,1.0,11.0,1000.0
2026-05-17T08:24:31.801315+00:00,DubiaRoaches.com,dubiaroaches:48x24x12-60-gallon-v2-auction-14,48x24x12 (60 Gallon) V2 Auction,1.0,145.0,14400.0
2026-05-17T08:24:31.801315+00:00,DubiaRoaches.com,dubiaroaches:80w-heat-panel-reptile-habitat-auction-18,80w Heat Panel Reptile Habitat Auction,20.0,118.0,490.0
2026-05-17T08:24:31.801315+00:00,DubiaRoaches.com,dubiaroaches:large-discoid-250ct-auction-24,Large Discoid 250ct Auction,1.0,38.0,3700.0
2026-05-17T08:24:31.801315+00:00,Bee Built,bee-built:bee-snug-all-season-roof,Bee Snug All Season Roof for Langstroth Hives,150.0,149.0,0.7
2026-05-17T08:24:31.801315+00:00,Exotics Source,exotics-source:regal-jumping-spider-valencia,Regal Jumping Spider “Valencia”,75.0,95.0,26.7
2026-05-17T08:24:31.801315+00:00,Exotics Source,exotics-source:regal-jumping-spider-bonfire,Regal Jumping Spider “Bonfire”,75.0,95.0,26.7
2026-05-17T08:24:31.801315+00:00,Exotics Source,exotics-source:regal-jumping-spider-clementine,"Regal Jumping Spider ""Clementine""",95.0,75.0,21.1
2026-05-17T08:24:31.801315+00:00,Exotics Source,exotics-source:regal-jumping-spider-phantom,"Regal Jumping Spider ""Phantom""",95.0,75.0,21.1
2026-05-17T08:24:31.801315+00:00,Exotics Source,exotics-source:regal-jumping-spider-sloane,"Regal Jumping Spider ""Sloane""",75.0,95.0,26.7
2026-05-17T08:24:31.801315+00:00,Exotics Source,exotics-source:regal-jumping-spider-ambrimyst,"Regal Jumping Spider ""Ambrimyst""",75.0,95.0,26.7
2026-05-17T08:24:31.801315+00:00,Exotics Source,exotics-source:regal-jumping-spider-ghost,"Regal Jumping Spider ""Ghost""",95.0,125.0,31.6
2026-05-17T08:24:31.801315+00:00,Exotics Source,exotics-source:regal-jumping-spider-juniper,"Regal Jumping Spider ""Juniper""",95.0,75.0,21.1
2026-05-17T08:24:31.801315+00:00,Exotics Source,exotics-source:regal-jumping-spider-kisses,"Regal Jumping Spider ""Kisses""",75.0,95.0,26.7
2026-05-17T08:24:31.801315+00:00,Exotics Source,exotics-source:regal-jumping-spider-crystal,"Regal Jumping Spider ""Crystal”",75.0,95.0,26.7
2026-05-17T08:24:31.801315+00:00,Exotics Source,exotics-source:regal-jumping-spider-melody,"Regal Jumping Spider ""Melody""",95.0,75.0,21.1
2026-05-17T08:24:31.801315+00:00,Exotics Source,exotics-source:regal-jumping-spider-bluey-1,"Regal Jumping Spider ""Bluey""",95.0,125.0,31.6
2026-05-17T08:24:31.801315+00:00,Exotics Source,exotics-source:regal-jumping-spider-macaron,"Regal Jumping Spider ""Macaron""",95.0,75.0,21.1
2026-05-17T08:24:31.801315+00:00,Exotics Source,exotics-source:regal-jumping-spider-sunset,"Regal Jumping Spider ""Sunset""",75.0,95.0,26.7
2026-05-17T08:24:31.801315+00:00,Exotics Source,exotics-source:regal-jumping-spider-sapphire,"Regal Jumping Spider ""Sapphire"" (Rare)",125.0,200.0,60.0
2026-05-17T08:24:31.801315+00:00,Exotics Source,exotics-source:regal-jumping-spider-spooky,"Regal Jumping Spider ""Spooky""",75.0,95.0,26.7
2026-05-17T08:24:31.801315+00:00,Exotics Source,exotics-source:regal-jumping-spider-goldie,"Regal Jumping Spider ""Goldie""",75.0,95.0,26.7
2026-05-17T08:24:31.801315+00:00,Spider Shoppe,spider-shoppe:ybyrapora-diversipes-amazon-sapphire-0-5,Ybyrapora diversipes (Amazon Sapphire),88.0,58.0,34.1
2026-05-17T08:24:31.801315+00:00,Spider Shoppe,spider-shoppe:avicularia-sp-pucallpa-mardi-gras-pink-toe-0-75,Avicularia sp 'Pucallpa' (Mardi Gras Pink Toe),48.0,38.0,20.8
2026-05-17T08:24:31.801315+00:00,Spider Shoppe,spider-shoppe:orphnaecus-sp-negros-negros-island-earth-tiger-0-25,Orphnaecus sp 'Negros' (Negros Island Earth Tiger),38.0,44.0,15.8
2026-05-17T08:24:31.801315+00:00,Spider Shoppe,spider-shoppe:grammostola-iheringi-entre-rios-6-female,Grammostola iheringi (Entre Rios),98.0,298.0,204.1
2026-05-17T08:24:31.801315+00:00,Spider Shoppe,spider-shoppe:avicularia-variegata-grizzled-pink-toe-0-5,Avicularia variegata (Grizzled Pink Toe),98.0,86.0,12.2
2026-05-17T08:24:31.801315+00:00,Spider Shoppe,spider-shoppe:neostenotarsus-sp-suriname-suriname-dwarf-0-5,Neostenotarsus sp 'Suriname' (Suriname Dwarf),50.0,88.0,76.0
2026-05-17T08:24:31.801315+00:00,Spider Shoppe,spider-shoppe:cyrtopholis-sp-peravia-0-5-0-75,Cyrtopholis sp 'Peravia',58.0,72.0,24.1
2026-05-17T08:24:31.801315+00:00,Spider Shoppe,spider-shoppe:avicularia-geroldi-brazilian-blue-green-pink-toe-0-75,Avicularia geroldi (Brazilian Blue-Green Pink Toe),94.0,74.0,21.3
2026-05-17T08:24:31.801315+00:00,Spider Shoppe,spider-shoppe:psalmopoeus-pulcher-panama-blonde-0-5,Psalmopoeus pulcher (Panama Blonde),44.0,28.0,36.4
2026-05-17T08:24:31.801315+00:00,Spider Shoppe,spider-shoppe:selenocosmiinae-sp-romblon-pink-2-5-mm,Selenocosmiinae sp 'Romblon Pink',48.0,58.0,20.8
2026-05-17T08:24:31.801315+00:00,Holy-Poly Isopods,holy-poly-isopods:magnolia-leaf-litter,Leaf Litter,7.0,8.0,14.3
2026-05-17T08:24:31.801315+00:00,Best Bee Brothers,best-bee-brothers:wasp-deterrent-hive,Wasp Deterrent Hives,7.99,9.99,25.0
2026-05-17T08:24:31.801315+00:00,Big Apple Herp,big-apple-herp:cinnamon-ball-pythons-for-sale,Cinnamon Ball Pythons for Sale – Multiple Morphs Available,379.0,239.95,36.7
2026-05-17T08:24:31.801315+00:00,Big Apple Herp,big-apple-herp:gold-dust-day-geckos,Gold Dust Day Geckos,69.95,74.95,7.1
2026-05-17T08:24:31.801315+00:00,Big Apple Herp,big-apple-herp:scarlet-kingsnakes,Scarlet Kingsnakes,229.95,189.95,17.4
2026-05-17T08:24:31.801315+00:00,The Bio Dude,the-bio-dude:creek-rock-case-32lbs-per-case,Creek Rock Case (25lbs per case),29.95,39.95,33.4
2026-05-17T08:24:31.801315+00:00,The Bio Dude,the-bio-dude:panther-chameleon-bioactive-kit,Panther Chameleon (Furcifer pardalis) Bioactive Vivarium Kit,250.95,255.95,2.0
2026-05-17T08:24:31.801315+00:00,Imperial Reptiles,imperial-reptiles:emerald-tree-boa-juvenile,'25 CBB Northern Emerald Tree Boa - Male,1250.0,1499.99,20.0
2026-05-17T08:24:31.801315+00:00,Imperial Reptiles,imperial-reptiles:high-color-hypo-woma-python-young-adult-female-for-sale,Woma Python (High Contrast) Adult Female #1,1199.99,1100.0,8.3
2026-05-17T08:24:31.801315+00:00,Imperial Reptiles,imperial-reptiles:dark-woma-python-adult-female-for-sale,Woma Python Adult,1200.0,749.99,37.5
2026-05-17T08:24:31.801315+00:00,Imperial Reptiles,imperial-reptiles:orange-dream-het-clown-for-sale,Orange Dream het. Clown Adult Female,499.99,199.99,60.0
2026-05-17T08:24:31.801315+00:00,Imperial Reptiles,imperial-reptiles:piebald-young-adult-for-sale,Piebald Ball Python Adult Female,449.99,499.99,11.1
2026-05-17T08:24:31.801315+00:00,Imperial Reptiles,imperial-reptiles:banana-lemonblast-ball-python-adult-for-sale,Banana Lemonblast Ball Python Adult,279.99,189.99,32.1
2026-05-17T08:24:31.801315+00:00,Imperial Reptiles,imperial-reptiles:champagne-ball-python-adult-for-sale,Champagne Ball Python Adult,124.99,149.99,20.0
2026-05-17T08:24:31.801315+00:00,Frognose Exotics,frognose-exotics:celebes-purple-giant-centipede,Celebes Purple Giant Centipede,200.0,150.0,25.0
2026-05-17T08:24:31.801315+00:00,Frognose Exotics,frognose-exotics:giant-african-millipede-archispirostreptus-gigas,Giant African Millipede (Archispirostreptus gigas),70.0,50.0,28.6
2026-05-17T08:24:31.801315+00:00,Frognose Exotics,frognose-exotics:phrynichus-orientalis,Phrynichus orientalis Tailless Whip Scorpion,40.0,25.0,37.5
2026-05-17T08:24:31.801315+00:00,Grow Organic,grow-organic:flavor-supreme-plumcot-tree,Flavor Supreme Pluot Tree,64.99,48.99,24.6
2026-05-17T08:24:31.801315+00:00,Grow Organic,grow-organic:royal-blenheim-apricot-tree,Royal Blenheim Apricot Tree,64.99,58.99,9.2
2026-05-17T08:24:31.801315+00:00,Grow Organic,grow-organic:santa-rosa-plum-tree,Santa Rosa Plum Tree,64.99,58.99,9.2
2026-05-17T08:24:31.801315+00:00,Grow Organic,grow-organic:anna-apple-tree,Anna Apple Tree,64.99,58.99,9.2
2026-05-17T08:24:31.801315+00:00,Grow Organic,grow-organic:bing-cherry-tree,Bing Cherry Tree,64.99,55.99,13.8
2026-05-17T08:24:31.801315+00:00,Grow Organic,grow-organic:golden-dorsett-apple-tree,Golden Dorsett Apple Tree,64.99,55.99,13.8
2026-05-17T08:24:31.801315+00:00,JMZ Butterfly Farm,jmz-butterfly-farm:single-rosey-maple-moth-pupae,(Single) Rosy Maple Moth Pupae,17.0,19.0,11.8
2026-05-17T08:24:31.801315+00:00,JMZ Butterfly Farm,jmz-butterfly-farm:luna-moth-eggs,Luna Moth Eggs,24.0,45.0,87.5
2026-05-17T08:24:31.801315+00:00,JMZ Butterfly Farm,jmz-butterfly-farm:atala-butterfly-caterpillars-or-chrysalis,Atala Butterfly Caterpillars or Chrysalis,45.0,65.0,44.4
2026-05-17T08:24:31.801315+00:00,TC Insects,tc-insects:hypogastruridae-sp-tiny-blue,Hypogastruridae sp | Tiny Blue Springtails,9.99,8.99,10.0
2026-05-17T08:24:31.801315+00:00,TC Insects,tc-insects:lepidocyrtus-sp-pearlescent-springtails,Lepidocyrtus sp. | Pearlescent Springtails,9.99,7.99,20.0
2026-05-17T08:24:31.801315+00:00,TC Insects,tc-insects:lepidocyrtus-sp-micro-gold-springtails,Lepidocyrtus sp. | Micro Gold Springtails,9.99,8.99,10.0
2026-05-17T08:24:31.801315+00:00,TC Insects,tc-insects:pogonognathellus-dubius-giant-silver-bullet-springtails,Pogonognathellus dubius | Giant Silver Bullet Springtails,13.5,14.99,11.0
2026-05-17T08:24:31.801315+00:00,TC Insects,tc-insects:pseudosinella-bylas-ant-springtails-copy,Pseudosinella violenta | Bylas Ant Springtails,15.0,7.99,46.7
2026-05-17T08:24:31.801315+00:00,TC Insects,tc-insects:springtail-all-star-collector-pack,"Springtail All Star Collector Pack | Orange, Purple, Yellow Springtails",68.0,59.99,11.8
2026-05-17T08:24:31.801315+00:00,TC Insects,tc-insects:temperate-white-and-tropical-pink-springtail-charcoal-mixed-culture-copy,8oz | Temperate White and Tropical Pink Springtail | Charcoal Culture,17.99,16.99,5.6
2026-05-17T08:24:31.801315+00:00,TC Insects,tc-insects:buy-springtail-charcoal-for-sale,Culture Charcoal© All Natural Hardwood,3.99,2.99,25.1
2026-05-17T08:24:31.801315+00:00,TC Insects,tc-insects:euroclay,EuroClay© &#8211; Calcium Bearing Springtail Clay,18.0,5.99,66.7
2026-05-20T09:39:10.430178+00:00,The Defiant Forest,the-defiant-forest:red-spotted-white-tree-millipede-anadenobolus-arboreus-gundlachi-var-yellow-leg-antennae,"RED Spotted White Tree Millipede, Anadenobolus arboreus gundlachi -  Yellow Leg with Yellow Antennae Captive Bred",30.0,35.0,16.7
2026-05-20T09:39:10.430178+00:00,The Defiant Forest,the-defiant-forest:red-tree-millipede-anadenobolus-arboreus,"Red Tree Millipede, Anadenobolus arboreus Captive Bred",45.0,35.0,22.2
2026-05-20T09:39:10.430178+00:00,DubiaRoaches.com,dubiaroaches:small-superworm-1-000ct-auction-14,"Small Superworm 1,000ct Auction",1.0,14.5,1350.0
2026-05-20T09:39:10.430178+00:00,DubiaRoaches.com,dubiaroaches:large-discoid-250ct-auction-25,Large Discoid 250ct Auction,1.0,38.0,3700.0
2026-05-20T09:39:10.430178+00:00,DubiaRoaches.com,dubiaroaches:medium-mealworm-500ct-auction-8,Medium Mealworm 500ct Auction,10.0,13.0,30.0
2026-05-20T09:39:10.430178+00:00,DubiaRoaches.com,dubiaroaches:large-hornworm-12ct-case-of-6-auction-20,Large Hornworm 12ct (Case Of 6) Auction,25.0,30.0,20.0
2026-05-20T09:39:10.430178+00:00,DubiaRoaches.com,dubiaroaches:48x24x12-60-gallon-v2-auction-15,48x24x12 (60 Gallon) V2 Auction,126.0,175.0,38.9
2026-05-20T09:39:10.430178+00:00,DubiaRoaches.com,dubiaroaches:220w-heat-panel-reptile-habitat-auction-14,220w Heat Panel Reptile Habitat Auction,102.0,101.0,1.0
2026-05-20T09:39:10.430178+00:00,DubiaRoaches.com,dubiaroaches:x-small-dubia-roaches-500ct-auction-9,X-Small Dubia Roaches 500ct Auction,20.0,30.0,50.0
2026-05-20T09:39:10.430178+00:00,DubiaRoaches.com,dubiaroaches:small-discoid-roaches-500ct-auction-4,Small Discoid Roaches 500ct Auction,35.0,38.0,8.6
2026-05-20T09:39:10.430178+00:00,DubiaRoaches.com,dubiaroaches:xl-dubia-roaches-250ct-auction-13,XL Dubia Roaches 250ct Auction,21.0,52.5,150.0
2026-05-20T09:39:10.430178+00:00,DubiaRoaches.com,dubiaroaches:hornworm-moth-pupa-sexed-pair-manduca-sexta-auction-18,Hornworm Moth Pupa Sexed Pair (Manduca sexta) Auction,5.0,7.5,50.0
2026-05-20T09:39:10.430178+00:00,DubiaRoaches.com,dubiaroaches:36x18x18-v3-50-gallon-auction-13,36x18x18 V3 (50 Gallon) Auction,30.0,158.0,426.7
2026-05-20T09:39:10.430178+00:00,DubiaRoaches.com,dubiaroaches:large-hornworm-6ct-case-of-12-auction-25,Large Hornworm 6ct (Case Of 12) Auction,11.0,25.0,127.3
2026-05-20T09:39:10.430178+00:00,DubiaRoaches.com,dubiaroaches:frozen-rodents,Frozen Rodents FREE SHIPPING,27.0,29.8,10.4
2026-05-20T09:39:10.430178+00:00,Fear Not Tarantulas,fear-not-tarantulas:homoeomma-chilense-chilean-flame-tarantula-small,"Homoeomma chilense  (Chilean Flame Tarantula)  about 1/4"" INCLUDES HABITAT!",135.0,69.0,48.9
2026-05-20T09:39:10.430178+00:00,Fear Not Tarantulas,fear-not-tarantulas:cyriopagopus-hati-hati-tarantula-for-sale,"Phormingochilus hati hati (Sulawesi Violet Tarantula) ex Cyriopagopus about 3/4"" - 1""",42.0,19.0,54.8
2026-05-20T09:39:10.430178+00:00,Fear Not Tarantulas,fear-not-tarantulas:pterinopelma-sazimai-iridescent-blue-tarantula-for-sale,"Lasiocyano sazimai  (Iridescent Blue Tarantula) about 1/2"" - 3/4""",42.0,19.0,54.8
2026-05-20T09:39:10.430178+00:00,Fear Not Tarantulas,fear-not-tarantulas:tliltocatl-albopilosus-curlyhair-tarantula,"Tliltocatl albopilosus (Curly Hair Tarantula) About 1 1/4"" - 1 1/2""+",42.0,45.0,7.1
2026-05-20T09:39:10.430178+00:00,Exotics Source,exotics-source:regal-jumping-spider-mint,Regal Jumping Spider “Mint”,250.0,125.0,50.0
2026-05-20T09:39:10.430178+00:00,Spider Shoppe,spider-shoppe:pseudhapalopus-sp-gitan-3-female,Spinosatibiapalpus sp 'Gitan',124.0,28.0,77.4
2026-05-20T09:39:10.430178+00:00,Spider Shoppe,spider-shoppe:pamphobeteus-sp-cascada-cascada-birdeater-2,Pamphobeteus sp 'Cascada' (Cascada Birdeater),88.0,78.0,11.4
2026-05-20T09:39:10.430178+00:00,Spider Shoppe,spider-shoppe:amazonius-sp-caqueta-colombia-0-75-3-5-female,Amazonius sp 'Caqueta' (Colombia),78.0,198.0,153.8
2026-05-20T09:39:10.430178+00:00,Spider Shoppe,spider-shoppe:psednocnemis-brachyramosa-malaysian-blue-femur-tarantula-1-1-5,Psednocnemis brachyramosa (Malaysian Blue Femur Tarantula),124.0,88.0,29.0
2026-05-20T09:39:10.430178+00:00,Spider Shoppe,spider-shoppe:nhandu-carapoensis-brazilian-red-black-0-25,Nhandu carapoensis (Brazilian Red & Black),36.0,44.0,22.2
2026-05-20T09:39:10.430178+00:00,Spider Shoppe,spider-shoppe:ischnothele-caudata-0-5,Ischnothele caudata (Curtain Web),48.0,44.0,8.3
2026-05-20T09:39:10.430178+00:00,Spider Shoppe,spider-shoppe:androctonus-bicolor-black-fat-tail-scorpion-0-5,Androctonus bicolor (Black Fat-Tail Scorpion),38.0,58.0,52.6
2026-05-20T09:39:10.430178+00:00,Spider Shoppe,spider-shoppe:xenesthis-sp-white-3-4-female,Xenesthis sp 'White',324.0,248.0,23.5
2026-05-20T09:39:10.430178+00:00,Spider Shoppe,spider-shoppe:scorpio-maurus-israeli-golden-1-1-5,Scorpio Maurus (Israeli Golden),28.0,38.0,35.7
2026-05-20T09:39:10.430178+00:00,Spider Shoppe,spider-shoppe:androctonus-australis-yellow-fat-tail-2-3,Androctonus australis (Yellow Fat Tail),18.0,48.0,166.7
2026-05-20T09:39:10.430178+00:00,Spider Shoppe,spider-shoppe:holconia-murrayensis-australian-banded-huntsman-2,Holconia murrayensis (Australian Banded Huntsman),124.0,36.0,71.0
2026-05-20T09:39:10.430178+00:00,Spider Shoppe,spider-shoppe:xenesthis-sp-megascopula-1-5,Xenesthis sp 'Megascopula',208.0,198.0,4.8
2026-05-20T09:39:10.430178+00:00,Spider Shoppe,spider-shoppe:citharacanthus-cyaneus-cuban-orange-and-violet,Citharacanthus cyaneus (Orange Violet Dwarf),68.0,298.0,338.2
2026-05-20T09:39:10.430178+00:00,Spider Shoppe,spider-shoppe:lyrognathus-giannisposatoi-sumatran-stout-leg-1,Lyrognathus giannisposatoi (Sumatran Stout Leg),58.0,248.0,327.6
2026-05-20T09:39:10.430178+00:00,Spider Shoppe,spider-shoppe:sericopelma-sp-santa-catalina-2-5,Sericopelma sp 'Santa Catalina',198.0,88.0,55.6
2026-05-20T09:39:10.430178+00:00,Spider Shoppe,spider-shoppe:cyriocosmus-elegans-trinidad-dwarf-2-female,Cyriocosmus elegans (Trinidad Dwarf),42.0,24.0,42.9
2026-05-20T09:39:10.430178+00:00,Spider Shoppe,spider-shoppe:pelinobius-muticus-king-baboon-2-4-female,Pelinobius muticus (King Baboon),78.0,42.0,46.2
2026-05-20T09:39:10.430178+00:00,Spider Shoppe,spider-shoppe:pamphobeteus-sp-tigris-ecuadorian-black-birdeater-1-5,Pamphobeteus sp 'Tigris' (Ecuadorian Black Birdeater),78.0,94.0,20.5
2026-05-20T09:39:10.430178+00:00,Spider Shoppe,spider-shoppe:euthycaelus-sp-santander-0-5,Euthycaelus sp 'Santander',32.0,124.0,287.5
2026-05-20T09:39:10.430178+00:00,Spider Shoppe,spider-shoppe:chaerilus-cimrmani-thailand-black-scorpion-0-25,Chaerilus cimrmani (Thailand Black Scorpion),32.0,36.0,12.5
2026-05-20T09:39:10.430178+00:00,Micro Wilderness,micro-wilderness:tliltocatl-albopilosum-nicaraguan-male-nicaraguan-curly-hair,Tliltocatl albopilosum 'Nicaraguan' - Male - Nicaraguan Curly Hair Tarantula,39.99,49.99,25.0
2026-05-20T09:39:10.430178+00:00,Micro Wilderness,micro-wilderness:pamphobeteus-sp-mascara-unsexed-mascara-birdeater-purple-bloom,Pamphobeteus sp. Mascara - Mascara Birdeater Unsexed,79.99,99.99,25.0
2026-05-20T09:39:10.430178+00:00,Micro Wilderness,micro-wilderness:grammostola-pulchra,Grammostola pulchra - Unsexed - Brazilian Black,199.99,149.99,25.0
2026-05-20T09:39:10.430178+00:00,Micro Wilderness,micro-wilderness:tliltocatl-albopilosum-nicaraguan-female-nicaraguan-curly-hair,Tliltocatl albopilosus  Nicaraguan pure blood - Female - Nicaraguan Curly Hair Tarantula,174.99,110.0,37.1
2026-05-20T09:39:10.430178+00:00,American Reptile Distributors,american-reptile-distributors:leopard-tortoise-adult-female-2651-pardalis-babcocki,HI White Leopard Tortoise Adult Female #2651 (Pardalis babcocki),1099.99,999.99,9.1
2026-05-20T09:39:10.430178+00:00,American Reptile Distributors,american-reptile-distributors:albino-chinese-softshell-turtle-adult-male-2-pelodiscus-sinensis,Albino Chinese Softshell Turtle Adult Male #2 (Pelodiscus sinensis),399.99,299.99,25.0
2026-05-20T09:39:10.430178+00:00,American Reptile Distributors,american-reptile-distributors:speckled-dune-gecko-stenodactylus-stenodactylus,Speckled Dune Gecko Adults (Stenodactylus stenodactylus),34.99,29.99,14.3
2026-05-20T09:39:10.430178+00:00,Big Apple Herp,big-apple-herp:hypo-citrus-dragons,Hypo Citrus Bearded Dragons,99.95,89.95,10.0
2026-05-20T09:39:10.430178+00:00,David's Beetles,davids-beetles:adults-rainbow-stag-beetle-phalacrognathus-muelleri,ADULTS:  Rainbow stag beetle  (Phalacrognathus muelleri),75.0,80.0,6.7
2026-05-20T09:39:10.430178+00:00,Coast2Coast Beetles,coast2coast-beetles:propomacrus-bimucronatus-turkey-long-arm-beetle,Propomacrus bimucronatus (Turkey Long Arm Beetle),15.0,10.0,33.3
2026-05-20T09:39:10.430178+00:00,Coast2Coast Beetles,coast2coast-beetles:untitled-sep9_17-15,Breeding/Rearing Asian White Rot Log,28.99,25.99,10.3
2026-05-20T09:39:10.430178+00:00,Imperial Reptiles,imperial-reptiles:pastel-anaconda-western-hognose-baby,Pastel Western Hognose,299.99,169.99,43.3
2026-05-20T09:39:10.430178+00:00,Imperial Reptiles,imperial-reptiles:superconda-western-hognose-baby,SuperConda Western Hognose,249.99,189.99,24.0
2026-05-20T09:39:10.430178+00:00,Imperial Reptiles,imperial-reptiles:toffee-conda-t-albino-western-hognose-baby,Toffee Conda (T+ Albino) Western Hognose,499.99,239.99,52.0
2026-05-20T09:39:10.430178+00:00,Imperial Reptiles,imperial-reptiles:anaconda-western-hognose-baby-for-sale,Anaconda Western Hognose,189.99,149.99,21.1
2026-05-20T09:39:10.430178+00:00,Pangea Reptile,pangea-reptile:juvenile-og-noir-crested-gecko-cr-1120,Female OG Noir Crested Gecko Cr-1120,999.99,599.99,40.0
2026-05-20T09:39:10.430178+00:00,Pangea Reptile,pangea-reptile:juvenile-extreme-harlequin-crested-gecko-cr-1129,Female Tricolor Extreme Harlequin Crested Gecko Cr-1129,699.99,499.99,28.6
2026-05-20T09:39:10.430178+00:00,Pangea Reptile,pangea-reptile:female-xxx-crested-gecko-cr-1331,Female XXX Crested Gecko Cr-1331,899.99,499.99,44.4
2026-05-20T09:39:10.430178+00:00,JMZ Butterfly Farm,jmz-butterfly-farm:single-queen-chrysalis,Single Queen Chrysalis,14.99,18.0,20.1
2026-05-20T09:39:10.430178+00:00,JMZ Butterfly Farm,jmz-butterfly-farm:mourning-cloak-caterpillers-or-chrysalis,Mourning Cloak Caterpillers or Chrysalis,75.0,37.5,50.0
2026-05-20T09:39:10.430178+00:00,JMZ Butterfly Farm,jmz-butterfly-farm:pipevine-swallowtail-caterpillars-or-chrysalis,Pipevine Swallowtail Caterpillars or Chrysalis,75.0,37.5,50.0
2026-05-20T09:39:10.430178+00:00,JMZ Butterfly Farm,jmz-butterfly-farm:giant-swallowtail-caterpillars-or-chrysalis,Giant Swallowtail Caterpillars or Chrysalis,65.0,45.0,30.8
2026-05-20T09:39:10.430178+00:00,JMZ Butterfly Farm,jmz-butterfly-farm:monarch-caterpillars-or-chrysalis,Monarch Caterpillars or Chrysalis,75.0,37.5,50.0
2026-05-24T08:32:43.542052+00:00,The Defiant Forest,the-defiant-forest:bi-color-avatar-millipedes-spirotreptida-sp-red-yellow-legs,"Bi-Color Avatar Millipedes, Salpidobolus sp. Red & Yellow Legs - C.B. 2026 Babies will be Ready This Winter",80.0,75.0,6.2
2026-05-24T08:32:43.542052+00:00,The Defiant Forest,the-defiant-forest:brazilian-jewel-tarantulas-typhochlaena-seladonia,"Brazilian Jewel Tarantulas, Typhochlaena seladonia - In Stock and Shipping",289.0,300.0,3.8
2026-05-24T08:32:43.542052+00:00,The Defiant Forest,the-defiant-forest:thai-giant-orange-millipede-diplopoda-sp,"Giant Thailand Orange Millipede, Thyropygus sp. - C.B.  2026 Babies will be ready in late Winter",65.0,85.0,30.8
2026-05-24T08:32:43.542052+00:00,The Defiant Forest,the-defiant-forest:orange-spotted-white-tree-millipede-anadenobolus-arboreus-gunlachi,"Spotted Black Leg White Tree Millipede, Anadenobolus arboreus gundlachi | Captive Bred",30.0,45.0,50.0
2026-05-24T08:32:43.542052+00:00,The Defiant Forest,the-defiant-forest:giant-african-olive-millipede-telodeinopus-aoutii,"Giant Olive Speckled Leg Millipede, Telodeinopus aoutii Captive Bred -  2026 Babies will be ready in Mid Summer",25.0,35.0,40.0
2026-05-24T08:32:43.542052+00:00,The Defiant Forest,the-defiant-forest:mexican-golden-red-rump-tarantulas,"Mexican Golden Red Rump Tarantula, Brachypelma albiceps - Terrestrial Species",36.0,39.0,8.3
2026-05-24T08:32:43.542052+00:00,Exotics Unlimited,exotics-unlimited:phidippus-regius-regal-jumping-spider-dragons-breath-color-form-1,Phidippus regius (Regal Jumping Spider) Dragons Breath Color Form,60.0,95.0,58.3
2026-05-24T08:32:43.542052+00:00,Exotics Unlimited,exotics-unlimited:brachypelma-emilia-mexican-red-leg-tarantula-female,Brachypelma emilia (Mexican Red Leg Tarantula) FEMALE,150.0,249.0,66.0
2026-05-24T08:32:43.542052+00:00,Exotics Unlimited,exotics-unlimited:omothymus-violaceopes-singapore-blue-tarantula-for-sale-2,Omothymus violaceopes (Singapore Blue Tarantula),55.0,45.0,18.2
2026-05-24T08:32:43.542052+00:00,Exotics Unlimited,exotics-unlimited:hommeomma-chilense-chilean-flame-tarantula-0-25-0-5,Homeomma chilense (Chilean Flame Tarantula),115.0,125.0,8.7
2026-05-24T08:32:43.542052+00:00,Exotics Unlimited,exotics-unlimited:hapalopus-sp-guerilla-speckle-patch-tarantula-0-75,Hapalopus guerreroi (Speckle Patch Tarantula) (Ex. vangoghi & sp. Guerilla),35.0,39.0,11.4
2026-05-24T08:32:43.542052+00:00,Exotics Unlimited,exotics-unlimited:ephebopus-cyanognathus-blue-fang-tarantula-0-5-0-75-invert-invasion-event,Ephebopus cyanognathus (Blue Fang Tarantula),85.0,75.0,11.8
2026-05-24T08:32:43.542052+00:00,Exotics Unlimited,exotics-unlimited:grammostola-pulchripes-chaco-golden-knee-tarantula-0-5,Grammostola pulchripes (Chaco Golden Knee Tarantula),38.0,32.0,15.8
2026-05-24T08:32:43.542052+00:00,Ty Dye Exotics,ty-dye-exotics:og-ty-dye-chameleon-unisex-t-shirt,OG Ty Dye Chameleon Unisex t-shirt,25.0,18.99,24.0
2026-05-24T08:32:43.542052+00:00,Ty Dye Exotics,ty-dye-exotics:embroidered-beanie,Embroidered Beanie,24.99,18.99,24.0
2026-05-24T08:32:43.542052+00:00,Ty Dye Exotics,ty-dye-exotics:short-sleeve-unisex-t-shirt,TDE Spider Short-Sleeve Unisex T-Shirt,23.49,18.99,19.2
2026-05-24T08:32:43.542052+00:00,Ty Dye Exotics,ty-dye-exotics:tde-logo-short-sleeve-unisex-t-shirt,TDE Logo Short-Sleeve Unisex T-Shirt,23.49,18.99,19.2
2026-05-24T08:32:43.542052+00:00,Ty Dye Exotics,ty-dye-exotics:spider-boxx-unisex-t-shirt,Spider Boxx Unisex t-shirt,27.49,18.99,30.9
2026-05-24T08:32:43.542052+00:00,Ty Dye Exotics,ty-dye-exotics:unisex-t-shirt,Heavy Metal Centipede Unisex t-shirt,27.49,18.99,30.9
2026-05-24T08:32:43.542052+00:00,Ty Dye Exotics,ty-dye-exotics:ty-dye-logo-t-shirt,Ty Dye Logo T-Shirt,32.0,24.99,21.9
2026-05-24T08:32:43.542052+00:00,Ty Dye Exotics,ty-dye-exotics:poecilotheria-tigrinawesseli-wessels-tiger-ornamental-old-world-live-arrival-guarantee,Poecilotheria tigrinawesseli – Wessel's Tiger Ornamental | Old World | Live Arrival Guarantee,134.99,78.0,42.2
2026-05-24T08:32:43.542052+00:00,Ty Dye Exotics,ty-dye-exotics:phormingochilus-sp-sabah-red-crimson-purple-bat-eater-tarantula-rare-malaysian-species-live-arrival-guarantee,Phormingochilus sp Sabah Red – Crimson Purple Bat Eater Tarantula | Rare Malaysian Species | Live Arrival Guarantee,99.99,60.0,40.0
2026-05-24T08:32:43.542052+00:00,Ty Dye Exotics,ty-dye-exotics:phormingochilus-sp-akcaya-indo-bat-eater-old-world-live-arrival-guarantee,Phormingochilus sp. Akcaya – Indo Bat Eater | Old World | Live Arrival Guarantee,54.99,34.0,38.2
2026-05-24T08:32:43.542052+00:00,Ty Dye Exotics,ty-dye-exotics:phormictopus-sp-bayahibe-neon-pink-birdeater-tarantula-stunning-caribbean-species-live-arrival-guarantee,"Phormictopus sp. ""Bayahibe"" – Neon Pink Birdeater Tarantula | Stunning Caribbean Species | Live Arrival Guarantee",74.99,50.0,33.3
2026-05-24T08:32:43.542052+00:00,Ty Dye Exotics,ty-dye-exotics:pelinobius-muticus-king-baboon-tarantula-massive-african-species-live-arrival-guarantee,Pelinobius muticus – King Baboon Tarantula | Massive African Species | Live Arrival Guarantee,49.99,25.0,50.0
2026-05-24T08:32:43.542052+00:00,Ty Dye Exotics,ty-dye-exotics:ornithoctoninae-sp-phan-cay-red-purple-blaze-tree-spider-old-world-live-arrival-guarantee,Ornithoctoninae sp. Phan Cay Red – Purple Blaze Tree Spider | Old World | Live Arrival Guarantee,99.99,68.0,32.0
2026-05-24T08:32:43.542052+00:00,Ty Dye Exotics,ty-dye-exotics:ornithoctoninae-sp-phan-cay-blue-cobalt-tree-spider-rare-blue-arboreal-live-arrival-guarantee,"Ornithoctoninae sp. ""Phan Cay Blue"" – Cobalt Tree Spider | Rare Blue Arboreal | Live Arrival Guarantee",99.99,68.0,32.0
2026-05-24T08:32:43.542052+00:00,Ty Dye Exotics,ty-dye-exotics:ornithoctoninae-sp-hon-sej-blue-blaze-tarantula-old-world-live-arrival-guarantee,Ornithoctoninae sp. Hon-Sej – Blue Blaze Tarantula | Old World | Live Arrival Guarantee,474.99,249.0,47.6
2026-05-24T08:32:43.542052+00:00,Ty Dye Exotics,ty-dye-exotics:cyriocosmus-ritae-peruvian-black-white-dwarf-tarantula-new-world-live-arrival-guarantee,Cyriocosmus ritae – Peruvian Black & White Dwarf Tarantula | New World | Live Arrival Guarantee,89.99,60.0,33.3
2026-05-24T08:32:43.542052+00:00,Ty Dye Exotics,ty-dye-exotics:avicularia-huriana-ecuadorian-wooly-pink-toe-tarantula-for-sale-live-arrival-guarantee,Avicularia huriana - Ecuadorian Wooly Pink Toe Tarantula for Sale | Live Arrival Guarantee,99.99,85.0,15.0
2026-05-24T08:32:43.542052+00:00,Ty Dye Exotics,ty-dye-exotics:aphonopelma-moderatum-rio-grande-gold-tarantula-striking-orange-black-species-live-arrival-guarantee,Aphonopelma moderatum – Rio Grande Gold Tarantula | Striking Orange & Black Species | Live Arrival Guarantee,49.99,35.0,30.0
2026-05-24T08:32:43.542052+00:00,Ty Dye Exotics,ty-dye-exotics:scolopendra-dehaani-red-dragon-centipede-massive-striking-asian-giant-live-arrival-guarantee,Scolopendra dehaani – Red Dragon Centipede | Massive Striking Asian Giant | Live Arrival Guarantee,69.99,28.0,60.0
2026-05-24T08:32:43.542052+00:00,Ty Dye Exotics,ty-dye-exotics:cerbalus-sp-egypt-dancing-lady-spider-egyptian-white-huntsman-live-arrival-guarantee,Cerbalus sp. Egypt – Dancing Lady Spider | Egyptian White Huntsman | Live Arrival Guarantee,39.99,25.0,37.5
2026-05-24T08:32:43.542052+00:00,Ty Dye Exotics,ty-dye-exotics:scolopendra-sp-thai-red-flame-thai-red-flame-centipede-vivid-red-scolopendrid-live-arrival-guarantee,Scolopendra sp. Thai Red Flame – Thai Red Flame Centipede | Vivid Red Scolopendrid | Live Arrival Guarantee,39.99,25.0,37.5
2026-05-24T08:32:43.542052+00:00,Ty Dye Exotics,ty-dye-exotics:scolopendra-sp-thai-black-flame-thai-black-flame-centipede-striking-dark-scolopendrid-live-arrival-guarantee,Scolopendra sp. Thai Black Flame – Thai Black Flame Centipede | Striking Dark Scolopendrid | Live Arrival Guarantee,39.99,25.0,37.5
2026-05-24T08:32:43.542052+00:00,Ty Dye Exotics,ty-dye-exotics:thereuopoda-longicornis-javan-orange-leg-giant-house-centipede,Thereuopoda longicornis – Javan Orange Leg Giant House Centipede | Long Legged Giant Cave Centipede | Live Arrival Guarantee,164.99,89.0,46.1
2026-05-24T08:32:43.542052+00:00,Ty Dye Exotics,ty-dye-exotics:scorpiops-cf-kautii-thai-flat-rock-scorpion-rare-asian-flat-rock-species-live-arrival-guarantee,Scorpiops cf kautii – Thai Flat Rock Scorpion | Rare Asian Flat Rock Species | Live Arrival Guarantee,49.99,25.0,50.0
2026-05-24T08:32:43.542052+00:00,Ty Dye Exotics,ty-dye-exotics:barylestes-saaristoi-ghost-huntsman-spider-elusive-nocturnal-hunter-live-arrival-guarantee,Barylestes saaristoi – Ghost Huntsman Spider | Elusive Nocturnal Hunter | Live Arrival Guarantee,39.99,20.0,50.0
2026-05-24T08:32:43.542052+00:00,Ty Dye Exotics,ty-dye-exotics:lucihormetica-verrucosa-warty-glowspot-roach-live-arrival-guarantee,Lucihormetica verrucosa – Warty Glowspot Roach | Bioluminescent Display Roach | Live Arrival Guarantee,34.99,10.0,71.4
2026-05-24T08:32:43.542052+00:00,Ty Dye Exotics,ty-dye-exotics:blaberus-sp-honduras-honduran-cave-roach-live-arrival-guarantee,Blaberus sp. Honduras – Honduran Cave Roach | Large Display Roach | Live Arrival Guarantee,29.99,15.0,50.0
2026-05-24T08:32:43.542052+00:00,Ty Dye Exotics,ty-dye-exotics:centrobolus-splendidus-mozambique-red-fire-millipede-live-arrival-guarantee,Centrobolus splendidus – Mozambique Red Fire Millipede | Vibrant Red Species | Live Arrival Guarantee,29.99,18.0,40.0
2026-05-24T08:32:43.542052+00:00,Ty Dye Exotics,ty-dye-exotics:gymnetis-thula-harlequin-flower-beetle-live-arrival-guarantee,Gymnetis thula – Harlequin Flower Beetle | Native North American Flower Beetle | Live Arrival Guarantee,25.99,12.5,51.9
2026-05-24T08:32:43.542052+00:00,Ty Dye Exotics,ty-dye-exotics:acladocricus-sp-philippine-blue-giant-millipede-live-arrival-guarantee,Acladocricus sp. Philippine Blue – Philippine Blue Giant Millipede | Stunning Iridescent Giant | Live Arrival Guarantee,89.99,40.0,55.6
2026-05-24T08:32:43.542052+00:00,Ty Dye Exotics,ty-dye-exotics:polyphaga-aegyptica-egyptian-sand-roach-desert-substrate-swimmer-live-arrival-guarantee,Polyphaga aegyptica – Egyptian Sand Roach | Desert Substrate Swimmer | Live Arrival Guarantee,19.99,10.0,50.0
2026-05-24T08:32:43.542052+00:00,Ty Dye Exotics,ty-dye-exotics:compsodes-schwarzi-micro-hooded-roach-tiny-prolific-species-live-arrival-guarantee,Compsodes schwarzi – Micro Hooded Roach | Tiny Prolific Species | Live Arrival Guarantee,8.99,5.0,44.4
2026-05-24T08:32:43.542052+00:00,Ty Dye Exotics,ty-dye-exotics:eublaberus-serranus-headlamp-roach-or-pantanal-roach-distinctive-eublaberus-species-live-arrival-guarantee,Eublaberus serranus – Headlamp Roach or Pantanal Roach | Distinctive Eublaberus Species | Live Arrival Guarantee,17.99,10.0,44.4
2026-05-24T08:32:43.542052+00:00,Ty Dye Exotics,ty-dye-exotics:narceus-americanus-american-pinkfoot-millipede-hardy-native-species-live-arrival-guarantee,Narceus americanus – American Pinkfoot Millipede | Hardy Native Species | Live Arrival Guarantee,7.99,4.0,49.9
2026-05-24T08:32:43.542052+00:00,Ty Dye Exotics,ty-dye-exotics:nocticola-vagus-wandering-night-dweller-micro-roach-smallest-roach-species-live-arrival-guarantee,Nocticola vagus – Wandering Night Dweller Micro Roach | Smallest Roach Species | Live Arrival Guarantee,12.99,6.0,53.8
2026-05-24T08:32:43.542052+00:00,Ty Dye Exotics,ty-dye-exotics:trichorhina-tomentosa-dwarf-white-isopod-og-clean-up-crew-dart-frog-feeder-live-arrival-guarantee,Trichorhina tomentosa – Dwarf White Isopod | OG Clean-Up Crew & Dart Frog Feeder | Live Arrival Guarantee,8.99,4.79,46.7
2026-05-24T08:32:43.542052+00:00,Ty Dye Exotics,ty-dye-exotics:spirobollelus-immigrans-maui-skunk-striped-millipede-glows-under-blacklight-live-arrival-guarantee,Spirobollelus immigrans – Maui Skunk Striped Millipede | Glows Under Blacklight | Live Arrival Guarantee,23.99,12.5,47.9
2026-05-24T08:32:43.542052+00:00,Ty Dye Exotics,ty-dye-exotics:chicobolus-spinigerus-ivory-millipede-stunning-native-display-species-live-arrival-guarantee,Chicobolus spinigerus – Ivory Millipede | Stunning Native Display Species | Live Arrival Guarantee,8.99,4.0,55.5
2026-05-24T08:32:43.542052+00:00,Ty Dye Exotics,ty-dye-exotics:pterinochilus-chordatus-kilimanjaro-mustard-baboon-tarantula-golden-african-fury-live-arrival-guarantee,Pterinochilus chordatus – Kilimanjaro Mustard Baboon Tarantula | Golden African Fury | Live Arrival Guarantee,34.99,24.0,31.4
2026-05-24T08:32:43.542052+00:00,Ty Dye Exotics,ty-dye-exotics:thrixopelma-pruriens-peruvian-green-velvet-tarantula-emerald-desert-jewel-live-arrival-guarantee,Ewok pruriens – Peruvian Green Velvet Tarantula | Emerald Desert Jewel | Live Arrival Guarantee,39.99,25.0,37.5
2026-05-24T08:32:43.542052+00:00,Ty Dye Exotics,ty-dye-exotics:edentistoma-octosulcatum-millipede-eating-centipede,Edentistoma octosulcatum – Millipede Eating Centipede | Armored Millipede Mimic | Live Arrival Guarantee,399.99,299.0,25.2
2026-05-24T08:32:43.542052+00:00,Ty Dye Exotics,ty-dye-exotics:scolopendra-sp-sulawesi-flame-centipede,Scolopendra sp. 'Sulawesi Flame' – Sulawesi Flame Centipede | Red Orange Yellow Fire Centipede | Live Arrival Guarantee,139.99,69.0,50.7
2026-05-24T08:32:43.542052+00:00,Ty Dye Exotics,ty-dye-exotics:scolopendra-dehaani-malaysian-cherry-red-centipede,Scolopendra dehaani – Malaysian Cherry Red Centipede | All-Cherry Giant with Black Banding | Live Arrival Guarantee,124.99,58.0,53.6
2026-05-24T08:32:43.542052+00:00,Ty Dye Exotics,ty-dye-exotics:scolopendra-sp-lowland-jewel-centipede,Scolopendra sp. 'Lowland Jewel' – Lowland Jewel Centipede | Chocolate Body Orange-to-Blue Gradient Legs | Live Arrival Guarantee,174.99,90.0,48.6
2026-05-24T08:32:43.542052+00:00,Ty Dye Exotics,ty-dye-exotics:ethmostigmus-sp-borneo-blue-centipede,Ethmostigmus sp. 'Borneo Blue' – Borneo Blue Centipede | Electric Blue Giant Centipede | Live Arrival Guarantee,124.99,75.0,40.0
2026-05-24T08:32:43.542052+00:00,Ty Dye Exotics,ty-dye-exotics:scolopendra-sp-buton-black-centipede,Scolopendra sp. 'Buton Black' – Buton Black Centipede | Chocolate-to-Black Giant with Cherry Head | Live Arrival Guarantee,249.99,125.0,50.0
2026-05-24T08:32:43.542052+00:00,Ty Dye Exotics,ty-dye-exotics:scolopendra-subspinipes-piceoflava-centipede,Scolopendra subspinipes piceoflava – Piceoflava Centipede | Piece of Lava | Gold & Black Banded Giant | Live Arrival Guarantee,124.99,85.0,32.0
2026-05-24T08:32:43.542052+00:00,Ty Dye Exotics,ty-dye-exotics:scolopendra-sp-sumatran-purple-centipede,Scolopendra sp. 'Sumatran Purple' – Sumatran Purple Centipede | Purple Giant | Red Rosie | Live Arrival Guarantee,249.99,125.0,50.0
2026-05-24T08:32:43.542052+00:00,Ty Dye Exotics,ty-dye-exotics:scolopendra-sp-java-black-mt-merapi-giant-centipede,Scolopendra sp. 'Java Black' – Mt. Merapi Giant Centipede | Jet-Black Volcanic Giant | Live Arrival Guarantee,174.99,89.0,49.1
2026-05-24T08:32:43.542052+00:00,Ty Dye Exotics,ty-dye-exotics:scolopendra-sp-malaysian-jewel-centipede,Scolopendra sp. 'Malaysian Jewel' – Malaysian Jewel Centipede | Tri-Color Giant Centipede | Live Arrival Guarantee,249.99,179.0,28.4
2026-05-24T08:32:43.542052+00:00,Ty Dye Exotics,ty-dye-exotics:scolopendra-sp-white-beard-giant-white-beard-centipede-monster-10-species-live-arrival-guarantee,"Scolopendra sp White Beard – Giant White Beard Centipede | Monster 10""+ Species | Live Arrival Guarantee",199.99,99.0,50.5
2026-05-24T08:32:43.542052+00:00,Ty Dye Exotics,ty-dye-exotics:scolopendra-dehaani-vietnamese-orange-leg-centipede-stunning-asian-species-live-arrival-guarantee,Scolopendra dehaani – Vietnamese Orange Leg Centipede | Stunning Asian Species | Live Arrival Guarantee,44.99,25.0,44.4
2026-05-24T08:32:43.542052+00:00,Ty Dye Exotics,ty-dye-exotics:cyclocosmia-latusicosta-vietnamese-oreo-butt-trapdoor-spider,Cyclocosmia latusicosta – Vietnamese Oreo Butt Trapdoor Spider | Disc-Abdomen Mygalomorph | Live Arrival Guarantee,84.99,45.0,47.1
2026-05-24T08:32:43.542052+00:00,Ty Dye Exotics,ty-dye-exotics:eoperipatus-totoro-vietnamese-velvet-worm,Eoperipatus totoro – Vietnamese Velvet Worm | Ancient Predatory Invertebrate | Goo-Shooting Hunter,149.99,99.99,33.3
2026-05-24T08:32:43.542052+00:00,Ty Dye Exotics,ty-dye-exotics:eresus-elhennawyi-moroccan-ladybird-spider,Eresus elhennawyi – Moroccan Ladybird Spider | Blue Sidi Ifni Velvet Spider | Live Arrival Guarantee,84.99,45.0,47.1
2026-05-24T08:32:43.542052+00:00,Ty Dye Exotics,ty-dye-exotics:eresus-moravicus-yellow-faced-velvet-spider,Eresus moravicus – Yellow Faced Velvet Spider | Rare Old World Velvet Spider | Live Arrival Guarantee,69.99,38.0,45.7
2026-05-24T08:32:43.542052+00:00,Ty Dye Exotics,ty-dye-exotics:eresus-ruficapillus-italian-ladybird-spider,Eresus ruficapillus – Italian Ladybird Spider | Rare Old World Velvet Spider | Live Arrival Guarantee,64.99,35.0,46.1
2026-05-24T08:32:43.542052+00:00,Ty Dye Exotics,ty-dye-exotics:eresus-walckenaeri-mountainica-giant-orange-ring-velvet-spider,Eresus walckenaeri 'Mountainica' – Giant Orange Ring Velvet Spider | Stunning Old World Display Species | Live Arrival Guarantee,74.99,40.0,46.7
2026-05-24T08:32:43.542052+00:00,Ty Dye Exotics,ty-dye-exotics:scolopendra-longipes-florida-keys-giant-centipede,Scolopendra longipes – Florida Keys Giant Centipede | Rare Endemic US Giant | Live Arrival Guarantee,39.99,25.0,37.5
2026-05-24T08:32:43.542052+00:00,Ty Dye Exotics,ty-dye-exotics:acanthophrynus-coronatus-baja-whipscorpion,"Acanthophrynus coronatus – Baja Whipscorpion | Massive 14–16"" Whipspan | Live Arrival Guarantee",199.99,125.0,37.5
2026-05-24T08:32:43.542052+00:00,Ty Dye Exotics,ty-dye-exotics:theraphosinae-sp-mandarina-orange-blush-tarantula-rare-colorful-new-world-species-live-arrival-guarantee,Theraphosinae sp. Mandarina – Orange Blush Tarantula | Rare Colorful New World Species | Live Arrival Guarantee,225.0,150.0,33.3
2026-05-24T08:32:43.542052+00:00,Ty Dye Exotics,ty-dye-exotics:phidippus-regius-regal-jumping-spider-popular-beginner-friendly-species-live-arrival-guarantee,Phidippus regius – Regal Jumping Spider | Popular Beginner-Friendly Species | Live Arrival Guarantee,17.99,19.99,11.1
2026-05-24T08:32:43.542052+00:00,Ty Dye Exotics,ty-dye-exotics:parabuthus-mossambicensis-mozambique-thick-tail-scorpion-very-rare-orange-species-live-arrival-guarantee,Parabuthus mossambicensis – Mozambique Thick Tail Scorpion | Very Rare Orange Species | Live Arrival Guarantee,64.99,39.0,40.0
2026-05-24T08:32:43.542052+00:00,Ty Dye Exotics,ty-dye-exotics:hadogenes-paucidens-tanzanian-flat-rock-scorpion-rare-giant-species-live-arrival-guarantee,Hadogenes paucidens – Tanzanian Flat Rock Scorpion | Rare Giant Species | Live Arrival Guarantee,127.99,79.0,38.3
2026-05-24T08:32:43.542052+00:00,Ty Dye Exotics,ty-dye-exotics:phormictopus-sp-dominican-purple-dominican-purple-birdeater-tarantula-stunning-caribbean-species-live-arrival-guarantee,"Phormictopus sp. ""Dominican Purple"" – Dominican Purple Birdeater Tarantula | Stunning Caribbean Species | Live Arrival Guarantee",64.99,39.0,40.0
2026-05-24T08:32:43.542052+00:00,Ty Dye Exotics,ty-dye-exotics:cyriopagopus-sp-bach-ma-bach-ma-earth-tiger-tarantula-for-sale-live-arrival-guarantee,Cyriopagopus sp Bach Ma - Bach Ma Earth Tiger Tarantula for Sale | Live Arrival Guarantee,49.99,29.0,42.0
2026-05-24T08:32:43.542052+00:00,Ty Dye Exotics,ty-dye-exotics:birupes-simoroxigorum-borneo-neon-blue-leg-tarantula-for-sale-live-arrival-guarantee,Birupes simoroxigorum - Borneo Neon Blue Leg Tarantula for Sale | Live Arrival Guarantee,74.99,55.0,26.7
2026-05-24T08:32:43.542052+00:00,Ty Dye Exotics,ty-dye-exotics:xenesthis-sp-light-light-beauty-birdeater-tarantula-pastel-colombian-giant-live-arrival-guarantee,Xenesthis sp Light – Light Beauty Birdeater Tarantula | Pastel Colombian Giant | Live Arrival Guarantee,379.0,200.0,47.2
2026-05-24T08:32:43.542052+00:00,Ty Dye Exotics,ty-dye-exotics:dolomedes-okefinokensis-okefinokee-giant-fishing-spider-massive-native-semi-aquatic-spider-live-arrival-guarantee,Dolomedes okefinokensis – Okefinokee Giant Fishing Spider | Massive Native Semi-Aquatic Spider | Live Arrival Guarantee,37.99,24.0,36.8
2026-05-24T08:32:43.542052+00:00,Ty Dye Exotics,ty-dye-exotics:tigrosa-georgicola-georgia-black-wolf-spider-bold-native-wolf-spider-live-arrival-guarantee,Tigrosa georgicola – Georgia Black Wolf Spider | Bold Native Wolf Spider | Live Arrival Guarantee,14.99,8.5,43.3
2026-05-24T08:32:43.542052+00:00,Ty Dye Exotics,ty-dye-exotics:davus-pentaloris-guatemalan-tiger-rump-tarantula-for-sale-live-arrival-guarantee,Davus pentaloris - Guatemalan Tiger Rump Tarantula for Sale | Live Arrival Guarantee,34.99,18.75,46.4
2026-05-24T08:32:43.542052+00:00,Ty Dye Exotics,ty-dye-exotics:hogna-carolinensis-carolina-wolf-spider-largest-north-american-wolf-spider-live-arrival-guarantee,Hogna carolinensis – Carolina Wolf Spider | Largest North American Wolf Spider | Live Arrival Guarantee,27.99,12.5,55.3
2026-05-24T08:32:43.542052+00:00,Ty Dye Exotics,ty-dye-exotics:kukulcania-arizonica-black-hole-spider-fascinating-crevice-weaver-live-arrival-guarantee,Kukulcania arizonica – Black Hole Spider | Fascinating Crevice Weaver | Live Arrival Guarantee,17.99,12.5,30.5
2026-05-24T08:32:43.542052+00:00,Ty Dye Exotics,ty-dye-exotics:grammostola-grossa-guarani-giant-tarantula-docile-giant-new-world-species-live-arrival-guarantee,Grammostola grossa – Guarani Giant Tarantula | Docile Giant New World Species | Live Arrival Guarantee,107.99,80.0,25.9
2026-05-24T08:32:43.542052+00:00,Ty Dye Exotics,ty-dye-exotics:iridopelma-hirsutum-amazon-ribbed-tarantula-for-sale-live-arrival-guarantee,Iridopelma hirsutum - Amazon Ribbed Tarantula for Sale | Live Arrival Guarantee,99.99,89.0,11.0
2026-05-24T08:32:43.542052+00:00,Ty Dye Exotics,ty-dye-exotics:lychas-mucronatus-chinese-swimming-scorpion-remarkable-aquatic-bark-scorpion-live-arrival-guarantee,Lychas mucronatus – Chinese Swimming Scorpion | Remarkable Aquatic Bark Scorpion | Live Arrival Guarantee,25.99,12.5,51.9
2026-05-24T08:32:43.542052+00:00,Ty Dye Exotics,ty-dye-exotics:chaerilus-variegatus-lampung-javan-black-dwarf-scorpion-rare-indonesian-locality-live-arrival-guarantee,Chaerilus variegatus ‘Lampung’ – Javan Black Dwarf Scorpion | Rare Indonesian Locality | Live Arrival Guarantee,43.99,24.0,45.4
2026-05-24T08:32:43.542052+00:00,Ty Dye Exotics,ty-dye-exotics:scolopendra-hainanum-chinese-giant-tiger-leg-centipede-dark-body-banded-orange-legs-live-arrival-guarantee,Scolopendra hainanum – Chinese Giant Tiger Leg Centipede | Dark Body & Banded Orange Legs | Live Arrival Guarantee,67.99,35.0,48.5
2026-05-24T08:32:43.542052+00:00,Ty Dye Exotics,ty-dye-exotics:scolopendra-multidens-red-chinese-beauty-centipede-red-head-red-legs-dark-body-live-arrival-guarantee,"Scolopendra multidens ‘Red’ – Chinese Beauty Centipede | Red Head, Red Legs & Dark Body | Live Arrival Guarantee",59.99,30.0,50.0
2026-05-24T08:32:43.542052+00:00,Ty Dye Exotics,ty-dye-exotics:scolopendra-cf-viridicornis-brown-nordeste-do-brazil-amazon-tricolor-centipede-incredibly-rare-giant-south-american-species-live-arrival-guarantee,Scolopendra cf. viridicornis ‘Brown – Nordeste do Brazil’ – Amazon Tricolor Centipede | Incredibly Rare Giant South American Species | Live Arrival Guarantee,1349.0,500.0,62.9
2026-05-24T08:32:43.542052+00:00,Ty Dye Exotics,ty-dye-exotics:scolopendra-galapagoensis-dark-dcf-darwin-s-goliath-centipede-rare-dark-color-form-giant-live-arrival-guarantee,Scolopendra galapagoensis ‘Tricolor Robusta Dark’ – Darwin’s Goliath Centipede | Rare Dark Color Form Giant | Live Arrival Guarantee,1349.0,998.0,26.0
2026-05-24T08:32:43.542052+00:00,Ty Dye Exotics,ty-dye-exotics:scolopendra-sp-white-legs-white-leg-centipede-striking-south-american-giant-live-arrival-guarantee,Scolopendra sp. White Legs – White Leg Centipede | Striking South American Giant | Live Arrival Guarantee,1925.0,998.0,48.2
2026-05-24T08:32:43.542052+00:00,Ty Dye Exotics,ty-dye-exotics:haplopelma-robustum-malaysian-blue-femur-tarantula-striking-old-world-earth-tiger-live-arrival-guarantee,Haplopelma robustum – Malaysian Blue Femur Tarantula | Striking Old World Earth Tiger | Live Arrival Guarantee,97.99,50.0,49.0
2026-05-24T08:32:43.542052+00:00,Ty Dye Exotics,ty-dye-exotics:hapalotremus-hananqheswa-high-valley-blue-tarantula-rare-iridescent-new-world-species-live-arrival-guarantee,Hapalotremus hananqheswa – High Valley Blue Tarantula | Rare Iridescent New World Species | Live Arrival Guarantee,124.99,80.0,36.0
2026-05-24T08:32:43.542052+00:00,Ty Dye Exotics,ty-dye-exotics:thrixopelma-ockerti-peruvian-flame-rump-tarantula-stunning-colorful-new-world-species-live-arrival-guarantee,Thrixopelma ockerti – Peruvian Flame Rump Tarantula | Stunning Colorful New World Species | Live Arrival Guarantee,79.99,28.0,65.0
2026-05-24T08:32:43.542052+00:00,Ty Dye Exotics,ty-dye-exotics:euathlus-truculentus-hermosa-chilean-emerald-beauty-tarantula-rare-dwarf-new-world-species-live-arrival-guarantee,Euathlus truculentus ‘Hermosa’ – Chilean Emerald Beauty Tarantula | Rare Dwarf New World Species | Live Arrival Guarantee,249.99,125.0,50.0
2026-05-24T08:32:43.542052+00:00,Ty Dye Exotics,ty-dye-exotics:euathlus-manicatus-gold-chilean-golden-flame-tarantula-rare-dwarf-new-world-species-live-arrival-guarantee,Euathlus manicatus ‘Gold’ – Chilean Golden Flame Tarantula | Rare Dwarf New World Species | Live Arrival Guarantee,234.99,99.0,57.9
2026-05-24T08:32:43.542052+00:00,Ty Dye Exotics,ty-dye-exotics:euathlus-manicatus-black-chilean-black-flame-tarantula-rare-dwarf-new-world-species-live-arrival-guarantee,Euathlus manicatus ‘Black’ – Chilean Black Flame Tarantula | Rare Dwarf New World Species | Live Arrival Guarantee,199.99,99.0,50.5
2026-05-24T08:32:43.542052+00:00,Ty Dye Exotics,ty-dye-exotics:euathlus-sp-bronce-chilean-bronze-flame-tarantula-rare-dwarf-new-world-species-live-arrival-guarantee,Euathlus sp. Bronce – Chilean Bronze Flame Tarantula | Rare Dwarf New World Species | Live Arrival Guarantee,164.99,99.0,40.0
2026-05-24T08:32:43.542052+00:00,Ty Dye Exotics,ty-dye-exotics:pamphobeteus-sp-arana-pollito-chicken-spider-massive-new-world-birdeater-live-arrival-guarantee,Pamphobeteus sp. 'Araña Pollito' – Chicken Spider | Massive New World Birdeater | Live Arrival Guarantee,735.0,350.0,52.4
2026-05-24T08:32:43.542052+00:00,Ty Dye Exotics,ty-dye-exotics:cyriopagopus-albostriatus-thai-purple-zebra-tarantula-stunning-striped-asian-earth-tiger-live-arrival-guarantee,Cyriopagopus albostriatus – Thai Purple Zebra Tarantula | Stunning Striped Asian Earth Tiger | Live Arrival Guarantee,99.99,50.0,50.0
2026-05-24T08:32:43.542052+00:00,Ty Dye Exotics,ty-dye-exotics:ceratogyrus-meridionalis-zimbabwe-grey-baboon-tarantula-rare-horned-old-world-species-live-arrival-guarantee,Ceratogyrus meridionalis – Zimbabwe Grey Baboon Tarantula | Rare Horned Old World Species | Live Arrival Guarantee,39.99,25.0,37.5
2026-05-24T08:32:43.542052+00:00,Ty Dye Exotics,ty-dye-exotics:ceratogyrus-brachycephalus-greater-horned-baboon-tarantula-forward-facing-horn-live-arrival-guarantee,Ceratogyrus brachycephalus – Greater Horned Baboon Tarantula | Forward-Facing Horn | Live Arrival Guarantee,64.99,35.0,46.1
2026-05-24T08:32:43.542052+00:00,Ty Dye Exotics,ty-dye-exotics:augacephalus-junodi-golden-baboon-tarantula-striking-old-world-baboon-species-live-arrival-guarantee,Augacephalus junodi – Golden Baboon Tarantula | Striking Old World Baboon Species | Live Arrival Guarantee,134.99,85.0,37.0
2026-05-24T08:32:43.542052+00:00,Ty Dye Exotics,ty-dye-exotics:parabuthus-villosus-black-black-hairy-thick-tail-scorpion-largest-buthid-on-the-planet-live-arrival-guarantee,Parabuthus villosus 'Black' – Black Hairy Thick Tail Scorpion | Largest Buthid on the Planet | Live Arrival Guarantee,64.99,35.0,46.1
2026-05-24T08:32:43.542052+00:00,Ty Dye Exotics,ty-dye-exotics:cyriopagopus-sp-valhalla-emerald-shadow-tree-spider-for-sale-live-arrival-guarantee,Cyriopagopus sp Valhalla - Emerald Shadow Tree Spider for Sale | Live Arrival Guarantee,197.99,99.99,49.5
2026-05-24T08:32:43.542052+00:00,Ty Dye Exotics,ty-dye-exotics:chilobrachys-sp-electric-blue-electric-blue,Chilobrachys natanicharum - Electric Blue Tarantula for Sale | Live Arrival Guarantee,43.99,32.0,27.3
2026-05-24T08:32:43.542052+00:00,Ty Dye Exotics,ty-dye-exotics:phormictopus-sp-sierra-de-bahoruco-midnight-nebula-birdeater-tarantula-starlit-caribbean-giant-live-arrival-guarantee,Phormictopus sp Sierra de Bahoruco – Midnight Nebula Birdeater Tarantula | Starlit Caribbean Giant | Live Arrival Guarantee,149.99,85.0,43.3
2026-05-24T08:32:43.542052+00:00,Ty Dye Exotics,ty-dye-exotics:devicarina-guidonae-saffron-dwarf-pumpkin-tarantula-rare-miniature-species-live-arrival-guarantee,Devicarina guidonae – Saffron Dwarf Pumpkin Tarantula | Ultra-Rare Miniature Species | Live Arrival Guarantee,424.99,188.0,55.8
2026-05-24T08:32:43.542052+00:00,Ty Dye Exotics,ty-dye-exotics:euathlus-truculentus-blue-chilean-blue-beauty-stunning-blue-femur-jewel-live-arrival-guarantee,Euathlus truculentus 'Blue' – Chilean Blue Beauty | Stunning Blue Femur Jewel | Live Arrival Guarantee,144.99,99.0,31.7
2026-05-24T08:32:43.542052+00:00,Ty Dye Exotics,ty-dye-exotics:euathlus-sp-smaragd-tiger-chilean-emerald-tiger-metallic-green-striped-beauty-live-arrival-guarantee,Euathlus sp Smaragd Tiger – Chilean Emerald Tiger | Metallic Green Striped Beauty | Live Arrival Guarantee,249.99,150.0,40.0
2026-05-24T08:32:43.542052+00:00,Ty Dye Exotics,ty-dye-exotics:euathlus-sp-fuego-chilean-orange-fuego-fiery-orange-beauty-live-arrival-guarantee,Euathlus sp Fuego – Chilean Orange Fuego | Fiery Orange Beauty | Live Arrival Guarantee,374.99,200.0,46.7
2026-05-24T08:32:43.542052+00:00,Ty Dye Exotics,ty-dye-exotics:eresus-walckenaeri-greek-velvet-spider-adorable-plushy-spood-live-arrival-guarantee,Eresus walckenaeri – Greek Velvet Spider | Adorable Live Plushy Spood | Live Arrival Guarantee,69.99,35.0,50.0
2026-05-24T08:32:43.542052+00:00,Ty Dye Exotics,ty-dye-exotics:megaphobema-sp-white-colombian-giant-white-leg-tarantula-rare-terrestrial-giant-live-arrival-guarantee,Megaphobema sp White – Colombian Giant White Leg Tarantula | Rare Terrestrial Giant | Live Arrival Guarantee,249.99,125.0,50.0
2026-05-24T08:32:43.542052+00:00,Ty Dye Exotics,ty-dye-exotics:archispirostreptus-gigas-african-giant-millipede-massive-gentle-giant-live-arrival-guarantee,Archispirostreptus gigas – African Giant Millipede | Massive Gentle Giant | Live Arrival Guarantee,79.99,38.0,52.5
2026-05-24T08:32:43.542052+00:00,Ty Dye Exotics,ty-dye-exotics:pterinochilus-murinus-kigoma-kigoma-obt-dark-baboon-beauty-live-arrival-guarantee,Pterinochilus murinus 'Kigoma' – Kigoma OBT | Dark Baboon Beauty | Live Arrival Guarantee,53.99,34.0,37.0
2026-05-24T08:32:43.542052+00:00,Ty Dye Exotics,ty-dye-exotics:ceratogyrus-darlingi-rear-horned-baboon,Ceratogyrus darlingi - Rear Horned Baboon Tarantula for Sale | Live Arrival Guarantee,41.99,20.0,52.4
2026-05-24T08:32:43.542052+00:00,Ty Dye Exotics,ty-dye-exotics:xenesthis-sp-white-colombian-lesser-white-tarantula-black-pink-giant-live-arrival-guarantee,Xenesthis sp White – Colombian Lesser White Tarantula | Black & Pink Giant | Live Arrival Guarantee,399.0,200.0,49.9
2026-05-24T08:32:43.542052+00:00,Ty Dye Exotics,ty-dye-exotics:pterinochilus-lugardi-dodoma-baboon-tarantula-tanzanian-bronze-warrior-live-arrival-guarantee,Pterinochilus lugardi – Dodoma Baboon Tarantula | Tanzanian Bronze Warrior | Live Arrival Guarantee,34.99,24.0,31.4
2026-05-24T08:32:43.542052+00:00,Ty Dye Exotics,ty-dye-exotics:phormictopus-atrichomatus-red-island-birdeater-caribbean-red-giant-live-arrival-guarantee,Phormictopus atrichomatus – Red Island Birdeater | Caribbean Red Giant | Live Arrival Guarantee,49.99,29.0,42.0
2026-05-24T08:32:43.542052+00:00,Ty Dye Exotics,ty-dye-exotics:phoneutria-depilata-panama-wandering-spider-medically-significant-venom-live-arrival-guarantee,Phoneutria depilata – Panama Wandering Spider | Medically Significant Venom | Live Arrival Guarantee,99.99,40.0,60.0
2026-05-24T08:32:43.542052+00:00,Ty Dye Exotics,ty-dye-exotics:pamphobeteus-sp-machala-colombian-purple-bloom-birdeater-tarantula-purple-velvet-giant-live-arrival-guarantee,Pamphobeteus sp Machala – Purple Bloom Birdeater Tarantula | Purple Velvet Giant | Live Arrival Guarantee,84.99,49.0,42.3
2026-05-24T08:32:43.542052+00:00,Ty Dye Exotics,ty-dye-exotics:ornithoctoninae-sp-haribon-philippine-eagle-tarantula-rare-philippine-jewel-live-arrival-guarantee,Ornithoctoninae sp Haribon – Philippine Eagle Tarantula | Rare Philippine Jewel | Live Arrival Guarantee,124.99,75.0,40.0
2026-05-24T08:32:43.542052+00:00,Ty Dye Exotics,ty-dye-exotics:lasiocyano-sazimai-brazilian-blue-tarantula-sapphire-terrestrial-beauty-live-arrival-guarantee,Lasiocyano sazimai – Brazilian Blue Tarantula | Sapphire Terrestrial Beauty | Live Arrival Guarantee,31.99,20.0,37.5
2026-05-24T08:32:43.542052+00:00,Ty Dye Exotics,ty-dye-exotics:heteroscodra-maculata-togo-starburst-baboon-tarantula-lightning-fast-african-ornamental-live-arrival-guarantee,Heteroscodra maculata – Togo Starburst Baboon Tarantula | Lightning-Fast African Ornamental | Live Arrival Guarantee,34.99,20.0,42.8
2026-05-24T08:32:43.542052+00:00,Ty Dye Exotics,ty-dye-exotics:cyriopagopus-sp-nhen-dep-nhen-dep-earth-tiger-tarantula-vietnamese-tiger-jewel-live-arrival-guarantee,Cyriopagopus sp Nhen Dep – Nhen Dep Earth Tiger Tarantula | Vietnamese Tiger Jewel | Live Arrival Guarantee,57.99,35.0,39.6
2026-05-24T08:32:43.542052+00:00,Ty Dye Exotics,ty-dye-exotics:cyriocosmus-elegans-trinidad-dwarf-tarantula-adorable-heart-butt-dwarf-live-arrival-guarantee,Cyriocosmus elegans – Trinidad Dwarf Tarantula | Adorable Heart Butt Dwarf | Live Arrival Guarantee,41.99,29.0,30.9
2026-05-24T08:32:43.542052+00:00,Ty Dye Exotics,ty-dye-exotics:avicularia-avicularia-m6-metallic-pink-toe-tarantula-shimmering-morphotype-live-arrival-guarantee,Avicularia avicularia M6 – Metallic Pink Toe Tarantula | Shimmering Morphotype | Live Arrival Guarantee,54.99,35.0,36.4
2026-05-24T08:32:43.542052+00:00,Ty Dye Exotics,ty-dye-exotics:tarantula-cribs-coffin-crib-mini-red-6x3x3-premium-acrylic-enclosure-1,"Tarantula Cribs - Coffin Crib Mini - Red - 6""x3""x3"" Premium Acrylic Enclosure",39.99,29.0,27.5
2026-05-24T08:32:43.542052+00:00,Ty Dye Exotics,ty-dye-exotics:smeringurus-mesaensis-dune-scorpion-beginner-friendly-low-venom-species-live-arrival-guarantee,Smeringurus mesaensis – Dune Scorpion | Beginner-Friendly Low Venom Species | Live Arrival Guarantee,24.99,12.5,50.0
2026-05-24T08:32:43.542052+00:00,Ty Dye Exotics,ty-dye-exotics:aphonopelma-anax-texas-black-and-tan-tarantula-hardy-southwestern-species-live-arrival-guarantee,Aphonopelma anax – Texas Black and Tan Tarantula | Hardy Southwestern Species | Live Arrival Guarantee,59.99,35.0,41.7
2026-05-24T08:32:43.542052+00:00,Ty Dye Exotics,ty-dye-exotics:hogna-miami-miami-wolf-spider-rare-florida-endemic-live-arrival-guarantee,Hogna miami – Miami Wolf Spider | Rare Florida Endemic | Live Arrival Guarantee,24.99,12.5,50.0
2026-05-24T08:32:43.542052+00:00,Ty Dye Exotics,ty-dye-exotics:fufius-lanicius-gold-digger-trapdoor-spider-golden-waferlid-trapdoor-spider-live-arrival-guarantee,Fufius lanicius – Gold Digger Trapdoor Spider | Golden Waferlid Trapdoor Spider | Live Arrival Guarantee,39.99,28.0,30.0
2026-05-24T08:32:43.542052+00:00,Ty Dye Exotics,ty-dye-exotics:psalmopoeus-victori-darth-maul-tarantula-mexican-half-half-stunning-arboreal-species-live-arrival-guarantee,Psalmopoeus victori – Darth Maul Tarantula | Mexican Half & Half | Stunning Arboreal Species | Live Arrival Guarantee,54.99,34.0,38.2
2026-05-24T08:32:43.542052+00:00,Ty Dye Exotics,ty-dye-exotics:paravaejovis-confusus-sandy-devil-scorpion-yellow-ground-scorpion-live-arrival-guarantee-1,Paravaejovis spinigerus – Stripe Tailed Devil Scorpion | Distinctive Striped Tail | Live Arrival Guarantee,19.99,8.0,60.0
2026-05-24T08:32:43.542052+00:00,Ty Dye Exotics,ty-dye-exotics:tarantula-cribs-small-orange-slider-6x4x4-ty-dye-exotics-collaboration-acrylic-enclosure,"Tarantula Cribs Small Orange Slider - 6""x4""x4"" Ty Dye Exotics Collaboration Acrylic Enclosure",39.99,25.0,37.5
2026-05-24T08:32:43.542052+00:00,Ty Dye Exotics,ty-dye-exotics:tarantula-cribs-og-sling-crib-2x2x3-original-game-changing-acrylic-enclosure,"Tarantula Cribs - OG Sling Crib - 2""x2""x3"" Original Game-Changing Acrylic Enclosure",17.99,13.75,23.6
2026-05-24T08:32:43.542052+00:00,Ty Dye Exotics,ty-dye-exotics:hyporhicnoda-sp-venezuela-venezuelan-wood-roach-fascinating-wood-dwelling-species-live-arrival-guarantee,Hyporhicnoda sp Venezuela – Venezuelan Wood Roach | Fascinating Wood-Dwelling Species | Live Arrival Guarantee,34.99,10.0,71.4
2026-05-24T08:32:43.542052+00:00,Ty Dye Exotics,ty-dye-exotics:hyporhicnoda-litomorpha-panama-wood-roach-fascinating-wood-dwelling-species-live-arrival-guarantee,Hyporhicnoda litomorpha – Panama Wood Roach | Fascinating Wood-Dwelling Species | Live Arrival Guarantee,29.99,10.0,66.7
2026-05-24T08:32:43.542052+00:00,Ty Dye Exotics,ty-dye-exotics:hemiblabera-tenebricosa-elliot-key-broad-keys-roach-most-colorful-hemiblabera-live-arrival-guarantee,Hemiblabera tenebricosa 'Elliot Key' – Broad Keys Roach | Most Colorful Hemiblabera | Live Arrival Guarantee,17.99,10.0,44.4
2026-05-24T08:32:43.542052+00:00,Ty Dye Exotics,ty-dye-exotics:uroplectes-chubbi-chubbs-lesser-thicktailed-scorpion-wonderfully-colored-arboreal-species-live-arrival-guarantee,Uroplectes chubbi – Chubb's Lesser Thicktailed Scorpion | Wonderfully Colored Arboreal Species | Live Arrival Guarantee,64.99,44.0,32.3
2026-05-24T08:32:43.542052+00:00,Ty Dye Exotics,ty-dye-exotics:teruelius-grandidieri-madagascan-black-scorpion-rare-madagascar-species-live-arrival-guarantee,Teruelius grandidieri – Madagascan Black Scorpion | Rare Madagascar Species | Live Arrival Guarantee,57.99,39.0,32.7
2026-05-24T08:32:43.542052+00:00,Ty Dye Exotics,ty-dye-exotics:paruroctonus-utahensis-white-sands-scorpion-eastern-sand-scorpion-live-arrival-guarantee,Paruroctonus utahensis – White Sands Scorpion | Eastern Sand Scorpion | Live Arrival Guarantee,26.99,12.5,53.7
2026-05-24T08:32:43.542052+00:00,Ty Dye Exotics,ty-dye-exotics:paruroctonus-gracilior-chihuahuan-slendertail-scorpion-elegant-desert-species-live-arrival-guarantee,Paruroctonus gracilior – Chihuahuan Slendertail Scorpion | Elegant Desert Species | Live Arrival Guarantee,26.99,12.5,53.7
2026-05-24T08:32:43.542052+00:00,Ty Dye Exotics,ty-dye-exotics:paruroctonus-baergi-baergs-sand-swimmer-scorpion-unique-burrowing-species-live-arrival-guarantee,Paruroctonus baergi – Baerg's Sand Swimmer Scorpion | Unique Burrowing Species | Live Arrival Guarantee,21.99,8.0,63.6
2026-05-24T08:32:43.542052+00:00,Ty Dye Exotics,ty-dye-exotics:paravaejovis-confusus-sandy-devil-scorpion-yellow-ground-scorpion-live-arrival-guarantee,Paravaejovis confusus – Sandy Devil Scorpion | Yellow Ground Scorpion | Live Arrival Guarantee,16.99,8.0,52.9
2026-05-24T08:32:43.542052+00:00,Ty Dye Exotics,ty-dye-exotics:parabuthus-schlechteri-burrowing-thick-tail-scorpion-beautiful-two-colored-species-live-arrival-guarantee,Parabuthus schlechteri – Burrowing Thick Tail Scorpion | Beautiful Two-Colored Species | Live Arrival Guarantee,67.99,48.0,29.4
2026-05-24T08:32:43.542052+00:00,Ty Dye Exotics,ty-dye-exotics:nebo-whitei-yellow-whites-nebo-scorpion-new-yellow-color-form-live-arrival-guarantee,Nebo whitei 'Yellow' – White's Nebo Scorpion | New Yellow Color Form | Live Arrival Guarantee,74.99,35.0,53.3
2026-05-24T08:32:43.542052+00:00,Ty Dye Exotics,ty-dye-exotics:hottentotta-trilineatus-bright-eastern-nomad-scorpion-rare-bright-morphotype-live-arrival-guarantee,Hottentotta trilineatus 'Bright' – Eastern Nomad Scorpion | Rare Bright Morphotype | Live Arrival Guarantee,39.99,25.0,37.5
2026-05-24T08:32:43.542052+00:00,Ty Dye Exotics,ty-dye-exotics:buthus-elmoutaukili-moroccan-tricolor-scorpion-rare-colorful-species-live-arrival-guarantee,Buthus elmoutaukili – Moroccan Tricolor Scorpion | Rare Colorful Species | Live Arrival Guarantee,49.99,24.0,52.0
2026-05-24T08:32:43.542052+00:00,Ty Dye Exotics,ty-dye-exotics:androctonus-aeneas-tunisian-black-fattail-scorpion-rare-arid-species-live-arrival-guarantee,Androctonus aeneas – Tunisian Black Fattail Scorpion | Rare Arid Species | Live Arrival Guarantee,84.99,45.0,47.1
2026-05-24T08:32:43.542052+00:00,Ty Dye Exotics,ty-dye-exotics:scolopendra-sp-ruby-red-hispaniolan-red-giant-centipede-massive-caribbean-species-live-arrival-guarantee,Scolopendra sp Ruby Red – Hispaniolan Red Giant Centipede | Massive Caribbean Species | Live Arrival Guarantee,224.99,135.0,40.0
2026-05-24T08:32:43.542052+00:00,Ty Dye Exotics,ty-dye-exotics:theraphosa-blondi-true-goliath-birdeater-tarantula-worlds-largest-spider-live-arrival-guarantee,Theraphosa blondi – True Goliath Birdeater Tarantula | World's Largest Spider | Live Arrival Guarantee,124.99,85.0,32.0
2026-05-24T08:32:43.542052+00:00,Ty Dye Exotics,ty-dye-exotics:tapinauchenius-sp-yasuni-yasuni-tree-spider-metallic-gold-arboreal-species-live-arrival-guarantee,Tapinauchenius sp Yasuni – Yasuni Tree Spider | Metallic Gold Arboreal Species | Live Arrival Guarantee,144.99,65.0,55.2
2026-05-24T08:32:43.542052+00:00,Ty Dye Exotics,ty-dye-exotics:sericopelma-sp-darien-darien-birdeater-tarantula-stunning-pink-black-species-live-arrival-guarantee,Sericopelma sp Darien – Darien Birdeater Tarantula | Stunning Pink & Black Species | Live Arrival Guarantee,124.99,60.0,52.0
2026-05-24T08:32:43.542052+00:00,Ty Dye Exotics,ty-dye-exotics:pterinochilus-murinus-usambara-orange-baboon-tarantula-rcf-red-color-form-live-arrival-guarantee,Pterinochilus murinus 'Usambara' – Orange Baboon Tarantula | RCF Red Color Form | Live Arrival Guarantee,34.99,19.99,42.9
2026-05-24T08:32:43.542052+00:00,Ty Dye Exotics,ty-dye-exotics:psalmopoeus-cambridgei-trinidad-chevron-tarantula-fast-arboreal-species-live-arrival-guarantee,Psalmopoeus cambridgei – Trinidad Chevron Tarantula | Fast Arboreal Species | Live Arrival Guarantee,31.99,20.0,37.5
2026-05-24T08:32:43.542052+00:00,Ty Dye Exotics,ty-dye-exotics:poecilotheria-metallica-gooty-sapphire-ornamental-tarantula-stunning-blue-species-live-arrival-guarantee,Poecilotheria metallica – Gooty Sapphire Ornamental Tarantula | Stunning Blue Species | Live Arrival Guarantee,99.99,88.0,12.0
2026-05-24T08:32:43.542052+00:00,Ty Dye Exotics,ty-dye-exotics:pamphobeteus-sp-mascara-mascara-giant-birdeater-stunning-colombian-species-live-arrival-guarantee,"Pamphobeteus sp. ""Mascara"" – Mascara Giant Birdeater | Stunning Colombian Species | Live Arrival Guarantee",118.99,60.0,49.6
2026-05-24T08:32:43.542052+00:00,Ty Dye Exotics,ty-dye-exotics:orphnaecus-sp-merinduque-purple-merinduque-purple-tarantula-rare-philippine-species-live-arrival-guarantee,"Orphnaecus sp. ""Merinduque Purple"" – Merinduque Purple Tarantula | Rare Philippine Species | Live Arrival Guarantee",74.99,35.0,53.3
2026-05-24T08:32:43.542052+00:00,Ty Dye Exotics,ty-dye-exotics:ornithoctoninae-sp-viridis-golden-jade-earth-tiger-tarantula-rare-green-species-live-arrival-guarantee,"Ornithoctoninae sp. ""Viridis"" – Golden Jade Earth Tiger Tarantula | Rare Green Species | Live Arrival Guarantee",214.99,88.0,59.1
2026-05-24T08:32:43.542052+00:00,Ty Dye Exotics,ty-dye-exotics:ornithoctoninae-sp-vietnam-silver-vietnam-silver-earth-tiger-tarantula-rare-metallic-species-live-arrival-guarantee,"Ornithoctoninae sp. ""Vietnam Silver"" – Vietnam Silver Earth Tiger Tarantula | Rare Metallic Species | Live Arrival Guarantee",74.99,40.0,46.7
2026-05-24T08:32:43.542052+00:00,Ty Dye Exotics,ty-dye-exotics:ornithoctoninae-sp-veronica-dwarf-earth-tiger-tarantula-rare-compact-species-live-arrival-guarantee,Ornithoctoninae sp. Veronica Dwarf – Veronica Dwarf Earth Tiger Tarantula | Rare Compact Species | Live Arrival Guarantee,59.99,30.0,50.0
2026-05-24T08:32:43.542052+00:00,Ty Dye Exotics,ty-dye-exotics:omothymus-violaceopes-singapore-blue-tarantula-stunning-blue-species-live-arrival-guarantee,Omothymus violaceopes – Singapore Blue Tarantula | Stunning Blue Species | Live Arrival Guarantee,54.99,28.0,49.1
2026-05-24T08:32:43.542052+00:00,Ty Dye Exotics,ty-dye-exotics:ischnocolus-vanandelae-omani-golden-tiger-tarantula-for-sale-live-arrival-guarantee,Ischnocolus vanandelae - Omani Golden Tiger Tarantula for Sale | Live Arrival Guarantee,57.99,30.0,48.3
2026-05-24T08:32:43.542052+00:00,Ty Dye Exotics,ty-dye-exotics:ischnocolus-jickelii-blue-dhofar-blue-dwarf-tarantula-for-sale-live-arrival-guarantee,Ischnocolus jickelii 'Blue' - Dhofar Blue Dwarf Tarantula for Sale | Live Arrival Guarantee,154.99,60.0,61.3
2026-05-24T08:32:43.542052+00:00,Ty Dye Exotics,ty-dye-exotics:homoeomma-orellanai-chilean-yellow-flame-tarantula-for-sale-live-arrival-guarantee,Homoeomma orellanai - Chilean Yellow Flame Tarantula for Sale | Live Arrival Guarantee,174.99,89.0,49.1
2026-05-24T08:32:43.542052+00:00,Ty Dye Exotics,ty-dye-exotics:homoeomma-chilense-chilean-flame-tarantula-for-sale-live-arrival-guarantee,Homoeomma chilense - Chilean Flame Tarantula for Sale | Live Arrival Guarantee,129.99,98.0,24.6
2026-05-24T08:32:43.542052+00:00,Ty Dye Exotics,ty-dye-exotics:harpactira-pulchripes-golden-blue-leg-baboon-tarantula-for-sale-live-arrival-guarantee,Harpactira pulchripes - Golden Blue Leg Baboon Tarantula for Sale | Live Arrival Guarantee,54.99,30.0,45.4
2026-05-24T08:32:43.542052+00:00,Ty Dye Exotics,ty-dye-exotics:hapalopus-formosus-pumpkin-patch-tarantula-for-sale-live-arrival-guarantee,Hapalopus formosus - Pumpkin Patch Tarantula for Sale | Live Arrival Guarantee,37.99,19.99,47.4
2026-05-24T08:32:43.542052+00:00,Ty Dye Exotics,ty-dye-exotics:grammostola-pulchra-brazilian-black-tarantula-for-sale-live-arrival-guarantee,Grammostola pulchra - Brazilian Black Tarantula for Sale | Live Arrival Guarantee,87.99,48.0,45.4
2026-05-24T08:32:43.542052+00:00,Ty Dye Exotics,ty-dye-exotics:grammostola-rosea-rcf-chilean-rose-hair-red-tarantula-for-sale-live-arrival-guarantee,Grammostola rosea RCF - Chilean Rose Hair 'Red' Tarantula for Sale | Live Arrival Guarantee,74.99,48.0,36.0
2026-05-24T08:32:43.542052+00:00,Ty Dye Exotics,ty-dye-exotics:davus-sp-panama-lava-spider-tarantula-for-sale-live-arrival-guarantee,Davus sp Panama - Lava Spider Tarantula for Sale | Live Arrival Guarantee,134.99,80.0,40.7
2026-05-24T08:32:43.542052+00:00,Ty Dye Exotics,ty-dye-exotics:cyriopagopus-lividus-cobalt-blue-tarantula-for-sale-live-arrival-guarantee,Cyriopagopus lividus - Cobalt Blue Tarantula for Sale | Live Arrival Guarantee,44.99,28.5,36.7
2026-05-24T08:32:43.542052+00:00,Ty Dye Exotics,ty-dye-exotics:brachionopus-sp-limpopo-limpopo-dwarf-tarantula-for-sale-live-arrival-guarantee,Brachionopus sp Limpopo - Limpopo Dwarf Tarantula for Sale | Live Arrival Guarantee,54.99,32.5,40.9
2026-05-24T08:32:43.542052+00:00,Ty Dye Exotics,ty-dye-exotics:avicularia-purpurea-purple-pink-toe-tarantula-for-sale-live-arrival-guarantee,Avicularia purpurea - Purple Pink Toe Tarantula for Sale | Live Arrival Guarantee,69.99,45.0,35.7
2026-05-24T08:32:43.542052+00:00,Ty Dye Exotics,ty-dye-exotics:brachypelma-hamorii-mexican-red-knee,Brachypelma hamorii - Mexican Red Knee Tarantula for Sale | Live Arrival Guarantee,79.99,45.0,43.7
2026-05-24T08:32:43.542052+00:00,Ty Dye Exotics,ty-dye-exotics:chilobrachys-huahini-asain-fawn,Chilobrachys huahini - Asian Fawn Tarantula for Sale | Live Arrival Guarantee,39.99,24.99,37.5
2026-05-24T08:32:43.542052+00:00,Ty Dye Exotics,ty-dye-exotics:phormingochilus-sp-rufus-317,Aspinochilus rufus - Peach Earth Tiger Tarantula for Sale | Live Arrival Guarantee,37.99,18.75,50.6
2026-05-24T08:32:43.542052+00:00,Nature's Good Guys,natures-good-guys:pic-mosquito-repellent-coils,PIC Mosquito Repellent Coils - 10 Pack,4.99,7.99,60.1
2026-05-24T08:32:43.542052+00:00,Nature's Good Guys,natures-good-guys:beneficial-nematodes-hb-sf,"Beneficial Nematodes HB+SF Mix - Control Codling Moths, Fungus Gnats, Thrips & More",20.99,16.79,20.0
2026-05-24T08:32:43.542052+00:00,Nature's Good Guys,natures-good-guys:beneficial-nematodes-hb-sc-sf,"Beneficial Nematodes Triple Blend – Targets Fleas, Grubs, Fungus Gnats, Thrips & More",14.99,11.99,20.0
2026-05-24T08:32:43.542052+00:00,Nature's Good Guys,natures-good-guys:beneficial-nematodes-hb-sc,"Beneficial Nematodes HB+SC Mix - Control Codling Moths, Cucumber Beetles, Grubs & More",20.99,16.79,20.0
2026-05-24T08:32:43.542052+00:00,Nature's Good Guys,natures-good-guys:earthworm-castings-organic-natural-soil-amendment,"Red ""Wiggler"" Worm Castings - Plant & Garden Soil Nutrition",39.99,24.99,37.5
2026-05-24T08:32:43.542052+00:00,Nature's Good Guys,natures-good-guys:beneficial-nematodes-sf,"Beneficial Nematodes SF – Targets Fungus Gnats, Thrips, Shore Flies & More",14.99,11.99,20.0
2026-05-24T08:32:43.542052+00:00,Nature's Good Guys,natures-good-guys:beneficial-nematodes-sc,"Beneficial Nematodes SC – Targets Fleas, Flies, Moths & More",14.99,11.99,20.0
2026-05-24T08:32:43.542052+00:00,Nature's Good Guys,natures-good-guys:beneficial-nematodes-hb,"Beneficial Nematodes HB – Targets Grubs, Japanese Beetles, Cucumber Beetles, & More",14.99,11.99,20.0
2026-05-24T08:32:43.542052+00:00,DubiaRoaches.com,dubiaroaches:hornworm-moth-pupa-sexed-pair-manduca-sexta-auction-20,Hornworm Moth Pupa Sexed Pair (Manduca sexta) Auction,1.0,15.0,1400.0
2026-05-24T08:32:43.542052+00:00,DubiaRoaches.com,dubiaroaches:zoo-med-super-deluxe-10-stainless-steel-feeding-tongs-auction-26,Zoo Med Super Deluxe 10″ Stainless Steel Feeding Tongs Auction,1.0,5.0,400.0
2026-05-24T08:32:43.542052+00:00,DubiaRoaches.com,dubiaroaches:large-superworm-250ct-auction-14,Large Superworm 250ct Auction,1.0,14.0,1300.0
2026-05-24T08:32:43.542052+00:00,DubiaRoaches.com,dubiaroaches:36x18x18-v3-50-gallon-auction-14,36x18x18 V3 (50 Gallon) Auction,30.0,161.0,436.7
2026-05-24T08:32:43.542052+00:00,DubiaRoaches.com,dubiaroaches:large-hornworm-12ct-case-of-6-auction-21,Large Hornworm 12ct (Case Of 6) Auction,1.0,30.0,2900.0
2026-05-24T08:32:43.542052+00:00,DubiaRoaches.com,dubiaroaches:220w-heat-panel-reptile-habitat-auction-15,220w Heat Panel Reptile Habitat Auction,20.0,130.0,550.0
2026-05-24T08:32:43.542052+00:00,Bee Built,bee-built:warre-hive,"Warre Hive Full Kit - 2 Warre Boxes w/ Windows, Composite Roof, Quilt Box, Base, and Feet",725.0,699.0,3.6
2026-05-24T08:32:43.542052+00:00,Bee Built,bee-built:top-bar-hive,Top Bar Hive in Western Red Cedar,949.0,749.0,21.1
2026-05-24T08:32:43.542052+00:00,Fear Not Tarantulas,fear-not-tarantulas:pamphobeteus-sp-manganegra,"Pamphobeteus sp manganegra (Black & Pink Bloom Tarantula) about 1"" - 1 1/4""  * RARE",125.0,65.0,48.0
2026-05-24T08:32:43.542052+00:00,Fear Not Tarantulas,fear-not-tarantulas:tapinauchenius-sanctivincenti-tarantula-for-sale,"Tapinauchenius sanctivincenti (St. Vincent's Tree Spider) about 3/4"" - 1""",45.0,19.0,57.8
2026-05-24T08:32:43.542052+00:00,Fear Not Tarantulas,fear-not-tarantulas:chilobrachys-natanicharum-electric-blue-tarantula-for-sale,"Chilobrachys natanicharum  (Electric Blue Tarantula) about  3/4"" - 1""",45.0,19.0,57.8
2026-05-24T08:32:43.542052+00:00,Fear Not Tarantulas,fear-not-tarantulas:copy-of-brachypelma-klaasi-mexican-pink-tarantula-1-2-3-4,"Brachypelma klaasi (Mexican Pink Tarantula) about 1/2""",120.0,99.0,17.5
2026-05-24T08:32:43.542052+00:00,Exotics Source,exotics-source:regal-jumping-spider-royal-yam,Regal Jumping Spider “Royal Yam”,95.0,75.0,21.1
2026-05-24T08:32:43.542052+00:00,Exotics Source,exotics-source:regal-jumping-spider-tater-tot,Regal Jumping Spider “Tater Tot”,75.0,95.0,26.7
2026-05-24T08:32:43.542052+00:00,Exotics Source,exotics-source:regal-jumping-spider-marshmellow,"Regal Jumping Spider ""Marshmellow""",125.0,95.0,24.0
2026-05-24T08:32:43.542052+00:00,Exotics Source,exotics-source:regal-jumping-spider-sweet,"Regal Jumping Spider ""Sweet""",65.0,75.0,15.4
2026-05-24T08:32:43.542052+00:00,Exotics Source,exotics-source:regal-jumping-spider-mystique-dark-phase,"Regal Jumping Spider ""Mystique""",150.0,95.0,36.7
2026-05-24T08:32:43.542052+00:00,Exotics Source,exotics-source:regal-jumping-spider-heat,"Regal Jumping Spider ""Heat""",75.0,95.0,26.7
2026-05-24T08:32:43.542052+00:00,Exotics Source,exotics-source:regal-jumping-spider-clover,"Regal Jumping Spider ""Clover""",75.0,95.0,26.7
2026-05-24T08:32:43.542052+00:00,Exotics Source,exotics-source:regal-jumping-spider-cheeto,"Regal Jumping Spider ""Cheeto""",75.0,95.0,26.7
2026-05-24T08:32:43.542052+00:00,Exotics Source,exotics-source:regal-jumping-spider-mozzarella,"Regal Jumping Spider ""Mozzarella""",125.0,95.0,24.0
2026-05-24T08:32:43.542052+00:00,Exotics Source,exotics-source:regal-jumping-spider-ruby,"Regal Jumping Spider ""Ruby""",75.0,95.0,26.7
2026-05-24T08:32:43.542052+00:00,Exotics Source,exotics-source:regal-jumping-spider-pecan,"Regal Jumping Spider ""Pecan""",95.0,75.0,21.1
2026-05-24T08:32:43.542052+00:00,Exotics Source,exotics-source:regal-jumping-spider-rachel,"Regal Jumping Spider ""Rachel""",75.0,95.0,26.7
2026-05-24T08:32:43.542052+00:00,Exotics Source,exotics-source:regal-jumping-spider-almond,"Regal Jumping Spider ""Almond""",65.0,95.0,46.2
2026-05-24T08:32:43.542052+00:00,Exotics Source,exotics-source:regal-jumping-spider-beth,"Regal Jumping Spider ""Beth""",75.0,95.0,26.7
2026-05-24T08:32:43.542052+00:00,Exotics Source,exotics-source:regal-jumping-spider-berry,"Regal Jumping Spider ""Berry""",75.0,95.0,26.7
2026-05-24T08:32:43.542052+00:00,Exotics Source,exotics-source:regal-jumping-spider-spirit,"Regal Jumping Spider ""Spirit""",95.0,75.0,21.1
2026-05-24T08:32:43.542052+00:00,Exotics Source,exotics-source:regal-jumping-spider-seaweed,"Regal Jumping Spider ""Seaweed""",75.0,95.0,26.7
2026-05-24T08:32:43.542052+00:00,Micro Wilderness,micro-wilderness:harpactira-pulchripes-female-blue-foot-baboon-tarantula,Harpactira pulchripes-Female - Blue Foot Baboon Tarantula,299.99,249.99,16.7
2026-05-24T08:32:43.542052+00:00,Micro Wilderness,micro-wilderness:grammostola-pulchripes-chaco-golden-knee-female,Grammostola Pulchripes- Chaco Golden Knee- Female,99.99,149.99,50.0
2026-05-24T08:32:43.542052+00:00,Micro Wilderness,micro-wilderness:brachypelma-boehmei,Brachypelma boehmei - Unsexed - Mexican Fireleg Tarantula,99.99,139.99,40.0
2026-05-24T08:32:43.542052+00:00,Micro Wilderness,micro-wilderness:citharacanthus-cyaneus-cuban-violet-unsexed,Citharacanthus cyaneus- Cuban Violet- unsexed,99.99,74.99,25.0
2026-05-24T08:32:43.542052+00:00,Micro Wilderness,micro-wilderness:nhandu-tripepii-unsexed-brazilian-red-and-white,Nhandu tripepii - male- Giant Blonde,129.99,74.99,42.3
2026-05-24T08:32:43.542052+00:00,Micro Wilderness,micro-wilderness:brachypelma-albiceps,Brachypelma albiceps - Male - Mexican Golden Red Rump Tarantula - Pure Blood,139.99,159.99,14.3
2026-05-24T08:32:43.542052+00:00,Micro Wilderness,micro-wilderness:tliltocatl-albopilosum-nicaraguan-male-nicaraguan-curly-hair,Tliltocatl albopilosum 'Nicaraguan' - Male - Nicaraguan Curly Hair Tarantula,49.99,44.99,10.0
2026-05-24T08:32:43.542052+00:00,Micro Wilderness,micro-wilderness:tlitocatl-khalenbergi-veracruz-red-rump-tarantula-unsexed-pureblood-lines,Tlitocatl Khalenbergi- Veracruz Red Rump Tarantula- unsexed- Pure bloodlines,59.99,32.99,45.0
2026-05-24T08:32:43.542052+00:00,Micro Wilderness,micro-wilderness:tliltocatl-albopilosum-nicaraguan-female-nicaraguan-curly-hair,Tliltocatl albopilosus  Nicaraguan pure blood - Female - Nicaraguan Curly Hair Tarantula,110.0,124.99,13.6
2026-05-24T08:32:43.542052+00:00,Micro Wilderness,micro-wilderness:brachypelma-albopilosum-nicaraguan,Tliltocatl albopilosum 'Nicaraguan' - Unsexed - Nicaraguan Curly Hair Tarantula,49.99,44.99,10.0
2026-05-24T08:32:43.542052+00:00,Micro Wilderness,micro-wilderness:acanthoscurria-geniculata-unsexed-brazilian-white-knee,Acanthoscurria geniculata - Unsexed - Brazilian Whiteknee Tarantula,29.99,49.99,66.7
2026-05-24T08:32:43.542052+00:00,Buddha Bugs,buddha-bugs:scolopendra-hainanum-chinese-tiger-legged-centipede-for-sale,"Scolopendra hainanum (Chinese tiger-legged centipede) 1.25""",75.0,40.0,46.7
2026-05-24T08:32:43.542052+00:00,Buddha Bugs,buddha-bugs:scolopendra-galapagoensis-orange-darwins-goliath-centipede-for-sale,"Scolopendra galapagoensis 'orange' (Darwin's goliath centipede) 2.5""",250.0,285.0,14.0
2026-05-24T08:32:43.542052+00:00,Buddha Bugs,buddha-bugs:phormictopus-atrichomatus-red-island-bird-eating-tarantula-for-sale,"Phormictopus atrichomatus (red island bird-eating tarantula) 0.75""",50.0,55.0,10.0
2026-05-24T08:32:43.542052+00:00,Buddha Bugs,buddha-bugs:avicularia-sp-peru-purple-peruvian-purple-pink-toe-tarantula-for-sale,"Avicularia juruensis morphotype 2 (Peruvian purple pink-toed tarantula) 0.75""",50.0,60.0,20.0
2026-05-24T08:32:43.542052+00:00,Buddha Bugs,buddha-bugs:scolopendra-sp-white-leg-peruvian-white-legged-centipede-for-sale,"Scolopendra sp. 'white leg' (Peruvian white-legged centipede) 3""",325.0,300.0,7.7
2026-05-24T08:32:43.542052+00:00,Buddha Bugs,buddha-bugs:barylestis-variatus-variegated-huntsman-spider-for-sale,"Barylestis variatus (variegated huntsman spider) 0.75""",15.0,20.0,33.3
2026-05-24T08:32:43.542052+00:00,Buddha Bugs,buddha-bugs:coremiocnemis-hoggi-malaysian-purple-femur-tarantula-for-sale,"Coremiocnemis hoggi (Malaysian purple-femur tarantula) 1""",95.0,100.0,5.3
2026-05-24T08:32:43.542052+00:00,Buddha Bugs,buddha-bugs:heteropoda-davidbowie-david-bowie-huntsman-spider-for-sale,"Heteropoda davidbowie (David Bowie huntsman spider) 0.33""",35.0,40.0,14.3
2026-05-24T08:32:43.542052+00:00,Buddha Bugs,buddha-bugs:psalmopoeus-victori-darth-maul-tarantula-for-sale,"Psalmopoeus victori (Mexican half & half tarantula) 0.75""",55.0,65.0,18.2
2026-05-24T08:32:43.542052+00:00,Buddha Bugs,buddha-bugs:davus-sp-panama-lava-spider-for-sale,"Davus sp. 'Panama' (Panama pink tarantula / lava spider) 0.33""",150.0,125.0,16.7
2026-05-24T08:32:43.542052+00:00,Buddha Bugs,buddha-bugs:ornithoctoninae-sp-vietnam-silver-vietnam-silver-earth-tiger-tarantula-for-sale,"Ornithoctoninae sp. 'Vietnam silver' (Vietnam silver tarantula) 0.66""",75.0,65.0,13.3
2026-05-24T08:32:43.542052+00:00,Buddha Bugs,buddha-bugs:ephebopus-cyanognathus-blue-fang-tarantula-for-sale,"Ephebopus cyanognathus (blue fang tarantula) 0.75""",60.0,75.0,25.0
2026-05-24T08:32:43.542052+00:00,Buddha Bugs,buddha-bugs:chromatopelma-cyaneopubescens-green-bottle-blue-tarantula-for-sale,"Chromatopelma cyaneopubescens (green bottle blue tarantula) 1""",55.0,65.0,18.2
2026-05-24T08:32:43.542052+00:00,Big Apple Herp,big-apple-herp:brown-elephant-trunk-snake,Brown Elephant Trunk Snake,89.95,129.95,44.5
2026-05-24T08:32:43.542052+00:00,David's Beetles,davids-beetles:adults-rainbow-stag-beetle-phalacrognathus-muelleri,ADULTS:  Rainbow stag beetle  (Phalacrognathus muelleri),80.0,89.99,12.5
2026-05-24T08:32:43.542052+00:00,Coast2Coast Beetles,coast2coast-beetles:strategus-aloeus-adult-female,strategus aloeus adult female,40.0,50.0,25.0
2026-05-24T08:32:43.542052+00:00,Pangea Reptile,pangea-reptile:crickets-1000-count,Bulk Crickets - 1000 Count,19.99,21.99,10.0
2026-05-24T08:32:43.542052+00:00,Pangea Reptile,pangea-reptile:crickets-500-count,Bulk Crickets - 500 Count,14.99,16.99,13.3
2026-05-24T08:32:43.542052+00:00,Grow Organic,grow-organic:organic-cabrillo-strawberry-box-1000,Organic Cabrillo Strawberry (Box 1000),652.0,715.0,9.7
2026-05-24T08:32:43.542052+00:00,Grow Organic,grow-organic:arber-organic-tomato-fruit-vegetables-3-in-1-boost-ready-to-use-spray,"Arber Organic Tomato Fruit & Vegetables 3-in-1 Boost, Ready to Use Spray",14.7,28.99,97.2
2026-05-24T08:32:43.542052+00:00,Grow Organic,grow-organic:opinel-folding-knife-carbon-steel-no-9,Opinel Folding Knife Carbon Steel No. 9,18.99,23.0,21.1
2026-05-24T08:32:43.542052+00:00,Grow Organic,grow-organic:treepot-tray-tray10-13-x-13-x-10,Treepot Tray - TRAY10 (13 x 13 x 10″),8.99,9.99,11.1
2026-05-24T08:32:43.542052+00:00,Grow Organic,grow-organic:ahs-hvy-irritec-drip-tape-5-mil-13000,Irritec Irriway Drip Tape 5 Mil (13000'),310.99,331.99,6.8
2026-05-24T08:32:43.542052+00:00,Grow Organic,grow-organic:mykos-mycorrhizae-granular-50-lb,Mykos Mycorrhizae Granular (50 lb),400.0,427.99,7.0
2026-05-24T08:32:43.542052+00:00,Grow Organic,grow-organic:arber-organic-insecticide-for-rose-and-flowers-ready-to-use-spray,"Arber Organic Insecticide for Rose and Flowers, Ready to Use Spray",14.7,28.99,97.2
2026-05-24T08:32:43.542052+00:00,Grow Organic,grow-organic:arber-organic-fungus-and-disease-control-for-roses-and-flowers-ready-to-use-spray,"Arber Organic Fungus and Disease Control for Roses and Flowers, Ready to Use Spray",14.7,28.99,97.2
2026-05-24T08:32:43.542052+00:00,Grow Organic,grow-organic:arber-organic-insecticide-for-tomato-fruit-vegetables-ready-to-use-spray,"Arber Organic Insecticide for Tomato Fruit & Vegetables, Ready to Use Spray",14.7,28.99,97.2
2026-05-24T08:32:43.542052+00:00,Grow Organic,grow-organic:arber-organic-insecticide-for-lawn-tree-and-shrub-ready-to-use-spray,"Arber Organic Insecticide for Lawn, Tree, and Shrub, Ready to Use Spray",14.7,28.99,97.2
2026-05-24T08:32:43.542052+00:00,Grow Organic,grow-organic:arber-organic-fungus-and-disease-control-for-lawn-tree-and-shrubs-ready-to-use-spray,"Arber Organic Fungus and Disease Control for Lawn, Tree and Shrubs, Ready to Use Spray",14.7,28.99,97.2
2026-05-24T08:32:43.542052+00:00,Grow Organic,grow-organic:arber-organic-soil-root-food-4oz,Arber Organic Soil & Root Food 4oz,10.06,18.99,88.8
2026-05-24T08:32:43.542052+00:00,Grow Organic,grow-organic:true-organic-cactus-succulent-potting-mix-8qt,True Organic - Cactus & Succulent Potting Mix 8qt,9.99,11.99,20.0
2026-05-24T08:32:43.542052+00:00,Grow Organic,grow-organic:true-organic-all-purpose-potting-mix-8qt,True Organic - All Purpose Potting Mix 8qt,9.99,11.99,20.0
2026-05-24T08:32:43.542052+00:00,Grow Organic,grow-organic:uni-gro-pumice,Uni-Gro Pumice,4.99,6.99,40.1
2026-05-24T08:32:43.542052+00:00,Grow Organic,grow-organic:true-organic-vegetable-herb-potting-mix-8qt,True Organic - Vegetable & Herb Potting Mix 8qt,9.99,11.99,20.0
2026-05-24T08:32:43.542052+00:00,Grow Organic,grow-organic:tanglefoot-tangle-guard-banding-material-tree-wrap,Tanglefoot Tangle Guard - Banding Material Tree Wrap,13.99,16.99,21.4
2026-05-24T08:32:43.542052+00:00,Grow Organic,grow-organic:espoma-organic-horticultural-charcoal-4qt,Espoma Organic Horticultural Charcoal 4qt,15.99,19.99,25.0
2026-05-24T08:32:43.542052+00:00,Grow Organic,grow-organic:true-organic-seabird-guano,True Organic Seabird Guano,13.99,16.99,21.4
2026-05-24T08:32:43.542052+00:00,Grow Organic,grow-organic:true-organic-azalea-camellia-rhododendron-food-12lbs,"True Organic - Azalea, Camellia, & Rhododendron Food 12lbs",23.99,26.99,12.5
2026-05-24T08:32:43.542052+00:00,Tar Heel Ants,tar-heel-ants:pogonomyrmex-badius-bundle-5-10-workers-queenfallen-fortress-bundle,"Pogonomyrmex badius Bundle (20+ workers, Queen)(Fallen Fortress Bundle)",154.99,164.99,6.5
2026-05-24T08:32:43.542052+00:00,JMZ Butterfly Farm,jmz-butterfly-farm:luna-moth-eggs,Luna Moth Eggs,45.0,40.0,11.1
2026-05-24T08:32:43.542052+00:00,JMZ Butterfly Farm,jmz-butterfly-farm:polyphemus-moth-eggs,Polyphemus Moth Eggs,30.0,25.0,16.7
2026-05-24T08:32:43.542052+00:00,JMZ Butterfly Farm,jmz-butterfly-farm:single-pipevine-swallowtail-chrysalis,(Single) Pipevine Swallowtail Chrysalis,16.0,18.0,12.5
2026-05-24T08:32:43.542052+00:00,JMZ Butterfly Farm,jmz-butterfly-farm:mourning-cloak-caterpillers-or-chrysalis,Mourning Cloak Caterpillers or Chrysalis,37.5,75.0,100.0
2026-05-24T08:32:43.542052+00:00,JMZ Butterfly Farm,jmz-butterfly-farm:pipevine-swallowtail-caterpillars-or-chrysalis,Pipevine Swallowtail Caterpillars or Chrysalis,37.5,75.0,100.0
2026-05-24T08:32:43.542052+00:00,JMZ Butterfly Farm,jmz-butterfly-farm:giant-swallowtail-caterpillars-or-chrysalis,Giant Swallowtail Caterpillars or Chrysalis,45.0,65.0,44.4
2026-05-24T08:32:43.542052+00:00,JMZ Butterfly Farm,jmz-butterfly-farm:monarch-caterpillars-or-chrysalis,Monarch Caterpillars or Chrysalis,37.5,75.0,100.0
2026-05-24T08:32:43.542052+00:00,Buckeye Myrmecology,buckeye-myrmecology:camponotus-laevissimus,Camponotus laevissimus,32.0,40.0,25.0
2026-05-24T08:32:43.542052+00:00,Buckeye Myrmecology,buckeye-myrmecology:camponotus-sansabeanus,Camponotus sansabeanus,54.0,76.0,40.7
2026-05-24T08:32:43.542052+00:00,Buckeye Myrmecology,buckeye-myrmecology:camponotus-americanus-for-sale,Camponotus americanus,64.0,76.0,18.8
2026-05-27T09:57:25.507082+00:00,The Defiant Forest,the-defiant-forest:vietnamese-giant-flame-leg-millipede-alienostreptus-bicoloripes,"Vietnamese Giant Flame Leg Millipede, Alienostreptus bicoloripes",100.0,85.0,15.0
2026-05-27T09:57:25.507082+00:00,Ty Dye Exotics,ty-dye-exotics:phormictopus-sp-dominican-purple-dominican-purple-birdeater-tarantula-stunning-caribbean-species-live-arrival-guarantee-1,Phormingochilus arboricola – Borneo Black Tarantula | Rare Arboreal Species | Live Arrival Guarantee,29.0,49.99,72.4
2026-05-27T09:57:25.507082+00:00,Ty Dye Exotics,ty-dye-exotics:og-ty-dye-chameleon-unisex-t-shirt,OG Ty Dye Chameleon Unisex t-shirt,18.99,25.0,31.6
2026-05-27T09:57:25.507082+00:00,Ty Dye Exotics,ty-dye-exotics:embroidered-beanie,Embroidered Beanie,18.99,24.99,31.6
2026-05-27T09:57:25.507082+00:00,Ty Dye Exotics,ty-dye-exotics:short-sleeve-unisex-t-shirt,TDE Spider Short-Sleeve Unisex T-Shirt,18.99,23.49,23.7
2026-05-27T09:57:25.507082+00:00,Ty Dye Exotics,ty-dye-exotics:tde-logo-short-sleeve-unisex-t-shirt,TDE Logo Short-Sleeve Unisex T-Shirt,18.99,23.49,23.7
2026-05-27T09:57:25.507082+00:00,Ty Dye Exotics,ty-dye-exotics:spider-boxx-unisex-t-shirt,Spider Boxx Unisex t-shirt,18.99,27.49,44.8
2026-05-27T09:57:25.507082+00:00,Ty Dye Exotics,ty-dye-exotics:unisex-t-shirt,Heavy Metal Centipede Unisex t-shirt,18.99,27.49,44.8
2026-05-27T09:57:25.507082+00:00,Ty Dye Exotics,ty-dye-exotics:ty-dye-logo-t-shirt,Ty Dye Logo T-Shirt,24.99,32.0,28.1
2026-05-27T09:57:25.507082+00:00,Ty Dye Exotics,ty-dye-exotics:poecilotheria-tigrinawesseli-wessels-tiger-ornamental-old-world-live-arrival-guarantee,Poecilotheria tigrinawesseli – Wessel's Tiger Ornamental | Old World | Live Arrival Guarantee,78.0,134.99,73.1
2026-05-27T09:57:25.507082+00:00,Ty Dye Exotics,ty-dye-exotics:phormingochilus-sp-sabah-red-crimson-purple-bat-eater-tarantula-rare-malaysian-species-live-arrival-guarantee,Phormingochilus sp Sabah Red – Crimson Purple Bat Eater Tarantula | Rare Malaysian Species | Live Arrival Guarantee,60.0,99.99,66.6
2026-05-27T09:57:25.507082+00:00,Ty Dye Exotics,ty-dye-exotics:phormingochilus-sp-akcaya-indo-bat-eater-old-world-live-arrival-guarantee,Phormingochilus sp. Akcaya – Indo Bat Eater | Old World | Live Arrival Guarantee,34.0,54.99,61.7
2026-05-27T09:57:25.507082+00:00,Ty Dye Exotics,ty-dye-exotics:phormictopus-sp-bayahibe-neon-pink-birdeater-tarantula-stunning-caribbean-species-live-arrival-guarantee,"Phormictopus sp. ""Bayahibe"" – Neon Pink Birdeater Tarantula | Stunning Caribbean Species | Live Arrival Guarantee",50.0,74.99,50.0
2026-05-27T09:57:25.507082+00:00,Ty Dye Exotics,ty-dye-exotics:pelinobius-muticus-king-baboon-tarantula-massive-african-species-live-arrival-guarantee,Pelinobius muticus – King Baboon Tarantula | Massive African Species | Live Arrival Guarantee,25.0,49.99,100.0
2026-05-27T09:57:25.507082+00:00,Ty Dye Exotics,ty-dye-exotics:ornithoctoninae-sp-phan-cay-red-purple-blaze-tree-spider-old-world-live-arrival-guarantee,Ornithoctoninae sp. Phan Cay Red – Purple Blaze Tree Spider | Old World | Live Arrival Guarantee,68.0,99.99,47.0
2026-05-27T09:57:25.507082+00:00,Ty Dye Exotics,ty-dye-exotics:ornithoctoninae-sp-phan-cay-blue-cobalt-tree-spider-rare-blue-arboreal-live-arrival-guarantee,"Ornithoctoninae sp. ""Phan Cay Blue"" – Cobalt Tree Spider | Rare Blue Arboreal | Live Arrival Guarantee",68.0,99.99,47.0
2026-05-27T09:57:25.507082+00:00,Ty Dye Exotics,ty-dye-exotics:cyriocosmus-ritae-peruvian-black-white-dwarf-tarantula-new-world-live-arrival-guarantee,Cyriocosmus ritae – Peruvian Black & White Dwarf Tarantula | New World | Live Arrival Guarantee,60.0,89.99,50.0
2026-05-27T09:57:25.507082+00:00,Ty Dye Exotics,ty-dye-exotics:avicularia-huriana-ecuadorian-wooly-pink-toe-tarantula-for-sale-live-arrival-guarantee,Avicularia huriana - Ecuadorian Wooly Pink Toe Tarantula for Sale | Live Arrival Guarantee,85.0,99.99,17.6
2026-05-27T09:57:25.507082+00:00,Ty Dye Exotics,ty-dye-exotics:aphonopelma-moderatum-rio-grande-gold-tarantula-striking-orange-black-species-live-arrival-guarantee,Aphonopelma moderatum – Rio Grande Gold Tarantula | Striking Orange & Black Species | Live Arrival Guarantee,35.0,49.99,42.8
2026-05-27T09:57:25.507082+00:00,Ty Dye Exotics,ty-dye-exotics:cerbalus-sp-egypt-dancing-lady-spider-egyptian-white-huntsman-live-arrival-guarantee,Cerbalus sp. Egypt – Dancing Lady Spider | Egyptian White Huntsman | Live Arrival Guarantee,25.0,39.99,60.0
2026-05-27T09:57:25.507082+00:00,Ty Dye Exotics,ty-dye-exotics:scolopendra-sp-thai-red-flame-thai-red-flame-centipede-vivid-red-scolopendrid-live-arrival-guarantee,Scolopendra sp. Thai Red Flame – Thai Red Flame Centipede | Vivid Red Scolopendrid | Live Arrival Guarantee,25.0,39.99,60.0
2026-05-27T09:57:25.507082+00:00,Ty Dye Exotics,ty-dye-exotics:scolopendra-sp-thai-black-flame-thai-black-flame-centipede-striking-dark-scolopendrid-live-arrival-guarantee,Scolopendra sp. Thai Black Flame – Thai Black Flame Centipede | Striking Dark Scolopendrid | Live Arrival Guarantee,25.0,39.99,60.0
2026-05-27T09:57:25.507082+00:00,Ty Dye Exotics,ty-dye-exotics:scorpiops-cf-kautii-thai-flat-rock-scorpion-rare-asian-flat-rock-species-live-arrival-guarantee,Scorpiops cf kautii – Thai Flat Rock Scorpion | Rare Asian Flat Rock Species | Live Arrival Guarantee,25.0,49.99,100.0
2026-05-27T09:57:25.507082+00:00,Ty Dye Exotics,ty-dye-exotics:barylestes-saaristoi-ghost-huntsman-spider-elusive-nocturnal-hunter-live-arrival-guarantee,Barylestes saaristoi – Ghost Huntsman Spider | Elusive Nocturnal Hunter | Live Arrival Guarantee,20.0,39.99,100.0
2026-05-27T09:57:25.507082+00:00,Ty Dye Exotics,ty-dye-exotics:lucihormetica-verrucosa-warty-glowspot-roach-live-arrival-guarantee,Lucihormetica verrucosa – Warty Glowspot Roach | Bioluminescent Display Roach | Live Arrival Guarantee,10.0,34.99,249.9
2026-05-27T09:57:25.507082+00:00,Ty Dye Exotics,ty-dye-exotics:blaberus-sp-honduras-honduran-cave-roach-live-arrival-guarantee,Blaberus sp. Honduras – Honduran Cave Roach | Large Display Roach | Live Arrival Guarantee,15.0,29.99,99.9
2026-05-27T09:57:25.507082+00:00,Ty Dye Exotics,ty-dye-exotics:centrobolus-splendidus-mozambique-red-fire-millipede-live-arrival-guarantee,Centrobolus splendidus – Mozambique Red Fire Millipede | Vibrant Red Species | Live Arrival Guarantee,18.0,29.99,66.6
2026-05-27T09:57:25.507082+00:00,Ty Dye Exotics,ty-dye-exotics:gymnetis-thula-harlequin-flower-beetle-live-arrival-guarantee,Gymnetis thula – Harlequin Flower Beetle | Native North American Flower Beetle | Live Arrival Guarantee,12.5,25.99,107.9
2026-05-27T09:57:25.507082+00:00,Ty Dye Exotics,ty-dye-exotics:acladocricus-sp-philippine-blue-giant-millipede-live-arrival-guarantee,Acladocricus sp. Philippine Blue – Philippine Blue Giant Millipede | Stunning Iridescent Giant | Live Arrival Guarantee,40.0,89.99,125.0
2026-05-27T09:57:25.507082+00:00,Ty Dye Exotics,ty-dye-exotics:polyphaga-aegyptica-egyptian-sand-roach-desert-substrate-swimmer-live-arrival-guarantee,Polyphaga aegyptica – Egyptian Sand Roach | Desert Substrate Swimmer | Live Arrival Guarantee,10.0,19.99,99.9
2026-05-27T09:57:25.507082+00:00,Ty Dye Exotics,ty-dye-exotics:compsodes-schwarzi-micro-hooded-roach-tiny-prolific-species-live-arrival-guarantee,Compsodes schwarzi – Micro Hooded Roach | Tiny Prolific Species | Live Arrival Guarantee,5.0,8.99,79.8
2026-05-27T09:57:25.507082+00:00,Ty Dye Exotics,ty-dye-exotics:eublaberus-serranus-headlamp-roach-or-pantanal-roach-distinctive-eublaberus-species-live-arrival-guarantee,Eublaberus serranus – Headlamp Roach or Pantanal Roach | Distinctive Eublaberus Species | Live Arrival Guarantee,10.0,17.99,79.9
2026-05-27T09:57:25.507082+00:00,Ty Dye Exotics,ty-dye-exotics:narceus-americanus-american-pinkfoot-millipede-hardy-native-species-live-arrival-guarantee,Narceus americanus – American Pinkfoot Millipede | Hardy Native Species | Live Arrival Guarantee,4.0,7.99,99.8
2026-05-27T09:57:25.507082+00:00,Ty Dye Exotics,ty-dye-exotics:trichorhina-tomentosa-dwarf-white-isopod-og-clean-up-crew-dart-frog-feeder-live-arrival-guarantee,Trichorhina tomentosa – Dwarf White Isopod | OG Clean-Up Crew & Dart Frog Feeder | Live Arrival Guarantee,4.79,8.99,87.7
2026-05-27T09:57:25.507082+00:00,Ty Dye Exotics,ty-dye-exotics:spirobollelus-immigrans-maui-skunk-striped-millipede-glows-under-blacklight-live-arrival-guarantee,Spirobollelus immigrans – Maui Skunk Striped Millipede | Glows Under Blacklight | Live Arrival Guarantee,12.5,23.99,91.9
2026-05-27T09:57:25.507082+00:00,Ty Dye Exotics,ty-dye-exotics:chicobolus-spinigerus-ivory-millipede-stunning-native-display-species-live-arrival-guarantee,Chicobolus spinigerus – Ivory Millipede | Stunning Native Display Species | Live Arrival Guarantee,4.0,8.99,124.8
2026-05-27T09:57:25.507082+00:00,Ty Dye Exotics,ty-dye-exotics:pterinochilus-chordatus-kilimanjaro-mustard-baboon-tarantula-golden-african-fury-live-arrival-guarantee,Pterinochilus chordatus – Kilimanjaro Mustard Baboon Tarantula | Golden African Fury | Live Arrival Guarantee,24.0,34.99,45.8
2026-05-27T09:57:25.507082+00:00,Ty Dye Exotics,ty-dye-exotics:thrixopelma-pruriens-peruvian-green-velvet-tarantula-emerald-desert-jewel-live-arrival-guarantee,Ewok pruriens – Peruvian Green Velvet Tarantula | Emerald Desert Jewel | Live Arrival Guarantee,25.0,39.99,60.0
2026-05-27T09:57:25.507082+00:00,Ty Dye Exotics,ty-dye-exotics:edentistoma-octosulcatum-millipede-eating-centipede,Edentistoma octosulcatum – Millipede Eating Centipede | Armored Millipede Mimic | Live Arrival Guarantee,299.0,399.99,33.8
2026-05-27T09:57:25.507082+00:00,Ty Dye Exotics,ty-dye-exotics:scolopendra-sp-sulawesi-flame-centipede,Scolopendra sp. 'Sulawesi Flame' – Sulawesi Flame Centipede | Red Orange Yellow Fire Centipede | Live Arrival Guarantee,69.0,139.99,102.9
2026-05-27T09:57:25.507082+00:00,Ty Dye Exotics,ty-dye-exotics:scolopendra-dehaani-malaysian-cherry-red-centipede,Scolopendra dehaani – Malaysian Cherry Red Centipede | All-Cherry Giant with Black Banding | Live Arrival Guarantee,58.0,124.99,115.5
2026-05-27T09:57:25.507082+00:00,Ty Dye Exotics,ty-dye-exotics:scolopendra-sp-lowland-jewel-centipede,Scolopendra sp. 'Lowland Jewel' – Lowland Jewel Centipede | Chocolate Body Orange-to-Blue Gradient Legs | Live Arrival Guarantee,90.0,174.99,94.4
2026-05-27T09:57:25.507082+00:00,Ty Dye Exotics,ty-dye-exotics:ethmostigmus-sp-borneo-blue-centipede,Ethmostigmus sp. 'Borneo Blue' – Borneo Blue Centipede | Electric Blue Giant Centipede | Live Arrival Guarantee,75.0,124.99,66.7
2026-05-27T09:57:25.507082+00:00,Ty Dye Exotics,ty-dye-exotics:scolopendra-sp-buton-black-centipede,Scolopendra sp. 'Buton Black' – Buton Black Centipede | Chocolate-to-Black Giant with Cherry Head | Live Arrival Guarantee,125.0,249.99,100.0
2026-05-27T09:57:25.507082+00:00,Ty Dye Exotics,ty-dye-exotics:scolopendra-subspinipes-piceoflava-centipede,Scolopendra subspinipes piceoflava – Piceoflava Centipede | Piece of Lava | Gold & Black Banded Giant | Live Arrival Guarantee,85.0,124.99,47.0
2026-05-27T09:57:25.507082+00:00,Ty Dye Exotics,ty-dye-exotics:scolopendra-sp-sumatran-purple-centipede,Scolopendra sp. 'Sumatran Purple' – Sumatran Purple Centipede | Purple Giant | Red Rosie | Live Arrival Guarantee,125.0,249.99,100.0
2026-05-27T09:57:25.507082+00:00,Ty Dye Exotics,ty-dye-exotics:scolopendra-sp-java-black-mt-merapi-giant-centipede,Scolopendra sp. 'Java Black' – Mt. Merapi Giant Centipede | Jet-Black Volcanic Giant | Live Arrival Guarantee,89.0,174.99,96.6
2026-05-27T09:57:25.507082+00:00,Ty Dye Exotics,ty-dye-exotics:scolopendra-sp-malaysian-jewel-centipede,Scolopendra sp. 'Malaysian Jewel' – Malaysian Jewel Centipede | Tri-Color Giant Centipede | Live Arrival Guarantee,179.0,249.99,39.7
2026-05-27T09:57:25.507082+00:00,Ty Dye Exotics,ty-dye-exotics:scolopendra-sp-white-beard-giant-white-beard-centipede-monster-10-species-live-arrival-guarantee,"Scolopendra sp White Beard – Giant White Beard Centipede | Monster 10""+ Species | Live Arrival Guarantee",99.0,199.99,102.0
2026-05-27T09:57:25.507082+00:00,Ty Dye Exotics,ty-dye-exotics:cyclocosmia-latusicosta-vietnamese-oreo-butt-trapdoor-spider,Cyclocosmia latusicosta – Vietnamese Oreo Butt Trapdoor Spider | Disc-Abdomen Mygalomorph | Live Arrival Guarantee,45.0,84.99,88.9
2026-05-27T09:57:25.507082+00:00,Ty Dye Exotics,ty-dye-exotics:eoperipatus-totoro-vietnamese-velvet-worm,Eoperipatus totoro – Vietnamese Velvet Worm | Ancient Predatory Invertebrate | Goo-Shooting Hunter,99.99,149.99,50.0
2026-05-27T09:57:25.507082+00:00,Ty Dye Exotics,ty-dye-exotics:eresus-elhennawyi-moroccan-ladybird-spider,Eresus elhennawyi – Moroccan Ladybird Spider | Blue Sidi Ifni Velvet Spider | Live Arrival Guarantee,45.0,84.99,88.9
2026-05-27T09:57:25.507082+00:00,Ty Dye Exotics,ty-dye-exotics:eresus-moravicus-yellow-faced-velvet-spider,Eresus moravicus – Yellow Faced Velvet Spider | Rare Old World Velvet Spider | Live Arrival Guarantee,38.0,69.99,84.2
2026-05-27T09:57:25.507082+00:00,Ty Dye Exotics,ty-dye-exotics:eresus-ruficapillus-italian-ladybird-spider,Eresus ruficapillus – Italian Ladybird Spider | Rare Old World Velvet Spider | Live Arrival Guarantee,35.0,64.99,85.7
2026-05-27T09:57:25.507082+00:00,Ty Dye Exotics,ty-dye-exotics:scolopendra-longipes-florida-keys-giant-centipede,Scolopendra longipes – Florida Keys Giant Centipede | Rare Endemic US Giant | Live Arrival Guarantee,25.0,39.99,60.0
2026-05-27T09:57:25.507082+00:00,Ty Dye Exotics,ty-dye-exotics:acanthophrynus-coronatus-baja-whipscorpion,"Acanthophrynus coronatus – Baja Whipscorpion | Massive 14–16"" Whipspan | Live Arrival Guarantee",125.0,199.99,60.0
2026-05-27T09:57:25.507082+00:00,Ty Dye Exotics,ty-dye-exotics:theraphosinae-sp-mandarina-orange-blush-tarantula-rare-colorful-new-world-species-live-arrival-guarantee,Theraphosinae sp. Mandarina – Orange Blush Tarantula | Rare Colorful New World Species | Live Arrival Guarantee,150.0,225.0,50.0
2026-05-27T09:57:25.507082+00:00,Ty Dye Exotics,ty-dye-exotics:phidippus-regius-regal-jumping-spider-popular-beginner-friendly-species-live-arrival-guarantee,Phidippus regius – Regal Jumping Spider | Popular Beginner-Friendly Species | Live Arrival Guarantee,19.99,24.99,25.0
2026-05-27T09:57:25.507082+00:00,Ty Dye Exotics,ty-dye-exotics:parabuthus-mossambicensis-mozambique-thick-tail-scorpion-very-rare-orange-species-live-arrival-guarantee,Parabuthus mossambicensis – Mozambique Thick Tail Scorpion | Very Rare Orange Species | Live Arrival Guarantee,39.0,64.99,66.6
2026-05-27T09:57:25.507082+00:00,Ty Dye Exotics,ty-dye-exotics:cyriopagopus-sp-bach-ma-bach-ma-earth-tiger-tarantula-for-sale-live-arrival-guarantee,Cyriopagopus sp Bach Ma - Bach Ma Earth Tiger Tarantula for Sale | Live Arrival Guarantee,29.0,49.99,72.4
2026-05-27T09:57:25.507082+00:00,Ty Dye Exotics,ty-dye-exotics:birupes-simoroxigorum-borneo-neon-blue-leg-tarantula-for-sale-live-arrival-guarantee,Birupes simoroxigorum - Borneo Neon Blue Leg Tarantula for Sale | Live Arrival Guarantee,55.0,74.99,36.3
2026-05-27T09:57:25.507082+00:00,Ty Dye Exotics,ty-dye-exotics:xenesthis-sp-light-light-beauty-birdeater-tarantula-pastel-colombian-giant-live-arrival-guarantee,Xenesthis sp Light – Light Beauty Birdeater Tarantula | Pastel Colombian Giant | Live Arrival Guarantee,200.0,379.0,89.5
2026-05-27T09:57:25.507082+00:00,Ty Dye Exotics,ty-dye-exotics:dolomedes-okefinokensis-okefinokee-giant-fishing-spider-massive-native-semi-aquatic-spider-live-arrival-guarantee,Dolomedes okefinokensis – Okefinokee Giant Fishing Spider | Massive Native Semi-Aquatic Spider | Live Arrival Guarantee,24.0,37.99,58.3
2026-05-27T09:57:25.507082+00:00,Ty Dye Exotics,ty-dye-exotics:tigrosa-georgicola-georgia-black-wolf-spider-bold-native-wolf-spider-live-arrival-guarantee,Tigrosa georgicola – Georgia Black Wolf Spider | Bold Native Wolf Spider | Live Arrival Guarantee,8.5,14.99,76.4
2026-05-27T09:57:25.507082+00:00,Ty Dye Exotics,ty-dye-exotics:davus-pentaloris-guatemalan-tiger-rump-tarantula-for-sale-live-arrival-guarantee,Davus pentaloris - Guatemalan Tiger Rump Tarantula for Sale | Live Arrival Guarantee,18.75,34.99,86.6
2026-05-27T09:57:25.507082+00:00,Ty Dye Exotics,ty-dye-exotics:hogna-carolinensis-carolina-wolf-spider-largest-north-american-wolf-spider-live-arrival-guarantee,Hogna carolinensis – Carolina Wolf Spider | Largest North American Wolf Spider | Live Arrival Guarantee,12.5,27.99,123.9
2026-05-27T09:57:25.507082+00:00,Ty Dye Exotics,ty-dye-exotics:kukulcania-arizonica-black-hole-spider-fascinating-crevice-weaver-live-arrival-guarantee,Kukulcania arizonica – Black Hole Spider | Fascinating Crevice Weaver | Live Arrival Guarantee,12.5,17.99,43.9
2026-05-27T09:57:25.507082+00:00,Ty Dye Exotics,ty-dye-exotics:caribena-versicolor-antilles-pinktoe-tarantula-stunning-color-transformation-live-arrival-guarantee,Caribena versicolor – Antilles Pinktoe Tarantula | Stunning Color Transformation | Live Arrival Guarantee,74.99,64.99,13.3
2026-05-27T09:57:25.507082+00:00,Ty Dye Exotics,ty-dye-exotics:grammostola-grossa-guarani-giant-tarantula-docile-giant-new-world-species-live-arrival-guarantee,Grammostola grossa – Guarani Giant Tarantula | Docile Giant New World Species | Live Arrival Guarantee,80.0,107.99,35.0
2026-05-27T09:57:25.507082+00:00,Ty Dye Exotics,ty-dye-exotics:iridopelma-hirsutum-amazon-ribbed-tarantula-for-sale-live-arrival-guarantee,Iridopelma hirsutum - Amazon Ribbed Tarantula for Sale | Live Arrival Guarantee,89.0,99.99,12.3
2026-05-27T09:57:25.507082+00:00,Ty Dye Exotics,ty-dye-exotics:lychas-mucronatus-chinese-swimming-scorpion-remarkable-aquatic-bark-scorpion-live-arrival-guarantee,Lychas mucronatus – Chinese Swimming Scorpion | Remarkable Aquatic Bark Scorpion | Live Arrival Guarantee,12.5,25.99,107.9
2026-05-27T09:57:25.507082+00:00,Ty Dye Exotics,ty-dye-exotics:chaerilus-variegatus-lampung-javan-black-dwarf-scorpion-rare-indonesian-locality-live-arrival-guarantee,Chaerilus variegatus ‘Lampung’ – Javan Black Dwarf Scorpion | Rare Indonesian Locality | Live Arrival Guarantee,24.0,43.99,83.3
2026-05-27T09:57:25.507082+00:00,Ty Dye Exotics,ty-dye-exotics:scolopendra-hainanum-chinese-giant-tiger-leg-centipede-dark-body-banded-orange-legs-live-arrival-guarantee,Scolopendra hainanum – Chinese Giant Tiger Leg Centipede | Dark Body & Banded Orange Legs | Live Arrival Guarantee,35.0,67.99,94.3
2026-05-27T09:57:25.507082+00:00,Ty Dye Exotics,ty-dye-exotics:scolopendra-multidens-red-chinese-beauty-centipede-red-head-red-legs-dark-body-live-arrival-guarantee,"Scolopendra multidens ‘Red’ – Chinese Beauty Centipede | Red Head, Red Legs & Dark Body | Live Arrival Guarantee",30.0,59.99,100.0
2026-05-27T09:57:25.507082+00:00,Ty Dye Exotics,ty-dye-exotics:scolopendra-cf-viridicornis-brown-nordeste-do-brazil-amazon-tricolor-centipede-incredibly-rare-giant-south-american-species-live-arrival-guarantee,Scolopendra cf. viridicornis ‘Brown – Nordeste do Brazil’ – Amazon Tricolor Centipede | Incredibly Rare Giant South American Species | Live Arrival Guarantee,500.0,1349.0,169.8
2026-05-27T09:57:25.507082+00:00,Ty Dye Exotics,ty-dye-exotics:scolopendra-galapagoensis-dark-dcf-darwin-s-goliath-centipede-rare-dark-color-form-giant-live-arrival-guarantee,Scolopendra galapagoensis ‘Tricolor Robusta Dark’ – Darwin’s Goliath Centipede | Rare Dark Color Form Giant | Live Arrival Guarantee,998.0,1349.0,35.2
2026-05-27T09:57:25.507082+00:00,Ty Dye Exotics,ty-dye-exotics:scolopendra-sp-white-legs-white-leg-centipede-striking-south-american-giant-live-arrival-guarantee,Scolopendra sp. White Legs – White Leg Centipede | Striking South American Giant | Live Arrival Guarantee,998.0,1925.0,92.9
2026-05-27T09:57:25.507082+00:00,Ty Dye Exotics,ty-dye-exotics:haplopelma-robustum-malaysian-blue-femur-tarantula-striking-old-world-earth-tiger-live-arrival-guarantee,Haplopelma robustum – Malaysian Blue Femur Tarantula | Striking Old World Earth Tiger | Live Arrival Guarantee,50.0,97.99,96.0
2026-05-27T09:57:25.507082+00:00,Ty Dye Exotics,ty-dye-exotics:hapalotremus-hananqheswa-high-valley-blue-tarantula-rare-iridescent-new-world-species-live-arrival-guarantee,Hapalotremus hananqheswa – High Valley Blue Tarantula | Rare Iridescent New World Species | Live Arrival Guarantee,80.0,124.99,56.2
2026-05-27T09:57:25.507082+00:00,Ty Dye Exotics,ty-dye-exotics:thrixopelma-ockerti-peruvian-flame-rump-tarantula-stunning-colorful-new-world-species-live-arrival-guarantee,Thrixopelma ockerti – Peruvian Flame Rump Tarantula | Stunning Colorful New World Species | Live Arrival Guarantee,28.0,79.99,185.7
2026-05-27T09:57:25.507082+00:00,Ty Dye Exotics,ty-dye-exotics:euathlus-truculentus-hermosa-chilean-emerald-beauty-tarantula-rare-dwarf-new-world-species-live-arrival-guarantee,Euathlus truculentus ‘Hermosa’ – Chilean Emerald Beauty Tarantula | Rare Dwarf New World Species | Live Arrival Guarantee,125.0,249.99,100.0
2026-05-27T09:57:25.507082+00:00,Ty Dye Exotics,ty-dye-exotics:euathlus-manicatus-gold-chilean-golden-flame-tarantula-rare-dwarf-new-world-species-live-arrival-guarantee,Euathlus manicatus ‘Gold’ – Chilean Golden Flame Tarantula | Rare Dwarf New World Species | Live Arrival Guarantee,99.0,234.99,137.4
2026-05-27T09:57:25.507082+00:00,Ty Dye Exotics,ty-dye-exotics:euathlus-manicatus-black-chilean-black-flame-tarantula-rare-dwarf-new-world-species-live-arrival-guarantee,Euathlus manicatus ‘Black’ – Chilean Black Flame Tarantula | Rare Dwarf New World Species | Live Arrival Guarantee,99.0,199.99,102.0
2026-05-27T09:57:25.507082+00:00,Ty Dye Exotics,ty-dye-exotics:euathlus-sp-bronce-chilean-bronze-flame-tarantula-rare-dwarf-new-world-species-live-arrival-guarantee,Euathlus sp. Bronce – Chilean Bronze Flame Tarantula | Rare Dwarf New World Species | Live Arrival Guarantee,99.0,164.99,66.7
2026-05-27T09:57:25.507082+00:00,Ty Dye Exotics,ty-dye-exotics:pamphobeteus-sp-arana-pollito-chicken-spider-massive-new-world-birdeater-live-arrival-guarantee,Pamphobeteus sp. 'Araña Pollito' – Chicken Spider | Massive New World Birdeater | Live Arrival Guarantee,350.0,735.0,110.0
2026-05-27T09:57:25.507082+00:00,Ty Dye Exotics,ty-dye-exotics:cyriopagopus-albostriatus-thai-purple-zebra-tarantula-stunning-striped-asian-earth-tiger-live-arrival-guarantee,Cyriopagopus albostriatus – Thai Purple Zebra Tarantula | Stunning Striped Asian Earth Tiger | Live Arrival Guarantee,50.0,99.99,100.0
2026-05-27T09:57:25.507082+00:00,Ty Dye Exotics,ty-dye-exotics:ceratogyrus-meridionalis-zimbabwe-grey-baboon-tarantula-rare-horned-old-world-species-live-arrival-guarantee,Ceratogyrus meridionalis – Zimbabwe Grey Baboon Tarantula | Rare Horned Old World Species | Live Arrival Guarantee,25.0,39.99,60.0
2026-05-27T09:57:25.507082+00:00,Ty Dye Exotics,ty-dye-exotics:ceratogyrus-brachycephalus-greater-horned-baboon-tarantula-forward-facing-horn-live-arrival-guarantee,Ceratogyrus brachycephalus – Greater Horned Baboon Tarantula | Forward-Facing Horn | Live Arrival Guarantee,35.0,64.99,85.7
2026-05-27T09:57:25.507082+00:00,Ty Dye Exotics,ty-dye-exotics:augacephalus-junodi-golden-baboon-tarantula-striking-old-world-baboon-species-live-arrival-guarantee,Augacephalus junodi – Golden Baboon Tarantula | Striking Old World Baboon Species | Live Arrival Guarantee,85.0,134.99,58.8
2026-05-27T09:57:25.507082+00:00,Ty Dye Exotics,ty-dye-exotics:parabuthus-villosus-black-black-hairy-thick-tail-scorpion-largest-buthid-on-the-planet-live-arrival-guarantee,Parabuthus villosus 'Black' – Black Hairy Thick Tail Scorpion | Largest Buthid on the Planet | Live Arrival Guarantee,35.0,64.99,85.7
2026-05-27T09:57:25.507082+00:00,Ty Dye Exotics,ty-dye-exotics:cyriopagopus-sp-valhalla-emerald-shadow-tree-spider-for-sale-live-arrival-guarantee,Cyriopagopus sp Valhalla - Emerald Shadow Tree Spider for Sale | Live Arrival Guarantee,99.99,197.99,98.0
2026-05-27T09:57:25.507082+00:00,Ty Dye Exotics,ty-dye-exotics:chilobrachys-sp-electric-blue-electric-blue,Chilobrachys natanicharum - Electric Blue Tarantula for Sale | Live Arrival Guarantee,32.0,43.99,37.5
2026-05-27T09:57:25.507082+00:00,Ty Dye Exotics,ty-dye-exotics:phormictopus-sp-sierra-de-bahoruco-midnight-nebula-birdeater-tarantula-starlit-caribbean-giant-live-arrival-guarantee,Phormictopus sp Sierra de Bahoruco – Midnight Nebula Birdeater Tarantula | Starlit Caribbean Giant | Live Arrival Guarantee,85.0,149.99,76.5
2026-05-27T09:57:25.507082+00:00,Ty Dye Exotics,ty-dye-exotics:devicarina-guidonae-saffron-dwarf-pumpkin-tarantula-rare-miniature-species-live-arrival-guarantee,Devicarina guidonae – Saffron Dwarf Pumpkin Tarantula | Ultra-Rare Miniature Species | Live Arrival Guarantee,188.0,424.99,126.1
2026-05-27T09:57:25.507082+00:00,Ty Dye Exotics,ty-dye-exotics:euathlus-truculentus-blue-chilean-blue-beauty-stunning-blue-femur-jewel-live-arrival-guarantee,Euathlus truculentus 'Blue' – Chilean Blue Beauty | Stunning Blue Femur Jewel | Live Arrival Guarantee,99.0,144.99,46.5
2026-05-27T09:57:25.507082+00:00,Ty Dye Exotics,ty-dye-exotics:euathlus-sp-smaragd-tiger-chilean-emerald-tiger-metallic-green-striped-beauty-live-arrival-guarantee,Euathlus sp Smaragd Tiger – Chilean Emerald Tiger | Metallic Green Striped Beauty | Live Arrival Guarantee,150.0,249.99,66.7
2026-05-27T09:57:25.507082+00:00,Ty Dye Exotics,ty-dye-exotics:eresus-walckenaeri-greek-velvet-spider-adorable-plushy-spood-live-arrival-guarantee,Eresus walckenaeri – Greek Velvet Spider | Adorable Live Plushy Spood | Live Arrival Guarantee,35.0,69.99,100.0
2026-05-27T09:57:25.507082+00:00,Ty Dye Exotics,ty-dye-exotics:megaphobema-sp-white-colombian-giant-white-leg-tarantula-rare-terrestrial-giant-live-arrival-guarantee,Megaphobema sp White – Colombian Giant White Leg Tarantula | Rare Terrestrial Giant | Live Arrival Guarantee,125.0,249.99,100.0
2026-05-27T09:57:25.507082+00:00,Ty Dye Exotics,ty-dye-exotics:archispirostreptus-gigas-african-giant-millipede-massive-gentle-giant-live-arrival-guarantee,Archispirostreptus gigas – African Giant Millipede | Massive Gentle Giant | Live Arrival Guarantee,38.0,79.99,110.5
2026-05-27T09:57:25.507082+00:00,Ty Dye Exotics,ty-dye-exotics:pterinochilus-murinus-kigoma-kigoma-obt-dark-baboon-beauty-live-arrival-guarantee,Pterinochilus murinus 'Kigoma' – Kigoma OBT | Dark Baboon Beauty | Live Arrival Guarantee,34.0,53.99,58.8
2026-05-27T09:57:25.507082+00:00,Ty Dye Exotics,ty-dye-exotics:ceratogyrus-darlingi-rear-horned-baboon,Ceratogyrus darlingi - Rear Horned Baboon Tarantula for Sale | Live Arrival Guarantee,20.0,41.99,110.0
2026-05-27T09:57:25.507082+00:00,Ty Dye Exotics,ty-dye-exotics:xenesthis-sp-white-colombian-lesser-white-tarantula-black-pink-giant-live-arrival-guarantee,Xenesthis sp White – Colombian Lesser White Tarantula | Black & Pink Giant | Live Arrival Guarantee,200.0,399.0,99.5
2026-05-27T09:57:25.507082+00:00,Ty Dye Exotics,ty-dye-exotics:pterinochilus-lugardi-dodoma-baboon-tarantula-tanzanian-bronze-warrior-live-arrival-guarantee,Pterinochilus lugardi – Dodoma Baboon Tarantula | Tanzanian Bronze Warrior | Live Arrival Guarantee,24.0,34.99,45.8
2026-05-27T09:57:25.507082+00:00,Ty Dye Exotics,ty-dye-exotics:phormictopus-atrichomatus-red-island-birdeater-caribbean-red-giant-live-arrival-guarantee,Phormictopus atrichomatus – Red Island Birdeater | Caribbean Red Giant | Live Arrival Guarantee,29.0,49.99,72.4
2026-05-27T09:57:25.507082+00:00,Ty Dye Exotics,ty-dye-exotics:phoneutria-depilata-panama-wandering-spider-medically-significant-venom-live-arrival-guarantee,Phoneutria depilata – Panama Wandering Spider | Medically Significant Venom | Live Arrival Guarantee,40.0,99.99,150.0
2026-05-27T09:57:25.507082+00:00,Ty Dye Exotics,ty-dye-exotics:pamphobeteus-sp-machala-colombian-purple-bloom-birdeater-tarantula-purple-velvet-giant-live-arrival-guarantee,Pamphobeteus sp Machala – Purple Bloom Birdeater Tarantula | Purple Velvet Giant | Live Arrival Guarantee,49.0,84.99,73.4
2026-05-27T09:57:25.507082+00:00,Ty Dye Exotics,ty-dye-exotics:ornithoctoninae-sp-haribon-philippine-eagle-tarantula-rare-philippine-jewel-live-arrival-guarantee,Ornithoctoninae sp Haribon – Philippine Eagle Tarantula | Rare Philippine Jewel | Live Arrival Guarantee,75.0,124.99,66.7
2026-05-27T09:57:25.507082+00:00,Ty Dye Exotics,ty-dye-exotics:lasiocyano-sazimai-brazilian-blue-tarantula-sapphire-terrestrial-beauty-live-arrival-guarantee,Lasiocyano sazimai – Brazilian Blue Tarantula | Sapphire Terrestrial Beauty | Live Arrival Guarantee,20.0,31.99,59.9
2026-05-27T09:57:25.507082+00:00,Ty Dye Exotics,ty-dye-exotics:heteroscodra-maculata-togo-starburst-baboon-tarantula-lightning-fast-african-ornamental-live-arrival-guarantee,Heteroscodra maculata – Togo Starburst Baboon Tarantula | Lightning-Fast African Ornamental | Live Arrival Guarantee,20.0,34.99,75.0
2026-05-27T09:57:25.507082+00:00,Ty Dye Exotics,ty-dye-exotics:cyriopagopus-sp-nhen-dep-nhen-dep-earth-tiger-tarantula-vietnamese-tiger-jewel-live-arrival-guarantee,Cyriopagopus sp Nhen Dep – Nhen Dep Earth Tiger Tarantula | Vietnamese Tiger Jewel | Live Arrival Guarantee,35.0,57.99,65.7
2026-05-27T09:57:25.507082+00:00,Ty Dye Exotics,ty-dye-exotics:cyriocosmus-elegans-trinidad-dwarf-tarantula-adorable-heart-butt-dwarf-live-arrival-guarantee,Cyriocosmus elegans – Trinidad Dwarf Tarantula | Adorable Heart Butt Dwarf | Live Arrival Guarantee,29.0,41.99,44.8
2026-05-27T09:57:25.507082+00:00,Ty Dye Exotics,ty-dye-exotics:avicularia-avicularia-m6-metallic-pink-toe-tarantula-shimmering-morphotype-live-arrival-guarantee,Avicularia avicularia M6 – Metallic Pink Toe Tarantula | Shimmering Morphotype | Live Arrival Guarantee,35.0,54.99,57.1
2026-05-27T09:57:25.507082+00:00,Ty Dye Exotics,ty-dye-exotics:tarantula-cribs-coffin-crib-mini-red-6x3x3-premium-acrylic-enclosure-1,"Tarantula Cribs - Coffin Crib Mini - Red - 6""x3""x3"" Premium Acrylic Enclosure",29.0,39.99,37.9
2026-05-27T09:57:25.507082+00:00,Ty Dye Exotics,ty-dye-exotics:smeringurus-mesaensis-dune-scorpion-beginner-friendly-low-venom-species-live-arrival-guarantee,Smeringurus mesaensis – Dune Scorpion | Beginner-Friendly Low Venom Species | Live Arrival Guarantee,12.5,24.99,99.9
2026-05-27T09:57:25.507082+00:00,Ty Dye Exotics,ty-dye-exotics:aphonopelma-anax-texas-black-and-tan-tarantula-hardy-southwestern-species-live-arrival-guarantee,Aphonopelma anax – Texas Black and Tan Tarantula | Hardy Southwestern Species | Live Arrival Guarantee,35.0,59.99,71.4
2026-05-27T09:57:25.507082+00:00,Ty Dye Exotics,ty-dye-exotics:hogna-miami-miami-wolf-spider-rare-florida-endemic-live-arrival-guarantee,Hogna miami – Miami Wolf Spider | Rare Florida Endemic | Live Arrival Guarantee,12.5,24.99,99.9
2026-05-27T09:57:25.507082+00:00,Ty Dye Exotics,ty-dye-exotics:fufius-lanicius-gold-digger-trapdoor-spider-golden-waferlid-trapdoor-spider-live-arrival-guarantee,Fufius lanicius – Gold Digger Trapdoor Spider | Golden Waferlid Trapdoor Spider | Live Arrival Guarantee,28.0,39.99,42.8
2026-05-27T09:57:25.507082+00:00,Ty Dye Exotics,ty-dye-exotics:psalmopoeus-victori-darth-maul-tarantula-mexican-half-half-stunning-arboreal-species-live-arrival-guarantee,Psalmopoeus victori – Darth Maul Tarantula | Mexican Half & Half | Stunning Arboreal Species | Live Arrival Guarantee,34.0,54.99,61.7
2026-05-27T09:57:25.507082+00:00,Ty Dye Exotics,ty-dye-exotics:paravaejovis-confusus-sandy-devil-scorpion-yellow-ground-scorpion-live-arrival-guarantee-1,Paravaejovis spinigerus – Stripe Tailed Devil Scorpion | Distinctive Striped Tail | Live Arrival Guarantee,8.0,19.99,149.9
2026-05-27T09:57:25.507082+00:00,Ty Dye Exotics,ty-dye-exotics:tarantula-cribs-small-orange-slider-6x4x4-ty-dye-exotics-collaboration-acrylic-enclosure,"Tarantula Cribs Small Orange Slider - 6""x4""x4"" Ty Dye Exotics Collaboration Acrylic Enclosure",25.0,39.99,60.0
2026-05-27T09:57:25.507082+00:00,Ty Dye Exotics,ty-dye-exotics:tarantula-cribs-og-sling-crib-2x2x3-original-game-changing-acrylic-enclosure,"Tarantula Cribs - OG Sling Crib - 2""x2""x3"" Original Game-Changing Acrylic Enclosure",13.75,17.99,30.8
2026-05-27T09:57:25.507082+00:00,Ty Dye Exotics,ty-dye-exotics:hyporhicnoda-sp-venezuela-venezuelan-wood-roach-fascinating-wood-dwelling-species-live-arrival-guarantee,Hyporhicnoda sp Venezuela – Venezuelan Wood Roach | Fascinating Wood-Dwelling Species | Live Arrival Guarantee,10.0,34.99,249.9
2026-05-27T09:57:25.507082+00:00,Ty Dye Exotics,ty-dye-exotics:hyporhicnoda-litomorpha-panama-wood-roach-fascinating-wood-dwelling-species-live-arrival-guarantee,Hyporhicnoda litomorpha – Panama Wood Roach | Fascinating Wood-Dwelling Species | Live Arrival Guarantee,10.0,29.99,199.9
2026-05-27T09:57:25.507082+00:00,Ty Dye Exotics,ty-dye-exotics:hemiblabera-tenebricosa-elliot-key-broad-keys-roach-most-colorful-hemiblabera-live-arrival-guarantee,Hemiblabera tenebricosa 'Elliot Key' – Broad Keys Roach | Most Colorful Hemiblabera | Live Arrival Guarantee,10.0,17.99,79.9
2026-05-27T09:57:25.507082+00:00,Ty Dye Exotics,ty-dye-exotics:uroplectes-chubbi-chubbs-lesser-thicktailed-scorpion-wonderfully-colored-arboreal-species-live-arrival-guarantee,Uroplectes chubbi – Chubb's Lesser Thicktailed Scorpion | Wonderfully Colored Arboreal Species | Live Arrival Guarantee,44.0,64.99,47.7
2026-05-27T09:57:25.507082+00:00,Ty Dye Exotics,ty-dye-exotics:teruelius-grandidieri-madagascan-black-scorpion-rare-madagascar-species-live-arrival-guarantee,Teruelius grandidieri – Madagascan Black Scorpion | Rare Madagascar Species | Live Arrival Guarantee,39.0,57.99,48.7
2026-05-27T09:57:25.507082+00:00,Ty Dye Exotics,ty-dye-exotics:paruroctonus-utahensis-white-sands-scorpion-eastern-sand-scorpion-live-arrival-guarantee,Paruroctonus utahensis – White Sands Scorpion | Eastern Sand Scorpion | Live Arrival Guarantee,12.5,26.99,115.9
2026-05-27T09:57:25.507082+00:00,Ty Dye Exotics,ty-dye-exotics:paruroctonus-gracilior-chihuahuan-slendertail-scorpion-elegant-desert-species-live-arrival-guarantee,Paruroctonus gracilior – Chihuahuan Slendertail Scorpion | Elegant Desert Species | Live Arrival Guarantee,12.5,26.99,115.9
2026-05-27T09:57:25.507082+00:00,Ty Dye Exotics,ty-dye-exotics:paruroctonus-baergi-baergs-sand-swimmer-scorpion-unique-burrowing-species-live-arrival-guarantee,Paruroctonus baergi – Baerg's Sand Swimmer Scorpion | Unique Burrowing Species | Live Arrival Guarantee,8.0,21.99,174.9
2026-05-27T09:57:25.507082+00:00,Ty Dye Exotics,ty-dye-exotics:paravaejovis-confusus-sandy-devil-scorpion-yellow-ground-scorpion-live-arrival-guarantee,Paravaejovis confusus – Sandy Devil Scorpion | Yellow Ground Scorpion | Live Arrival Guarantee,8.0,16.99,112.4
2026-05-27T09:57:25.507082+00:00,Ty Dye Exotics,ty-dye-exotics:parabuthus-schlechteri-burrowing-thick-tail-scorpion-beautiful-two-colored-species-live-arrival-guarantee,Parabuthus schlechteri – Burrowing Thick Tail Scorpion | Beautiful Two-Colored Species | Live Arrival Guarantee,48.0,67.99,41.6
2026-05-27T09:57:25.507082+00:00,Ty Dye Exotics,ty-dye-exotics:nebo-whitei-yellow-whites-nebo-scorpion-new-yellow-color-form-live-arrival-guarantee,Nebo whitei 'Yellow' – White's Nebo Scorpion | New Yellow Color Form | Live Arrival Guarantee,35.0,74.99,114.3
2026-05-27T09:57:25.507082+00:00,Ty Dye Exotics,ty-dye-exotics:hottentotta-trilineatus-bright-eastern-nomad-scorpion-rare-bright-morphotype-live-arrival-guarantee,Hottentotta trilineatus 'Bright' – Eastern Nomad Scorpion | Rare Bright Morphotype | Live Arrival Guarantee,25.0,39.99,60.0
2026-05-27T09:57:25.507082+00:00,Ty Dye Exotics,ty-dye-exotics:buthus-elmoutaukili-moroccan-tricolor-scorpion-rare-colorful-species-live-arrival-guarantee,Buthus elmoutaukili – Moroccan Tricolor Scorpion | Rare Colorful Species | Live Arrival Guarantee,24.0,49.99,108.3
2026-05-27T09:57:25.507082+00:00,Ty Dye Exotics,ty-dye-exotics:androctonus-aeneas-tunisian-black-fattail-scorpion-rare-arid-species-live-arrival-guarantee,Androctonus aeneas – Tunisian Black Fattail Scorpion | Rare Arid Species | Live Arrival Guarantee,45.0,84.99,88.9
2026-05-27T09:57:25.507082+00:00,Ty Dye Exotics,ty-dye-exotics:scolopendra-sp-ruby-red-hispaniolan-red-giant-centipede-massive-caribbean-species-live-arrival-guarantee,Scolopendra sp Ruby Red – Hispaniolan Red Giant Centipede | Massive Caribbean Species | Live Arrival Guarantee,135.0,224.99,66.7
2026-05-27T09:57:25.507082+00:00,Ty Dye Exotics,ty-dye-exotics:theraphosa-blondi-true-goliath-birdeater-tarantula-worlds-largest-spider-live-arrival-guarantee,Theraphosa blondi – True Goliath Birdeater Tarantula | World's Largest Spider | Live Arrival Guarantee,85.0,124.99,47.0
2026-05-27T09:57:25.507082+00:00,Ty Dye Exotics,ty-dye-exotics:tapinauchenius-sp-yasuni-yasuni-tree-spider-metallic-gold-arboreal-species-live-arrival-guarantee,Tapinauchenius sp Yasuni – Yasuni Tree Spider | Metallic Gold Arboreal Species | Live Arrival Guarantee,65.0,144.99,123.1
2026-05-27T09:57:25.507082+00:00,Ty Dye Exotics,ty-dye-exotics:sericopelma-sp-darien-darien-birdeater-tarantula-stunning-pink-black-species-live-arrival-guarantee,Sericopelma sp Darien – Darien Birdeater Tarantula | Stunning Pink & Black Species | Live Arrival Guarantee,60.0,124.99,108.3
2026-05-27T09:57:25.507082+00:00,Ty Dye Exotics,ty-dye-exotics:pterinochilus-murinus-usambara-orange-baboon-tarantula-rcf-red-color-form-live-arrival-guarantee,Pterinochilus murinus 'Usambara' – Orange Baboon Tarantula | RCF Red Color Form | Live Arrival Guarantee,19.99,34.99,75.0
2026-05-27T09:57:25.507082+00:00,Ty Dye Exotics,ty-dye-exotics:psalmopoeus-cambridgei-trinidad-chevron-tarantula-fast-arboreal-species-live-arrival-guarantee,Psalmopoeus cambridgei – Trinidad Chevron Tarantula | Fast Arboreal Species | Live Arrival Guarantee,20.0,31.99,59.9
2026-05-27T09:57:25.507082+00:00,Ty Dye Exotics,ty-dye-exotics:poecilotheria-metallica-gooty-sapphire-ornamental-tarantula-stunning-blue-species-live-arrival-guarantee,Poecilotheria metallica – Gooty Sapphire Ornamental Tarantula | Stunning Blue Species | Live Arrival Guarantee,88.0,99.99,13.6
2026-05-27T09:57:25.507082+00:00,Ty Dye Exotics,ty-dye-exotics:pamphobeteus-sp-mascara-mascara-giant-birdeater-stunning-colombian-species-live-arrival-guarantee,"Pamphobeteus sp. ""Mascara"" – Mascara Giant Birdeater | Stunning Colombian Species | Live Arrival Guarantee",60.0,118.99,98.3
2026-05-27T09:57:25.507082+00:00,Ty Dye Exotics,ty-dye-exotics:ornithoctoninae-sp-vietnam-silver-vietnam-silver-earth-tiger-tarantula-rare-metallic-species-live-arrival-guarantee,"Ornithoctoninae sp. ""Vietnam Silver"" – Vietnam Silver Earth Tiger Tarantula | Rare Metallic Species | Live Arrival Guarantee",40.0,74.99,87.5
2026-05-27T09:57:25.507082+00:00,Ty Dye Exotics,ty-dye-exotics:omothymus-violaceopes-singapore-blue-tarantula-stunning-blue-species-live-arrival-guarantee,Omothymus violaceopes – Singapore Blue Tarantula | Stunning Blue Species | Live Arrival Guarantee,28.0,54.99,96.4
2026-05-27T09:57:25.507082+00:00,Ty Dye Exotics,ty-dye-exotics:ischnocolus-vanandelae-omani-golden-tiger-tarantula-for-sale-live-arrival-guarantee,Ischnocolus vanandelae - Omani Golden Tiger Tarantula for Sale | Live Arrival Guarantee,30.0,57.99,93.3
2026-05-27T09:57:25.507082+00:00,Ty Dye Exotics,ty-dye-exotics:ischnocolus-jickelii-blue-dhofar-blue-dwarf-tarantula-for-sale-live-arrival-guarantee,Ischnocolus jickelii 'Blue' - Dhofar Blue Dwarf Tarantula for Sale | Live Arrival Guarantee,60.0,154.99,158.3
2026-05-27T09:57:25.507082+00:00,Ty Dye Exotics,ty-dye-exotics:homoeomma-orellanai-chilean-yellow-flame-tarantula-for-sale-live-arrival-guarantee,Homoeomma orellanai - Chilean Yellow Flame Tarantula for Sale | Live Arrival Guarantee,89.0,174.99,96.6
2026-05-27T09:57:25.507082+00:00,Ty Dye Exotics,ty-dye-exotics:homoeomma-chilense-chilean-flame-tarantula-for-sale-live-arrival-guarantee,Homoeomma chilense - Chilean Flame Tarantula for Sale | Live Arrival Guarantee,98.0,129.99,32.6
2026-05-27T09:57:25.507082+00:00,Ty Dye Exotics,ty-dye-exotics:harpactira-pulchripes-golden-blue-leg-baboon-tarantula-for-sale-live-arrival-guarantee,Harpactira pulchripes - Golden Blue Leg Baboon Tarantula for Sale | Live Arrival Guarantee,30.0,54.99,83.3
2026-05-27T09:57:25.507082+00:00,Ty Dye Exotics,ty-dye-exotics:hapalopus-formosus-pumpkin-patch-tarantula-for-sale-live-arrival-guarantee,Hapalopus formosus - Pumpkin Patch Tarantula for Sale | Live Arrival Guarantee,19.99,37.99,90.0
2026-05-27T09:57:25.507082+00:00,Ty Dye Exotics,ty-dye-exotics:grammostola-pulchra-brazilian-black-tarantula-for-sale-live-arrival-guarantee,Grammostola pulchra - Brazilian Black Tarantula for Sale | Live Arrival Guarantee,48.0,87.99,83.3
2026-05-27T09:57:25.507082+00:00,Ty Dye Exotics,ty-dye-exotics:grammostola-rosea-rcf-chilean-rose-hair-red-tarantula-for-sale-live-arrival-guarantee,Grammostola rosea RCF - Chilean Rose Hair 'Red' Tarantula for Sale | Live Arrival Guarantee,48.0,74.99,56.2
2026-05-27T09:57:25.507082+00:00,Ty Dye Exotics,ty-dye-exotics:davus-sp-panama-lava-spider-tarantula-for-sale-live-arrival-guarantee,Davus sp Panama - Lava Spider Tarantula for Sale | Live Arrival Guarantee,80.0,134.99,68.7
2026-05-27T09:57:25.507082+00:00,Ty Dye Exotics,ty-dye-exotics:cyriopagopus-lividus-cobalt-blue-tarantula-for-sale-live-arrival-guarantee,Cyriopagopus lividus - Cobalt Blue Tarantula for Sale | Live Arrival Guarantee,28.5,44.99,57.9
2026-05-27T09:57:25.507082+00:00,Ty Dye Exotics,ty-dye-exotics:brachionopus-sp-limpopo-limpopo-dwarf-tarantula-for-sale-live-arrival-guarantee,Brachionopus sp Limpopo - Limpopo Dwarf Tarantula for Sale | Live Arrival Guarantee,32.5,54.99,69.2
2026-05-27T09:57:25.507082+00:00,Ty Dye Exotics,ty-dye-exotics:avicularia-purpurea-purple-pink-toe-tarantula-for-sale-live-arrival-guarantee,Avicularia purpurea - Purple Pink Toe Tarantula for Sale | Live Arrival Guarantee,45.0,69.99,55.5
2026-05-27T09:57:25.507082+00:00,Ty Dye Exotics,ty-dye-exotics:brachypelma-hamorii-mexican-red-knee,Brachypelma hamorii - Mexican Red Knee Tarantula for Sale | Live Arrival Guarantee,45.0,79.99,77.8
2026-05-27T09:57:25.507082+00:00,Ty Dye Exotics,ty-dye-exotics:chilobrachys-huahini-asain-fawn,Chilobrachys huahini - Asian Fawn Tarantula for Sale | Live Arrival Guarantee,24.99,39.99,60.0
2026-05-27T09:57:25.507082+00:00,Ty Dye Exotics,ty-dye-exotics:phormingochilus-sp-rufus-317,Aspinochilus rufus - Peach Earth Tiger Tarantula for Sale | Live Arrival Guarantee,18.75,37.99,102.6
2026-05-27T09:57:25.507082+00:00,Nature's Good Guys,natures-good-guys:beneficial-nematodes-hb-sf,"Beneficial Nematodes HB+SF Mix - Control Codling Moths, Fungus Gnats, Thrips & More",16.79,20.99,25.0
2026-05-27T09:57:25.507082+00:00,Nature's Good Guys,natures-good-guys:beneficial-nematodes-hb-sc-sf,"Beneficial Nematodes Triple Blend – Targets Fleas, Grubs, Fungus Gnats, Thrips & More",11.99,14.99,25.0
2026-05-27T09:57:25.507082+00:00,Nature's Good Guys,natures-good-guys:beneficial-nematodes-hb-sc,"Beneficial Nematodes HB+SC Mix - Control Codling Moths, Cucumber Beetles, Grubs & More",16.79,20.99,25.0
2026-05-27T09:57:25.507082+00:00,Nature's Good Guys,natures-good-guys:beneficial-nematodes-sf,"Beneficial Nematodes SF – Targets Fungus Gnats, Thrips, Shore Flies & More",11.99,14.99,25.0
2026-05-27T09:57:25.507082+00:00,Nature's Good Guys,natures-good-guys:beneficial-nematodes-sc,"Beneficial Nematodes SC – Targets Fleas, Flies, Moths & More",11.99,14.99,25.0
2026-05-27T09:57:25.507082+00:00,Nature's Good Guys,natures-good-guys:beneficial-nematodes-hb,"Beneficial Nematodes HB – Targets Grubs, Japanese Beetles, Cucumber Beetles, & More",11.99,14.99,25.0
2026-05-27T09:57:25.507082+00:00,Meme's Worms,memes-worms:5000-red-wiggler-composting-worms-for-sale,5LBS Pure Red Wiggler Composting Worms For Sale - FREE SHIPPING (Approx. 5000 Worms),299.99,279.99,6.7
2026-05-27T09:57:25.507082+00:00,Meme's Worms,memes-worms:bulk-eisenia-andrei-red-wiggler-composting-worms,Bulk Pure Red Wiggler Composting Worms - FREE SHIPPING,299.99,279.99,6.7
2026-05-27T09:57:25.507082+00:00,DubiaRoaches.com,dubiaroaches:hornworm-moth-pupa-sexed-pair-manduca-sexta-auction-24,Hornworm Moth Pupa Sexed Pair (Manduca sexta) Auction,15.0,12.0,20.0
2026-05-27T09:57:25.507082+00:00,DubiaRoaches.com,dubiaroaches:medium-hornworm-24ct-case-of-12-auction-22,Medium Hornworm 24ct (Case Of 12) Auction,10.0,39.0,290.0
2026-05-27T09:57:25.507082+00:00,DubiaRoaches.com,dubiaroaches:medium-mealworm-500ct-auction-9,Medium Mealworm 500ct Auction,13.0,15.0,15.4
2026-05-27T09:57:25.507082+00:00,DubiaRoaches.com,dubiaroaches:36x18x18-v3-50-gallon-auction-16,36x18x18 V3 (50 Gallon) Auction,161.0,165.0,2.5
2026-05-27T09:57:25.507082+00:00,DubiaRoaches.com,dubiaroaches:large-hornworm-12ct-case-of-6-auction-23,Large Hornworm 12ct (Case Of 6) Auction,30.0,21.0,30.0
2026-05-27T09:57:25.507082+00:00,DubiaRoaches.com,dubiaroaches:small-superworm-1-000ct-auction-16,"Small Superworm 1,000ct Auction",14.5,18.0,24.1
2026-05-27T09:57:25.507082+00:00,DubiaRoaches.com,dubiaroaches:large-hornworm-6ct-case-of-12-auction-28,Large Hornworm 6ct (Case Of 12) Auction,25.0,18.0,28.0
2026-05-27T09:57:25.507082+00:00,DubiaRoaches.com,dubiaroaches:xl-dubia-roaches-250ct-auction-15,XL Dubia Roaches 250ct Auction,51.0,47.0,7.8
2026-05-27T09:57:25.507082+00:00,DubiaRoaches.com,dubiaroaches:48x24x12-60-gallon-v2-auction-16,48x24x12 (60 Gallon) V2 Auction,175.0,190.69,9.0
2026-05-27T09:57:25.507082+00:00,DubiaRoaches.com,dubiaroaches:220w-heat-panel-reptile-habitat-auction-17,220w Heat Panel Reptile Habitat Auction,135.0,200.0,48.1
2026-05-27T09:57:25.507082+00:00,Bee Built,bee-built:warre-bar-spacing-tool,Warre Bar Spacing Tool,16.0,19.0,18.8
2026-05-27T09:57:25.507082+00:00,Fear Not Tarantulas,fear-not-tarantulas:harpactira-namaquensis-bronze-baboon-tarantula-for-sale-1,"Harpactira namaquensis (Bronze Baboon Tarantula) about 1/2"" - 3/4""",21.0,52.0,147.6
2026-05-27T09:57:25.507082+00:00,Fear Not Tarantulas,fear-not-tarantulas:phidippus-regius-regal-jumping-spider-juveniles,"Phidippus regius (Regal Jumping Spider)  about not quite 1/4"" Captive born.",39.0,15.0,61.5
2026-05-27T09:57:25.507082+00:00,Fear Not Tarantulas,fear-not-tarantulas:cyriopagopus-hati-hati-tarantula-for-sale,"Phormingochilus hati hati (Sulawesi Violet Tarantula) ex Cyriopagopus about 3/4"" - 1""",19.0,42.0,121.1
2026-05-27T09:57:25.507082+00:00,Fear Not Tarantulas,fear-not-tarantulas:pterinopelma-sazimai-iridescent-blue-tarantula-for-sale,"Lasiocyano sazimai  (Iridescent Blue Tarantula) about 1/2"" - 3/4""",19.0,42.0,121.1
2026-05-27T09:57:25.507082+00:00,Spider Shoppe,spider-shoppe:joshs-frogs-melanogaster-fruit-fly-media-3-lbs-makes-20-fruit-fly-cultures,Josh's Frogs Melanogaster Fruit Fly Media | 3 lbs. (makes 20 fruit fly cultures),27.98,17.98,35.7
2026-05-27T09:57:25.507082+00:00,Spider Shoppe,spider-shoppe:xenesthis-intermedia-amazon-blue-bloom-4-female,Xenesthis intermedia (Amazon Blue Bloom),298.0,248.0,16.8
2026-05-27T09:57:25.507082+00:00,Praying Mantis Shop,praying-mantis-shop:praying-mantis-juvenile-carolina,Praying Mantis Living Juvenile - Carolina,19.5,24.5,25.6
2026-05-27T09:57:25.507082+00:00,Buddha Bugs,buddha-bugs:cristarmadillidium-muricatum-spanish-spiny-pineapple-isopod-for-sale,Cristarmadillidium muricatum (Spanish spiny pill woodlouse),50.0,40.0,20.0
2026-05-27T09:57:25.507082+00:00,Big Apple Herp,big-apple-herp:ouachita-map-turtles,Ouachita Map Turtles,27.95,34.95,25.0
2026-05-27T09:57:25.507082+00:00,Big Apple Herp,big-apple-herp:red-black-walking-frogs,Red & Black Walking Frogs,24.95,27.95,12.0
2026-05-27T09:57:25.507082+00:00,Big Apple Herp,big-apple-herp:zero-female-bearded-dragon-actual-photo,Zero Bearded Dragons,699.0,259.95,62.8
2026-05-27T09:57:25.507082+00:00,Big Apple Herp,big-apple-herp:adult-bearded-dragons-for-sale,ADULT Mixed Colored Bearded Dragons,89.95,59.95,33.4
2026-05-27T09:57:25.507082+00:00,Big Apple Herp,big-apple-herp:southern-asian-spadefoot-toads,Southern Asian Spadefoot Toads,54.95,24.95,54.6
2026-05-27T09:57:25.507082+00:00,Big Apple Herp,big-apple-herp:green-suriname-cornuta-horned-frogs,Suriname Horned Frogs (Multiple Morph Options),84.95,59.95,29.4
2026-05-27T09:57:25.507082+00:00,Big Apple Herp,big-apple-herp:dunner-bearded-dragons,Dunner Bearded Dragons,74.95,79.95,6.7
2026-05-27T09:57:25.507082+00:00,Big Apple Herp,big-apple-herp:giant-monkey-tree-frog,Giant Monkey Tree Frog,399.95,89.95,77.5
2026-05-27T09:57:25.507082+00:00,Big Apple Herp,big-apple-herp:axanthic-ball-pythons,Axanthic Ball Pythons,269.0,299.95,11.5
2026-05-27T09:57:25.507082+00:00,Big Apple Herp,big-apple-herp:ribbon-snakes,Ribbon Snakes,22.99,28.95,25.9
2026-05-27T09:57:25.507082+00:00,Big Apple Herp,big-apple-herp:palmetto-corn-snake-baby-females,Palmetto Corn Snakes,259.0,199.95,22.8
2026-05-27T09:57:25.507082+00:00,JamJam Exotic,jamjam-exotic:x13-chaco-horned-frog,#3 Chaco Horned Frog (Green),349.99,149.99,57.1
2026-05-27T09:57:25.507082+00:00,JamJam Exotic,jamjam-exotic:x11-chaco-horned-frog-1,#1 Chaco Horned Frog (Teal/Green),349.99,149.99,57.1
2026-05-27T09:57:25.507082+00:00,Pangea Reptile,pangea-reptile:female-red-extreme-harlequin-crested-gecko-cr-1394,Female Tricolor Extreme Harlequin Crested Gecko Cr-1394,649.99,499.99,23.1
2026-05-27T09:57:25.507082+00:00,Pangea Reptile,pangea-reptile:male-het-pixel-tangerine-crested-gecko-cr-10014,Male Het Pixel Tangerine Crested Gecko Cr-10014,749.99,774.99,3.3
2026-05-27T09:57:25.507082+00:00,Pangea Reptile,pangea-reptile:male-pixel-tricolor-crested-gecko-cr-10002,Male Het Pixel Tangerine Crested Gecko Cr-10002,999.99,749.99,25.0
2026-05-27T09:57:25.507082+00:00,Pangea Reptile,pangea-reptile:juvenile-extreme-harlequin-crested-gecko-cr-1403,Female Extreme Harlequin Crested Gecko Cr-1403,649.99,549.99,15.4
2026-05-27T09:57:25.507082+00:00,Pangea Reptile,pangea-reptile:male-tricolor-crested-gecko-cr-1401,Male Tricolor Extreme Harlequin Crested Gecko Cr-1401,949.99,699.99,26.3
2026-05-31T08:49:51.135579+00:00,The Defiant Forest,the-defiant-forest:cobalt-red-rump-tarantula-thrixopelma-cyaneolum-blue,"Peruvian Cobalt Red Rump Tarantula, Thrixopelma cyaneolum “Blue” - Terrestrial Species",59.0,65.0,10.2
2026-05-31T08:49:51.135579+00:00,The Defiant Forest,the-defiant-forest:mediterranean-ladybird-velvet-spider,"Eastern Mediterranean Ladybird Velvet Spider, Eresus walckenaeri",42.0,35.0,16.7
2026-05-31T08:49:51.135579+00:00,The Defiant Forest,the-defiant-forest:blue-death-feigning-beetle-asbolus-verrucosus,"Blue Death Feigning Beetle, Asbolus verrucosus",48.0,50.0,4.2
2026-05-31T08:49:51.135579+00:00,The Defiant Forest,the-defiant-forest:brazilian-jewel-tarantulas-typhochlaena-seladonia,"Brazilian Jewel Tarantulas, Typhochlaena seladonia - Arboreal Trap Door Species 2 Months Old",300.0,289.0,3.7
2026-05-31T08:49:51.135579+00:00,The Defiant Forest,the-defiant-forest:golden-blue-legged-baboon-tarantulas,"Golden Blue-Legged Baboon Tarantula, Harpactira pulchripes - Terrestrial Species",52.0,49.0,5.8
2026-05-31T08:49:51.135579+00:00,The Defiant Forest,the-defiant-forest:gooty-sapphire-ornamental-tarantula,"Gooty Sapphire Ornamental Tarantula, Poecilotheria metallica - Arboreal Species",92.0,96.0,4.3
2026-05-31T08:49:51.135579+00:00,Exotics Unlimited,exotics-unlimited:devicarina-guidonae-orange-blaze-dwarf-tarantula-super-rare,Devicarina guidonae (Orange Blaze Dwarf Tarantula) *Worlds First Breeding*,475.0,399.0,16.0
2026-05-31T08:49:51.135579+00:00,Exotics Unlimited,exotics-unlimited:hapalopus-sp-guerilla-speckle-patch-tarantula-0-75,Hapalopus guerreroi (Speckle Patch Tarantula),39.0,45.0,15.4
2026-05-31T08:49:51.135579+00:00,Exotics Unlimited,exotics-unlimited:ephebopus-cyanognathus-blue-fang-tarantula-0-5-0-75-invert-invasion-event,Ephebopus cyanognathus (Blue Fang Tarantula),75.0,55.0,26.7
2026-05-31T08:49:51.135579+00:00,Exotics Unlimited,exotics-unlimited:cyriopagopus-sp-bach-ma-bach-ma-earth-tiger-0-75,"Melopoeus sp. ""Bach Ma"" (Bach Ma Earth Tiger Tarantula)",85.0,48.0,43.5
2026-05-31T08:49:51.135579+00:00,Exotics Unlimited,exotics-unlimited:haplopelma-minax-big-black-earth-tiger-tarantula-0-75,Melopoeus minax 'Big Black' (Thai Black Earth Tiger Tarantula),35.0,45.0,28.6
2026-05-31T08:49:51.135579+00:00,Ty Dye Exotics,ty-dye-exotics:cubaris-sp-panda-king,"Cubaris Sp. ""Panda King""",25.0,15.0,40.0
2026-05-31T08:49:51.135579+00:00,DubiaRoaches.com,dubiaroaches:zoo-med-super-deluxe-10-stainless-steel-feeding-tongs-auction-29,Zoo Med Super Deluxe 10″ Stainless Steel Feeding Tongs Auction,5.0,6.0,20.0
2026-05-31T08:49:51.135579+00:00,DubiaRoaches.com,dubiaroaches:80w-heat-panel-reptile-habitat-auction-23,80w Heat Panel Reptile Habitat Auction,67.0,81.0,20.9
2026-05-31T08:49:51.135579+00:00,DubiaRoaches.com,dubiaroaches:xl-dubia-roaches-250ct-auction-16,XL Dubia Roaches 250ct Auction,47.0,40.0,14.9
2026-05-31T08:49:51.135579+00:00,DubiaRoaches.com,dubiaroaches:small-superworm-1-000ct-auction-17,"Small Superworm 1,000ct Auction",18.0,7.0,61.1
2026-05-31T08:49:51.135579+00:00,DubiaRoaches.com,dubiaroaches:large-hornworm-12ct-case-of-6-auction-24,Large Hornworm 12ct (Case Of 6) Auction,21.0,43.0,104.8
2026-05-31T08:49:51.135579+00:00,DubiaRoaches.com,dubiaroaches:36x18x18-v3-50-gallon-auction-17,36x18x18 V3 (50 Gallon) Auction,165.0,115.0,30.3
2026-05-31T08:49:51.135579+00:00,Fear Not Tarantulas,fear-not-tarantulas:heteropoda-davidbowie-david-bowie-huntsman-spider-small,"Heteropoda davidbowie (David Bowie Huntsman Spider)  about 1/8"" - 1/4""  SMALL",22.0,45.0,104.5
2026-05-31T08:49:51.135579+00:00,Fear Not Tarantulas,fear-not-tarantulas:orphnaecus-sp-rizal-blue-tarantula,"Orphnaecus sp Rizal Blue  about 1/4"" - 1/2""",55.0,29.0,47.3
2026-05-31T08:49:51.135579+00:00,Fear Not Tarantulas,fear-not-tarantulas:omothymus-violaceopes-singapore-blue-tarantula-for-sale,"Omothymus violaceopes (Singapore Blue Tarantula) about 1""",50.0,24.0,52.0
2026-05-31T08:49:51.135579+00:00,Fear Not Tarantulas,fear-not-tarantulas:grammostola-rosea-chilean-rose-tarantula-for-sale,"Grammostola rosea RCF (Chilean Rose Tarantula) Red Color Form about 1/2"" - 3/4""",39.0,65.0,66.7
2026-05-31T08:49:51.135579+00:00,Fear Not Tarantulas,fear-not-tarantulas:phormictopus-bayahibe-neon-pink-birdeater-tarantula,"Phormictopus sp. ""Bayahibe"" (Neon Pink Birdeater Tarantula) about 1""",70.0,49.0,30.0
2026-05-31T08:49:51.135579+00:00,Fear Not Tarantulas,fear-not-tarantulas:pamphobeteus-sp-manganegra,"Pamphobeteus sp manganegra (Black & Pink Bloom Tarantula) about 1"" - 1 1/4""  * RARE",65.0,125.0,92.3
2026-05-31T08:49:51.135579+00:00,Fear Not Tarantulas,fear-not-tarantulas:harpactira-dictator-tarantula-dictator-baboon,"Harpactira dictator (Dictator Baboon Tarantula) about 3/4"" - 1""+",75.0,39.0,48.0
2026-05-31T08:49:51.135579+00:00,Fear Not Tarantulas,fear-not-tarantulas:chilobrachys-natanicharum-electric-blue-tarantula-for-sale,"Chilobrachys natanicharum  (Electric Blue Tarantula) about  3/4"" - 1""",19.0,45.0,136.8
2026-05-31T08:49:51.135579+00:00,Exotics Source,exotics-source:regal-jumping-spider-sienna,Regal Jumping Spider “Sienna”,95.0,75.0,21.1
2026-05-31T08:49:51.135579+00:00,Exotics Source,exotics-source:regal-jumping-spider-blush,"Regal Jumping Spider ""Blush""",75.0,95.0,26.7
2026-05-31T08:49:51.135579+00:00,Exotics Source,exotics-source:regal-jumping-spider-sunkiss,"Regal Jumping Spider ""Sunkiss""",95.0,75.0,21.1
2026-05-31T08:49:51.135579+00:00,Exotics Source,exotics-source:regal-jumping-spider-jasmine,"Regal Jumping Spider ""Jasmine""",65.0,75.0,15.4
2026-05-31T08:49:51.135579+00:00,Exotics Source,exotics-source:regal-jumping-spider-violet-blaze,"Regal Jumping Spider ""Violet Blaze""",75.0,95.0,26.7
2026-05-31T08:49:51.135579+00:00,Exotics Source,exotics-source:regal-jumping-spider-ember,"Regal Jumping Spider ""Ember""",95.0,75.0,21.1
2026-05-31T08:49:51.135579+00:00,Exotics Source,exotics-source:regal-jumping-spider-cerelia,Regal Jumping Spider “Cerelia”,95.0,75.0,21.1
2026-05-31T08:49:51.135579+00:00,Exotics Source,exotics-source:regal-jumping-spider-camellia,Regal Jumping Spider “Camellia”,95.0,75.0,21.1
2026-05-31T08:49:51.135579+00:00,Exotics Source,exotics-source:regal-jumping-spider-cupcake,Regal Jumping Spider “Cupcake”,65.0,75.0,15.4
2026-05-31T08:49:51.135579+00:00,Exotics Source,exotics-source:regal-jumping-spider-cracker,"Regal Jumping Spider ""Cracker""",95.0,75.0,21.1
2026-05-31T08:49:51.135579+00:00,Exotics Source,exotics-source:regal-jumping-spider-spell,"Regal Jumping Spider ""Spell""",95.0,75.0,21.1
2026-05-31T08:49:51.135579+00:00,Exotics Source,exotics-source:regal-jumping-spider-magma,Regal Jumping Spider “Magma”,95.0,75.0,21.1
2026-05-31T08:49:51.135579+00:00,Exotics Source,exotics-source:regal-jumping-spider-squash,"Regal Jumping Spider ""Squash""",95.0,75.0,21.1
2026-05-31T08:49:51.135579+00:00,Exotics Source,exotics-source:regal-jumping-spider-lilac,"Regal Jumping Spider ""Lilac""",75.0,95.0,26.7
2026-05-31T08:49:51.135579+00:00,Exotics Source,exotics-source:regal-jumping-spider-yam,"Regal Jumping Spider ""Yam""",75.0,95.0,26.7
2026-05-31T08:49:51.135579+00:00,Spider Shoppe,spider-shoppe:iridopelma-hirsutum-amazon-ribbed,Iridopelma hirsutum (Amazon Ribbed),78.0,68.0,12.8
2026-05-31T08:49:51.135579+00:00,Spider Shoppe,spider-shoppe:heteropoda-tetrica,Heteropoda tetrica (Black Jawed Huntsman),28.0,20.0,28.6
2026-05-31T08:49:51.135579+00:00,Spider Shoppe,spider-shoppe:heteropoda-pingungensis-pingtung-huntsman-2,Heteropoda pingungensis (Pingtung Huntsman),38.0,28.0,26.3
2026-05-31T08:49:51.135579+00:00,Spider Shoppe,spider-shoppe:poecilotheria-vittata-ghost-ornamental-0-75-wa-state-sales-only,Poecilotheria vittata (Ghost Ornamental),38.0,48.0,26.3
2026-05-31T08:49:51.135579+00:00,Tropical Isopods,tropical-isopods:ctenorillo-boqueron-piedra-blanca,Ctenorillo Boquerón “Piedra Blanca”,40.0,65.0,62.5
2026-05-31T08:49:51.135579+00:00,Tropical Isopods,tropical-isopods:cubaris-sp-panda-king-isopod-for-sale,"Cubaris sp.""Panda King""",25.0,15.0,40.0
2026-05-31T08:49:51.135579+00:00,Buddha Bugs,buddha-bugs:avicularia-braunshauseni-goliath-pink-toe-tarantula-for-sale,"Avicularia avicularia morphotype 2 (goliath pink-toed tarantula) 0.66""",80.0,100.0,25.0
2026-05-31T08:49:51.135579+00:00,Buddha Bugs,buddha-bugs:chilobrachys-natanicharum-electric-blue-earth-tiger-tarantula-for-sale,"Chilobrachys natanicharum (electric blue tarantula) 0.75""",30.0,35.0,16.7
2026-05-31T08:49:51.135579+00:00,American Reptile Distributors,american-reptile-distributors:albino-yellow-bellied-slider-turtle-female-2601-trachemys-scripta,Albino Yellow Bellied Slider Turtle Female #2601 (Trachemys scripta),249.99,149.99,40.0
2026-05-31T08:49:51.135579+00:00,American Reptile Distributors,american-reptile-distributors:hi-white-concentric-diamondback-terrapin-2025-2506-malaclemys-terrapin-temp-sexed-female,Hi White Concentric Diamondback Terrapin 2025 #2506 (Malaclemys terrapin) Temp Sexed Female,249.99,199.99,20.0
2026-05-31T08:49:51.135579+00:00,Big Apple Herp,big-apple-herp:zero-female-bearded-dragon-actual-photo,Zero Bearded Dragons,259.95,299.0,15.0
2026-05-31T08:49:51.135579+00:00,Big Apple Herp,big-apple-herp:unusual-limited-edition-corn-snakes,Unique Limited Edition Corn Snakes,69.95,104.95,50.0
2026-05-31T08:49:51.135579+00:00,Big Apple Herp,big-apple-herp:asian-vine-snakes,Asian Vine Snakes,49.95,229.0,358.5
2026-05-31T08:49:51.135579+00:00,Big Apple Herp,big-apple-herp:smooth-front-caiman,Smooth Front Dwarf Caimans,339.95,299.95,11.8
2026-05-31T08:49:51.135579+00:00,Big Apple Herp,big-apple-herp:salamanders-for-sale,Salamanders (Various Species),29.95,26.95,10.0
2026-05-31T08:49:51.135579+00:00,Big Apple Herp,big-apple-herp:blue-tail-monitors,Blue Tail Monitors,749.0,649.95,13.2
2026-05-31T08:49:51.135579+00:00,David's Beetles,davids-beetles:larvae-pachycera-rhino-beetle-xylotrupes-pachycera,LARVAE: Pachycera Rhino Beetle (Xylotrupes pachycera),20.0,9.99,50.0
2026-05-31T08:49:51.135579+00:00,JamJam Exotic,jamjam-exotic:2-high-red-ornate-extra-red,#2 High Red Ornate (Extra Red),89.99,129.99,44.4
2026-05-31T08:49:51.135579+00:00,Pangea Reptile,pangea-reptile:pinstripe-crested-gecko-cr-1533,Male Pinstripe Crested Gecko Cr-1533,249.99,224.99,10.0
2026-05-31T08:49:51.135579+00:00,Pangea Reptile,pangea-reptile:male-harlequin-crested-gecko-cr-1599,Male Harlequin Crested Gecko Cr-1599,399.99,349.99,12.5
2026-05-31T08:49:51.135579+00:00,Pangea Reptile,pangea-reptile:male-quadstripe-crested-gecko-cr-1593,Male Quadstripe Crested Gecko Cr-1593,399.99,349.99,12.5
2026-05-31T08:49:51.135579+00:00,Pangea Reptile,pangea-reptile:male-red-harlequin-crested-gecko-cr-1591,Male Red Harlequin Crested Gecko Cr-1591,749.99,449.99,40.0
2026-05-31T08:49:51.135579+00:00,Pangea Reptile,pangea-reptile:male-quadstripe-crested-gecko-cr-1589,Male Quadstripe Crested Gecko Cr-1589,349.99,299.99,14.3
2026-05-31T08:49:51.135579+00:00,Pangea Reptile,pangea-reptile:male-xxx-crested-gecko-cr-1587,Male XXX Crested Gecko Cr-1587,799.99,449.99,43.8
2026-05-31T08:49:51.135579+00:00,Pangea Reptile,pangea-reptile:male-solid-back-extreme-crested-gecko-cr-1586,Male Solid Back Crested Gecko Cr-1586,499.99,299.99,40.0
2026-05-31T08:49:51.135579+00:00,Pangea Reptile,pangea-reptile:male-tricolor-crested-gecko-cr-1583,Male Tricolor Extreme Harlequin Crested Gecko Cr-1583,699.99,399.99,42.9
2026-05-31T08:49:51.135579+00:00,Pangea Reptile,pangea-reptile:male-extreme-crested-gecko-cr-1581,Male Harlequin Crested Gecko Cr-1581,399.99,224.99,43.8
2026-05-31T08:49:51.135579+00:00,Pangea Reptile,pangea-reptile:male-tricolor-crested-gecko-cr-1577,Male Tricolor Extreme Harlequin Crested Gecko Cr-1577,1249.99,499.99,60.0
2026-05-31T08:49:51.135579+00:00,Pangea Reptile,pangea-reptile:male-dalmatian-crested-gecko-cr-1570,Male Dark Dalmatian Crested Gecko Cr-1570,399.99,349.99,12.5
2026-05-31T08:49:51.135579+00:00,Pangea Reptile,pangea-reptile:male-harlequin-pinstripe-crested-gecko-cr-1565,Male Tricolor Pinstripe Crested Gecko Cr-1565,449.99,399.99,11.1
2026-05-31T08:49:51.135579+00:00,Pangea Reptile,pangea-reptile:male-white-wall-harlequin-crested-gecko-cr-1563,Male Harlequin Crested Gecko Cr-1563,349.99,249.99,28.6
2026-05-31T08:49:51.135579+00:00,Pangea Reptile,pangea-reptile:male-pinstripe-crested-gecko-cr-1560,Male Harlequin Pinstripe Crested Gecko Cr-1560,249.99,199.99,20.0
2026-05-31T08:49:51.135579+00:00,Pangea Reptile,pangea-reptile:male-harlequin-crested-gecko-cr-1555,Male Harlequin Crested Gecko Cr-1555,349.99,299.99,14.3
2026-05-31T08:49:51.135579+00:00,Pangea Reptile,pangea-reptile:male-extreme-crested-gecko-cr-1550,Male Extreme Harlequin Crested Gecko Cr-1550,649.99,449.99,30.8
2026-05-31T08:49:51.135579+00:00,Pangea Reptile,pangea-reptile:male-solid-back-extreme-crested-gecko-cr-1548,Male Extreme Harlequin Crested Gecko Cr-1548,549.99,449.99,18.2
2026-05-31T08:49:51.135579+00:00,Pangea Reptile,pangea-reptile:male-extreme-harlequin-crested-gecko-cr-1547,Male Extreme Harlequin Crested Gecko Cr-1547,849.99,549.99,35.3
2026-05-31T08:49:51.135579+00:00,Pangea Reptile,pangea-reptile:female-tricolor-crested-gecko-cr-1546,Female Tricolor Extreme Harlequin Crested Gecko Cr-1546,499.99,399.99,20.0
2026-05-31T08:49:51.135579+00:00,Pangea Reptile,pangea-reptile:female-extreme-crested-gecko-cr-1541,Female Extreme Harlequin Crested Gecko Cr-1541,599.99,374.99,37.5
2026-05-31T08:49:51.135579+00:00,Pangea Reptile,pangea-reptile:male-tricolor-quadstripe-crested-gecko-cr-1540,Male Tricolor Quadstripe Crested Gecko Cr-1540,749.99,499.99,33.3
2026-05-31T08:49:51.135579+00:00,Pangea Reptile,pangea-reptile:male-og-black-crested-gecko-cr-1538,Male OG Black Crested Gecko Cr-1538,799.99,549.99,31.3
2026-05-31T08:49:51.135579+00:00,Pangea Reptile,pangea-reptile:male-red-extreme-crested-gecko-cr-1537,Male Red Extreme Harlequin Crested Gecko Cr-1537,649.99,424.99,34.6
2026-05-31T08:49:51.135579+00:00,Pangea Reptile,pangea-reptile:male-quadstripe-crested-gecko-cr-1535,Male Quadstripe Crested Gecko Cr-1535,699.99,399.99,42.9
2026-05-31T08:49:51.135579+00:00,Pangea Reptile,pangea-reptile:male-quad-pin-crested-gecko-cr-1498,Male Quadstripe Crested Gecko Cr-1498,549.99,349.99,36.4
2026-05-31T08:49:51.135579+00:00,Pangea Reptile,pangea-reptile:male-extreme-crested-gecko-cr-1285,Male Extreme Harlequin Crested Gecko Cr-1285,449.99,374.99,16.7
2026-05-31T08:49:51.135579+00:00,Pangea Reptile,pangea-reptile:male-extreme-crested-gecko-cr-0645,Male Extreme Harlequin Crested Gecko Cr-0645,549.99,349.99,36.4
2026-05-31T08:49:51.135579+00:00,Pangea Reptile,pangea-reptile:male-quadstripe-crested-gecko-cr-1520,Male Quadstripe Crested Gecko Cr-1520,549.99,349.99,36.4
2026-05-31T08:49:51.135579+00:00,Pangea Reptile,pangea-reptile:male-quadpin-crested-gecko-cr-1530,Male Quadstripe Crested Gecko Cr-1530,399.99,349.99,12.5
2026-05-31T08:49:51.135579+00:00,Pangea Reptile,pangea-reptile:female-tricolor-crested-gecko-cr-1528,Female Tricolor Extreme Harlequin Crested Gecko Cr-1528,999.99,499.99,50.0
2026-05-31T08:49:51.135579+00:00,Pangea Reptile,pangea-reptile:male-lavender-pinstripe-crested-gecko-cr-1527,Male Quadstripe Crested Gecko Cr-1527,599.99,449.99,25.0
2026-05-31T08:49:51.135579+00:00,Pangea Reptile,pangea-reptile:male-extreme-crested-gecko-cr-1521,Male Extreme Harlequin Crested Gecko Cr-1521,649.99,474.99,26.9
2026-05-31T08:49:51.135579+00:00,Pangea Reptile,pangea-reptile:male-extreme-harlequin-crested-gecko-cr-1518,Male Extreme Harlequin Crested Gecko Cr-1518,499.99,449.99,10.0
2026-05-31T08:49:51.135579+00:00,Pangea Reptile,pangea-reptile:female-tricolor-crested-gecko-cr-1514,Female Extreme Harlequin Crested Gecko Cr-1514,749.99,474.99,36.7
2026-05-31T08:49:51.135579+00:00,Pangea Reptile,pangea-reptile:male-red-phantom-crested-gecko-cr-1515,Male Red Phantom Crested Gecko Cr-1515,449.99,349.99,22.2
2026-05-31T08:49:51.135579+00:00,Pangea Reptile,pangea-reptile:male-super-dalmatian-crested-gecko-cr-1509,Male Super Dalmatian Crested Gecko Cr-1509,699.99,399.99,42.9
2026-05-31T08:49:51.135579+00:00,Pangea Reptile,pangea-reptile:female-tricolor-crested-gecko-cr-1507,Female Extreme Harlequin Crested Gecko Cr-1507,599.99,374.99,37.5
2026-05-31T08:49:51.135579+00:00,Pangea Reptile,pangea-reptile:male-pinstripe-crested-gecko-cr-1506,Male Extreme Harlequin Crested Gecko Cr-1506,449.99,374.99,16.7
2026-05-31T08:49:51.135579+00:00,Pangea Reptile,pangea-reptile:male-extreme-crested-gecko-cr-1504,Male Extreme Harlequin Crested Gecko Cr-1504,649.99,474.99,26.9
2026-05-31T08:49:51.135579+00:00,Pangea Reptile,pangea-reptile:male-pinstripe-crested-gecko-cr-1503,Male White Wall Crested Gecko Cr-1503,449.99,399.99,11.1
2026-05-31T08:49:51.135579+00:00,Pangea Reptile,pangea-reptile:male-white-wall-crested-gecko-cr-1500,Male White Wall Crested Gecko Cr-1500,549.99,399.99,27.3
2026-05-31T08:49:51.135579+00:00,Pangea Reptile,pangea-reptile:male-extreme-crested-gecko-cr-1499,Male Extreme Harlequin Crested Gecko Cr-1499,699.99,474.99,32.1
2026-05-31T08:49:51.135579+00:00,Pangea Reptile,pangea-reptile:male-red-pinstripe-crested-gecko-cr-1497,Male Red Pinstripe Crested Gecko Cr-1497,449.99,299.99,33.3
2026-05-31T08:49:51.135579+00:00,Pangea Reptile,pangea-reptile:male-extreme-crested-gecko-cr-1495,Male Extreme Harlequin Crested Gecko Cr-1495,799.99,549.99,31.3
2026-05-31T08:49:51.135579+00:00,Pangea Reptile,pangea-reptile:male-tricolor-pinstripe-crested-gecko-cr-1491,Male Tricolor Pinstripe Crested Gecko Cr-1491,399.99,374.99,6.3
2026-05-31T08:49:51.135579+00:00,Pangea Reptile,pangea-reptile:female-tricolor-crested-gecko-cr-1487,Female Extreme Harlequin Crested Gecko Cr-1487,999.99,499.99,50.0
2026-05-31T08:49:51.135579+00:00,Buckeye Myrmecology,buckeye-myrmecology:camponotus-subbarbatus-for-sale,Camponotus subbarbatus,56.0,60.0,7.1
2026-05-31T08:49:51.135579+00:00,Wish Upon A Butterfly,wish-upon-a-butterfly:red-admiral-butterflies-for-butterfly-release,Red Admiral Butterflies for Butterfly Release,95.0,8.0,91.6
2026-06-03T11:04:12.489732+00:00,Ty Dye Exotics,ty-dye-exotics:phidippus-audax-bold-jumping-spider-charismatic-pet-spider-live-arrival-guarantee,Phidippus audax – Bold Jumping Spider | Charismatic Pet Spider | Live Arrival Guarantee,29.99,16.49,45.0
2026-06-03T11:04:12.489732+00:00,DubiaRoaches.com,dubiaroaches:zoo-med-super-deluxe-10-stainless-steel-feeding-tongs-auction-30,Zoo Med Super Deluxe 10″ Stainless Steel Feeding Tongs Auction,6.0,4.0,33.3
2026-06-03T11:04:12.489732+00:00,DubiaRoaches.com,dubiaroaches:hornworm-moth-pupa-sexed-pair-manduca-sexta-auction-30,Hornworm Moth Pupa Sexed Pair (Manduca sexta) Auction,9.0,7.0,22.2
2026-06-03T11:04:12.489732+00:00,DubiaRoaches.com,dubiaroaches:large-discoid-250ct-auction-34,Large Discoid 250ct Auction,13.0,25.0,92.3
2026-06-03T11:04:12.489732+00:00,DubiaRoaches.com,dubiaroaches:48x24x12-60-gallon-v2-auction-18,48x24x12 (60 Gallon) V2 Auction,146.69,151.0,2.9
2026-06-03T11:04:12.489732+00:00,DubiaRoaches.com,dubiaroaches:xl-dubia-roaches-250ct-auction-19,XL Dubia Roaches 250ct Auction,47.0,52.0,10.6
2026-06-03T11:04:12.489732+00:00,DubiaRoaches.com,dubiaroaches:220w-heat-panel-reptile-habitat-auction-18,220w Heat Panel Reptile Habitat Auction,200.0,130.0,35.0
2026-06-03T11:04:12.489732+00:00,DubiaRoaches.com,dubiaroaches:hornworm-moth-pupa-sexed-pair-manduca-sexta-auction-29,Hornworm Moth Pupa Sexed Pair (Manduca sexta) Auction,4.0,10.0,150.0
2026-06-03T11:04:12.489732+00:00,DubiaRoaches.com,dubiaroaches:medium-mealworm-500ct-auction-11,Medium Mealworm 500ct Auction,4.0,7.0,75.0
2026-06-03T11:04:12.489732+00:00,DubiaRoaches.com,dubiaroaches:small-superworm-1-000ct-auction-18,"Small Superworm 1,000ct Auction",18.0,10.0,44.4
2026-06-03T11:04:12.489732+00:00,DubiaRoaches.com,dubiaroaches:80w-heat-panel-reptile-habitat-auction-25,80w Heat Panel Reptile Habitat Auction,67.0,85.13,27.1
2026-06-03T11:04:12.489732+00:00,DubiaRoaches.com,dubiaroaches:36x18x18-v3-50-gallon-auction-19,36x18x18 V3 (50 Gallon) Auction,115.0,162.0,40.9
2026-06-03T11:04:12.489732+00:00,Fear Not Tarantulas,fear-not-tarantulas:birupes-simoroxigorum-tarantula,"Birupes simoroxigorum tarantula (Borean Neon-Blue Leg Tarantula)  *Very Rare about 1/2"" - 3/4""",49.0,75.0,53.1
2026-06-03T11:04:12.489732+00:00,Fear Not Tarantulas,fear-not-tarantulas:avicularia-metallica-metallic-pinktoe-tarantula-for-sale,"Avicularia metallica (Metallic Pink Toe) about 3/4""-1""",32.0,45.0,40.6
2026-06-03T11:04:12.489732+00:00,Fear Not Tarantulas,fear-not-tarantulas:heterothele-gabonensis-tarantula-for-sale,"Heterothele gabonensis (Gabon Blue Dwarf Baboon Tarantula) about 1/3"" - 1/2""+",19.0,34.0,78.9
2026-06-03T11:04:12.489732+00:00,Fear Not Tarantulas,fear-not-tarantulas:orphnaecus-sp-rizal-blue-tarantula,"Orphnaecus sp Rizal Blue  about 1/4"" - 1/2""",29.0,55.0,89.7
2026-06-03T11:04:12.489732+00:00,Fear Not Tarantulas,fear-not-tarantulas:omothymus-violaceopes-singapore-blue-tarantula-for-sale,"Omothymus violaceopes (Singapore Blue Tarantula) about 1""",24.0,49.0,104.2
2026-06-03T11:04:12.489732+00:00,Fear Not Tarantulas,fear-not-tarantulas:homoeomma-chilense-chilean-flame-tarantula-small,"Homoeomma chilense  (Chilean Flame Tarantula)  about 1/4""",69.0,135.0,95.7
2026-06-03T11:04:12.489732+00:00,Fear Not Tarantulas,fear-not-tarantulas:phidippus-regius-regal-jumping-spider-juveniles,"Phidippus regius (Regal Jumping Spider) not quite 1/4"" Captive born.",15.0,35.0,133.3
2026-06-03T11:04:12.489732+00:00,Fear Not Tarantulas,fear-not-tarantulas:phormictopus-bayahibe-neon-pink-birdeater-tarantula,"Phormictopus sp. ""Bayahibe"" (Neon Pink Birdeater Tarantula) about 1""",49.0,69.0,40.8
2026-06-03T11:04:12.489732+00:00,Fear Not Tarantulas,fear-not-tarantulas:harpactira-dictator-tarantula-dictator-baboon,"Harpactira dictator (Dictator Baboon Tarantula) about 3/4"" - 1""+",39.0,75.0,92.3
2026-06-03T11:04:12.489732+00:00,Fear Not Tarantulas,fear-not-tarantulas:tapinauchenius-sanctivincenti-tarantula-for-sale,"Tapinauchenius sanctivincenti (St. Vincent's Tree Spider) about 3/4"" - 1""",19.0,45.0,136.8
2026-06-03T11:04:12.489732+00:00,Exotics Source,exotics-source:custom-order,Custom Order,1065.0,250.0,76.5
2026-06-03T11:04:12.489732+00:00,Spider Shoppe,spider-shoppe:avicularia-geroldi-brazilian-blue-green-pink-toe-0-75,Avicularia geroldi (Brazilian Blue-Green Pink Toe),74.0,94.0,27.0
2026-06-03T11:04:12.489732+00:00,Praying Mantis Shop,praying-mantis-shop:praying-mantis-eggs-ootheca-chinese,Praying Mantis Egg Case,7.5,9.5,26.7
2026-06-03T11:04:12.489732+00:00,FangzTV,fangztv:lasiodora-parahybana-brazilian-salmon-pink-tarantula-1,Lasiodora parahybana Brazilian Salmon Pink Tarantula .5'',10.0,15.0,50.0
2026-06-03T11:04:12.489732+00:00,FangzTV,fangztv:tliltocatl-albopilosum-honduran-curlyhair-tarantula-75,Tliltocatl albopilosus Honduran curlyhair tarantula 1'',15.0,18.0,20.0
2026-06-03T11:04:12.489732+00:00,FangzTV,fangztv:brachypelma-hamorii-2-mexican-red-knee-tarantula,Brachypelma Hamorii  Mexican Red knee Tarantula 1.25'',60.0,50.0,16.7
2026-06-03T11:04:12.489732+00:00,Big Apple Herp,big-apple-herp:ouachita-map-turtles,Ouachita Map Turtles,34.95,29.95,14.3
2026-06-03T11:04:12.489732+00:00,Big Apple Herp,big-apple-herp:crested-toads,Crested Toads,42.95,54.95,27.9
2026-06-03T11:04:12.489732+00:00,Big Apple Herp,big-apple-herp:small-webbed-bell-toads,Small Webbed Bell Toads,89.95,79.95,11.1
2026-06-03T11:04:12.489732+00:00,Big Apple Herp,big-apple-herp:java-wart-snakes,Java Wart & Elephant Trunk Snakes,109.95,99.94,9.1
2026-06-03T11:04:12.489732+00:00,Big Apple Herp,big-apple-herp:salamanders-for-sale,Salamanders (Various Species),26.95,29.95,11.1
2026-06-03T11:04:12.489732+00:00,JMZ Butterfly Farm,jmz-butterfly-farm:polyphemus-moth-eggs,Polyphemus Moth Eggs,25.0,35.0,40.0
2026-06-03T11:04:12.489732+00:00,TC Insects,tc-insects:porcellio-nicklesi-orange-isopods-for-sale,Porcellio nicklesi “Orange&#8221;,64.99,12.99,80.0
2026-06-03T11:04:12.489732+00:00,TC Insects,tc-insects:porcellio-werneri-silver-back-isopods,Porcellio Werneri ‘Silver Back’,69.99,14.99,78.6
2026-06-03T11:04:12.489732+00:00,TC Insects,tc-insects:porcellionides-pruinosus-lemon-berry-crumble,Porcellionides Pruinosus “Lemon Berry Crumble”,39.99,6.99,82.5
2026-06-03T11:04:12.489732+00:00,TC Insects,tc-insects:porcellio-dilatatus-rust-isopods-for-sale,Porcellio Dilatatus “Rust”,19.99,17.99,10.0
2026-06-03T11:04:12.489732+00:00,TC Insects,tc-insects:porcellio-silvestri-isopods,Porcellio silvestri,34.99,6.99,80.0
2026-06-03T11:04:12.489732+00:00,TC Insects,tc-insects:porcellio-sp-morocco-isopods,Porcellio sp. &#8216;Morocco&#8217;,39.99,5.99,85.0
2026-06-03T11:04:12.489732+00:00,TC Insects,tc-insects:porcellio-scaber-orins-calico-isopods,Porcellio scaber &#8216;Orin&#8217;s Calico&#8217;,19.99,5.99,70.0
2026-06-03T11:04:12.489732+00:00,TC Insects,tc-insects:porcellio-ornatus-high-yellow-isopods,Porcellio ornatus &#8216;High Yellow&#8217;,59.99,8.99,85.0
2026-06-03T11:04:12.489732+00:00,TC Insects,tc-insects:porcellio-magnificus-isopods-for-sale,Porcellio magnificus,54.99,12.99,76.4
2026-06-03T11:04:12.489732+00:00,TC Insects,tc-insects:porcellio-haasi-bright-isopods,Porcellio haasi &#8220;Bright&#8221;,79.99,12.99,83.8
2026-06-03T11:04:12.489732+00:00,TC Insects,tc-insects:porcellio-haasi-giant-isopods,Porcellio haasi &#8216;Giant,39.99,12.99,67.5
2026-06-03T11:04:12.489732+00:00,TC Insects,tc-insects:porcellio-duboscqui-troglophila-isopods,Porcellio duboscqui troglophila,49.99,6.99,86.0
2026-06-03T11:04:12.489732+00:00,TC Insects,tc-insects:porcellio-flavomarginatus-isopods-for-sale,Porcellio flavomarginatus,49.99,9.99,80.0
2026-06-03T11:04:12.489732+00:00,TC Insects,tc-insects:porcellio-expansus-autumnal-equinox-for-sale,Porcellio expansus &#8220;Autumnal Equinox&#8221;,180.0,44.99,75.0
2026-06-03T11:04:12.489732+00:00,TC Insects,tc-insects:porcellio-expansus-for-sale,Porcellio expansus,75.0,16.99,77.3
2026-06-03T11:04:12.489732+00:00,TC Insects,tc-insects:porcellio-nicklesi-rubivan-for-sale,Porcellio nicklesi &#8216;Rubivan&#8217;,45.0,9.99,77.8
2026-06-03T11:04:12.489732+00:00,TC Insects,tc-insects:cubaris-sp-rubber-ducky-for-sale,Cubaris Sp. &#8220;Rubber Ducky&#8221;,26.0,21.99,15.4
2026-06-03T11:04:12.489732+00:00,TC Insects,tc-insects:porcellio-bolivari-yellow-ghost,Porcellio Bolivari &#8216;Yellow Ghost&#8217;,250.0,59.99,76.0
2026-06-03T11:04:12.489732+00:00,TC Insects,tc-insects:porcellio-sp-spiky-canare,Porcellio Sp. &#8220;Spiky Canare&#8221;,75.0,7.99,89.3
2026-06-03T11:04:12.489732+00:00,TC Insects,tc-insects:porcellio-bolivari,Porcellio Sp. Bolivari,70.0,14.99,78.6
2026-06-03T11:04:12.489732+00:00,TC Insects,tc-insects:porcellio-haasi-high-yellow,Porcellio Haasi &#8216;High yellow&#8217;,30.0,9.99,66.7
2026-06-03T11:04:12.489732+00:00,TC Insects,tc-insects:porcellio-werneri-greek-shield,Porcellio Werneri &#8216;Greek Shield&#8217;,65.0,12.99,80.0
2026-06-03T11:04:12.489732+00:00,TC Insects,tc-insects:cubaris-sp-black-evil,Cubaris Sp. &#8216;Black evil&#8217;,174.99,149.99,14.3
2026-06-03T11:04:12.489732+00:00,TC Insects,tc-insects:buy-porcellio-ornatus-witchs-brew-for-sale,Porcellio Ornatus &#8211; &#8220;Witch&#8217;s Brew&#8221;,42.0,8.99,78.6
2026-06-03T11:04:12.489732+00:00,TC Insects,tc-insects:porcellio-sp-hoffmanseggii-isopods-copy,Porcellio Hoffmanseggii. &#8211; &#8216;Titan Isopod&#8217;,25.0,12.99,48.0
2026-06-03T11:04:12.489732+00:00,TC Insects,tc-insects:porcellio-scaber-lemonade,Porcellio scaber &#8216;Lemonade&#8217;,20.0,5.99,70.0
2026-06-03T11:04:12.489732+00:00,TC Insects,tc-insects:porcellio-scaber-koi,Porcellio scaber &#8216;Koi&#8217;,17.5,14.99,14.3
2026-06-03T11:04:12.489732+00:00,TC Insects,tc-insects:porcellio-scaber-red-calico-copy,Porcellio scaber &#8216;Red calico&#8217;,12.5,9.99,20.1
2026-06-03T11:04:12.489732+00:00,TC Insects,tc-insects:ceratophysella-isabellae-lilac-springtails-for-sale,Ceratophysella isabellae | Lilac Springtails,9.99,10.99,10.0
2026-06-03T11:04:12.489732+00:00,TC Insects,tc-insects:porcellio-expansus-orange-for-sale,Porcellio expansus &#8220;Orange&#8221;,105.0,19.99,81.0
2026-06-03T11:04:12.489732+00:00,TC Insects,tc-insects:porcellio-dilatatus-giant-canyon-isopod-for-sale,Porcellio dilatatus &#8220;Giant Canyon Isopod&#8221;,8.99,5.99,33.4
2026-06-03T11:04:12.489732+00:00,TC Insects,tc-insects:porcellio-ornatus-yellow-dot-for-sale,Porcellio ornatus &#8216;Yellow Dot&#8217;,11.99,4.99,58.4
2026-06-03T11:04:12.489732+00:00,TC Insects,tc-insects:porcellio-scaber-orange-dalmation,Porcellio scaber &#8216;Orange Dalmation&#8217;,12.0,6.99,41.8
2026-06-03T11:04:12.489732+00:00,TC Insects,tc-insects:cubaris-platinum-ducky-for-sale,Cubaris Sp. &#8216;Platinum Ducky&#8217;,110.0,89.99,18.2
2026-06-03T11:04:12.489732+00:00,AntGear,antgear:pogonomyrmex-barbatus,Red Harvester Ant (Pogonomyrmex barbatus),59.99,89.99,50.0
2026-06-03T11:04:12.489732+00:00,AntGear,antgear:camponotus_fragilis,Fraggles Carpenter Ants (Camponotus fragilis),44.99,89.99,100.0
2026-06-07T09:17:12.137993+00:00,PanTerra Pets,panterra-pets:orchid-mantis,Orchid Mantis (H. coronatus),45.99,49.99,8.7
2026-06-07T09:17:12.137993+00:00,The Defiant Forest,the-defiant-forest:giant-indo-red-leg-millipede-undescribed-sp,"Giant Red Leg Tree Millipede, Balustreptus falcatus -Captive Bred Babies Available Winter 2026",89.0,79.0,11.2
2026-06-07T09:17:12.137993+00:00,The Defiant Forest,the-defiant-forest:gooty-sapphire-ornamental-tarantula,"Gooty Sapphire Ornamental Tarantula, Poecilotheria metallica - Arboreal Species",96.0,89.0,7.3
2026-06-07T09:17:12.137993+00:00,The Defiant Forest,the-defiant-forest:green-bottle-blue-tarantulas,"Green Bottle Blue Tarantula, Chromatopelma cyaneopubescens - Heavy Webbing Species",54.0,39.0,27.8
2026-06-07T09:17:12.137993+00:00,Exotics Unlimited,exotics-unlimited:poecilotheria-rufilata-red-slate-ornamental-tarantula-for-sale,Poecilotheria rufilata (Red Slate Ornamental Tarantula),95.0,99.0,4.2
2026-06-07T09:17:12.137993+00:00,Exotics Unlimited,exotics-unlimited:copy-of-poecilotheria-regalis-indian-ornamental-tarantula-for-sale-female-7,Poecilotheria regalis (Indian Ornamental Tarantula),85.0,75.0,11.8
2026-06-07T09:17:12.137993+00:00,Exotics Unlimited,exotics-unlimited:poecilotheria-miranda-bengal-spotted-ornamental-tarantula-1-5-copy,Poecilotheria miranda (Bengal Spotted Ornamental Tarantula),165.0,150.0,9.1
2026-06-07T09:17:12.137993+00:00,Exotics Unlimited,exotics-unlimited:poecilotheria-metallica-gooty-sapphire-tarantula-for-sale-female-5,Poecilotheria metallica (Gooty Sapphire Tarantula),150.0,135.0,10.0
2026-06-07T09:17:12.137993+00:00,Exotics Unlimited,exotics-unlimited:grammostola-pulchra-brazilian-black-female-2-5,Grammostola pulchra (Brazilian Black Tarantula),95.0,86.0,9.5
2026-06-07T09:17:12.137993+00:00,Exotics Unlimited,exotics-unlimited:cyriopagopus-lividus-cobalt-blue-tarantula-for-sale,Cyriopagopus lividus (Cobalt Blue Tarantula),44.0,39.0,11.4
2026-06-07T09:17:12.137993+00:00,Ty Dye Exotics,ty-dye-exotics:birupes-simoroxigorum-borneo-neon-blue-leg-tarantula-for-sale-live-arrival-guarantee,Birupes simoroxigorum - Borneo Neon Blue Leg Tarantula for Sale | Live Arrival Guarantee,74.99,57.99,22.7
2026-06-07T09:17:12.137993+00:00,Ty Dye Exotics,ty-dye-exotics:armadillidium-hauseni,Armadillidium hauseni,50.0,40.0,20.0
2026-06-07T09:17:12.137993+00:00,DubiaRoaches.com,dubiaroaches:small-superworm-1-000ct-auction-19,"Small Superworm 1,000ct Auction",7.0,11.0,57.1
2026-06-07T09:17:12.137993+00:00,DubiaRoaches.com,dubiaroaches:large-hornworm-6ct-case-of-12-auction-33,Large Hornworm 6ct (Case Of 12) Auction,36.0,29.23,18.8
2026-06-07T09:17:12.137993+00:00,DubiaRoaches.com,dubiaroaches:zoo-med-super-deluxe-10-stainless-steel-feeding-tongs-auction-32,Zoo Med Super Deluxe 10″ Stainless Steel Feeding Tongs Auction,6.0,3.0,50.0
2026-06-07T09:17:12.137993+00:00,DubiaRoaches.com,dubiaroaches:xl-dubia-roaches-250ct-auction-21,XL Dubia Roaches 250ct Auction,52.0,40.0,23.1
2026-06-07T09:17:12.137993+00:00,DubiaRoaches.com,dubiaroaches:80w-heat-panel-reptile-habitat-auction-26,80w Heat Panel Reptile Habitat Auction,85.13,68.11,20.0
2026-06-07T09:17:12.137993+00:00,Fear Not Tarantulas,fear-not-tarantulas:phidippus-regius-jumping-spider-for-sale,"Phidippus regius (Regal Jumping Spider) about 1/2"" - 1"" CAPTIVE BORN AND RAISED",35.0,45.0,28.6
2026-06-07T09:17:12.137993+00:00,Exotics Source,exotics-source:regal-jumping-spider-candied-yams,Regal Jumping Spider “Candied Yams”,65.0,75.0,15.4
2026-06-07T09:17:12.137993+00:00,Exotics Source,exotics-source:regal-jumping-spider-harvest-fern,Regal Jumping Spider “Harvest Fern”,75.0,95.0,26.7
2026-06-07T09:17:12.137993+00:00,Exotics Source,exotics-source:regal-jumping-spider-berry-biscuit,Regal Jumping Spider “Berry Biscuit”,95.0,75.0,21.1
2026-06-07T09:17:12.137993+00:00,Exotics Source,exotics-source:regal-jumping-spider-lunaria,"Regal Jumping Spider ""Lunaria""",95.0,75.0,21.1
2026-06-07T09:17:12.137993+00:00,Exotics Source,exotics-source:regal-jumping-spider-radiante,"Regal Jumping Spider ""Radiante""",95.0,75.0,21.1
2026-06-07T09:17:12.137993+00:00,Exotics Source,exotics-source:regal-jumping-spider-whisper,"Regal Jumping Spider ""Whisper""",75.0,95.0,26.7
2026-06-07T09:17:12.137993+00:00,Exotics Source,exotics-source:regal-jumping-spider-sangria,Regal Jumping Spider “Sangria”,95.0,75.0,21.1
2026-06-07T09:17:12.137993+00:00,Exotics Source,exotics-source:regal-jumping-spider-jamba,"Regal Jumping Spider ""Jamba""",75.0,95.0,26.7
2026-06-07T09:17:12.137993+00:00,Exotics Source,exotics-source:regal-jumping-spider-kelp,"Regal Jumping Spider ""Kelp""",75.0,95.0,26.7
2026-06-07T09:17:12.137993+00:00,Exotics Source,exotics-source:regal-jumping-spider-lavender-for-sale,"Regal Jumping Spider ""Lavender""",75.0,95.0,26.7
2026-06-07T09:17:12.137993+00:00,Spider Shoppe,spider-shoppe:thrixopelma-pruriens-peruvian-green-velvet-0-25,Ewok pruriens (Peruvian Green Velvet),20.0,24.0,20.0
2026-06-07T09:17:12.137993+00:00,Tropical Isopods,tropical-isopods:armadillidium-hauseni,Armadillidium hauseni,50.0,40.0,20.0
2026-06-07T09:17:12.137993+00:00,Buddha Bugs,buddha-bugs:hysterocrates-gigas-cameroon-red-baboon-tarantula-for-sale,"Hysterocrates gigas (Cameroon red baboon tarantula) 0.5""",30.0,20.0,33.3
2026-06-07T09:17:12.137993+00:00,Big Apple Herp,big-apple-herp:ambilobe-panther-chameleons,Ambilobe Panther Chameleons,189.95,149.95,21.1
2026-06-07T09:17:12.137993+00:00,Big Apple Herp,big-apple-herp:smooth-front-caiman,Smooth Front Dwarf Caimans,299.95,319.0,6.4
2026-06-07T09:17:12.137993+00:00,Big Apple Herp,big-apple-herp:antilles-pink-toe-tarantulas,Antilles Pink Toe Tarantulas,124.95,69.95,44.0
2026-06-07T09:17:12.137993+00:00,Big Apple Herp,big-apple-herp:amazon-milk-frogs,Amazon Milk Frogs,47.95,79.95,66.7
2026-06-07T09:17:12.137993+00:00,Big Apple Herp,big-apple-herp:green-basilisks,Green & Brown Basilisks,44.95,37.95,15.6
2026-06-07T09:17:12.137993+00:00,Big Apple Herp,big-apple-herp:irian-jaya-blue-tongue-skinks,Merauke Blue Tongue Skinks,149.0,199.95,34.2
2026-06-07T09:17:12.137993+00:00,The Bio Dude,the-bio-dude:infrared-thermometer-laser-temperature-gun,Infrared Thermometer Laser Temperature Gun,39.95,34.95,12.5
2026-06-07T09:17:12.137993+00:00,The Bio Dude,the-bio-dude:exo-terra-monsoon-nano,Exo Terra Monsoon Nano,95.95,104.99,9.4
2026-06-07T09:17:12.137993+00:00,The Bio Dude,the-bio-dude:exo-terra-heat-mat-30-40-gallons-16-watt,Exo Terra Heat Mat 30-40 gallons 16 watt,39.95,44.99,12.6
2026-06-07T09:17:12.137993+00:00,The Bio Dude,the-bio-dude:live-oak-leaf-litter-6-qt,Bio Dude Leaf Litter - Magnolia Leaves,17.95,9.95,44.6
2026-06-07T09:17:12.137993+00:00,The Bio Dude,the-bio-dude:exo-terra-monsoon-multi-ii,Exo Terra Monsoon Multi II,195.95,215.95,10.2
2026-06-07T09:17:12.137993+00:00,The Bio Dude,the-bio-dude:exo-terra-monsoon-solo-ii,Exo Terra Monsoon Solo II,134.99,145.95,8.1
2026-06-07T09:17:12.137993+00:00,The Bio Dude,the-bio-dude:exo-terra-dimming-pulse-proportional-thermostat-300w,Exo Terra Dimming/Pulse Proportional Thermostat 300w,82.95,84.95,2.4
2026-06-07T09:17:12.137993+00:00,The Bio Dude,the-bio-dude:exo-terra-daylight-basking-spot-lamp-25-watt,Exo Terra Daylight Basking Spot Lamp Bulb,13.95,14.99,7.5
2026-06-07T09:17:12.137993+00:00,The Bio Dude,the-bio-dude:exo-terra-combination-terrarium-lock,Exo Terra Combination Terrarium Lock,8.95,9.99,11.6
2026-06-07T09:17:12.137993+00:00,The Bio Dude,the-bio-dude:exo-terra-solar-glo-mercury-vapor-uvb-bulb-80-watt,Exo Terra Solar-Glo Mercury Vapor UVB Bulb,60.99,69.99,14.8
2026-06-07T09:17:12.137993+00:00,The Bio Dude,the-bio-dude:exo-terra-compact-top-mini,Exo Terra Compact Top,43.95,47.99,9.2
2026-06-07T09:17:12.137993+00:00,The Bio Dude,the-bio-dude:exo-terra-moss-vine-small,Exo Terra Moss Vine,12.95,15.99,23.5
2026-06-07T09:17:12.137993+00:00,The Bio Dude,the-bio-dude:exo-terra-jungle-vine-small,Exo Terra Jungle Vine,12.95,13.99,8.0
2026-06-07T09:17:12.137993+00:00,Imperial Reptiles,imperial-reptiles:black-night-x-tangerine-leopard-gecko-female-111424-10,Black Night x Tangerine Leopard Gecko Female,49.99,149.99,200.0
2026-06-07T09:17:12.137993+00:00,Riverbottom Butterflies,riverbottom-butterflies:butterfly-party-house-for-birthdays-or-special-events-copy,Butterfly Party House Shipped To You (Anywhere in the US),595.0,550.0,7.6
2026-06-07T09:17:12.137993+00:00,TC Insects,tc-insects:armadillo-officinalis-red-isopods,Armadillo officinalis &#8220;red&#8221;,34.99,29.99,14.3
2026-06-07T09:17:12.137993+00:00,TC Insects,tc-insects:spherillo-dream-isopods,Spherillo sp. &#8220;Dream&#8221;,84.99,159.99,88.2
2026-06-07T09:17:12.137993+00:00,TC Insects,tc-insects:cubaris-white-panda-isopods,Cubaris sp. “White Panda”,34.99,49.99,42.9
2026-06-07T09:17:12.137993+00:00,TC Insects,tc-insects:porcellio-dilatatus-sunset-isopods,Porcellio Dilatatus Sunset,12.99,16.99,30.8
2026-06-07T09:17:12.137993+00:00,TC Insects,tc-insects:trachelipus-balkan-giant-isopods,Trachelipus sp. &#8216;Balkan Giant&#8217;,39.99,34.99,12.5
2026-06-07T09:17:12.137993+00:00,TC Insects,tc-insects:porcellio-scaber-orins-calico-isopods,Porcellio scaber &#8216;Orin&#8217;s Calico&#8217;,5.99,17.99,200.3
2026-06-07T09:17:12.137993+00:00,TC Insects,tc-insects:tapir-isopods,Cubaris sp.“Tapir”,39.99,29.99,25.0
2026-06-07T09:17:12.137993+00:00,TC Insects,tc-insects:cubaris-sp-orange-freezy,Cubaris sp. &#8216;Orange Freezy&#8217;,29.99,24.99,16.7
2026-06-07T09:17:12.137993+00:00,TC Insects,tc-insects:cute-honey-tigers-isopods-for-sale,Cubaris sp. “Cute Honey Tigers&#8221;,49.99,44.99,10.0
2026-06-07T09:17:12.137993+00:00,TC Insects,tc-insects:amber-firefly-isopods-for-sale,Cubaris sp. &#8216;Amber Firefly&#8217;,79.99,74.99,6.3
2026-06-07T09:17:12.137993+00:00,TC Insects,tc-insects:sandstone-isopods-for-sale,Armadillidium Scaberrimum &#8220;Sandstone&#8221;,19.99,29.99,50.0
2026-06-07T09:17:12.137993+00:00,TC Insects,tc-insects:twisted-clown-isopods-for-sale,Armadillidium klugii &#8216;Twisted Clown&#8217;,69.99,39.99,42.9
2026-06-07T09:17:12.137993+00:00,TC Insects,tc-insects:red-head-isopods-for-sale,Armadillidium flavoscutatum &#8216;Red Head&#8217;,29.99,24.99,16.7
2026-06-07T09:17:12.137993+00:00,TC Insects,tc-insects:armadillo-tuberculatus-isopods-for-sale,Armadillo tuberculatus,44.99,34.99,22.2
2026-06-07T09:17:12.137993+00:00,TC Insects,tc-insects:agabiformius-lentus-isopods-for-sale,Agabiformius lentus,9.99,6.99,30.0
2026-06-07T09:17:12.137993+00:00,TC Insects,tc-insects:cubaris-murina-pearls-isopods,Cubaris murina “Pearls”,49.99,39.99,20.0
2026-06-07T09:17:12.137993+00:00,TC Insects,tc-insects:porcellio-expansus-autumnal-equinox-for-sale,Porcellio expansus &#8220;Autumnal Equinox&#8221;,44.99,39.99,11.1
2026-06-07T09:17:12.137993+00:00,TC Insects,tc-insects:porcellio-nicklesi-rubivan-for-sale,Porcellio nicklesi &#8216;Rubivan&#8217;,9.99,7.99,20.0
2026-06-07T09:17:12.137993+00:00,TC Insects,tc-insects:armadillidium-maculatum-chocolate-zebra-for-sale,Armadillidium maculatum &#8211; Chocolate Zebra,7.0,19.99,185.6
2026-06-07T09:17:12.137993+00:00,TC Insects,tc-insects:armadillidium-klugii-orange-clown-isopods-2,Armadillidium klugii &#8216;Orange Clown&#8217; Isopods,175.0,34.99,80.0
2026-06-07T09:17:12.137993+00:00,TC Insects,tc-insects:oniscus-asellus-mardi-gras,Oniscus Asellus &#8216;Mardi Gras&#8217;,35.0,27.99,20.0
2026-06-07T09:17:12.137993+00:00,TC Insects,tc-insects:nesodillo-archangeli-yeti,Nesodillo Archangeli &#8216;Yeti&#8217;,30.0,27.99,6.7
2026-06-07T09:17:12.137993+00:00,TC Insects,tc-insects:porcellio-bolivari,Porcellio Sp. Bolivari,14.99,59.99,300.2
2026-06-07T09:17:12.137993+00:00,TC Insects,tc-insects:porcellio-haasi-high-yellow,Porcellio Haasi &#8216;High yellow&#8217;,9.99,7.99,20.0
2026-06-07T09:17:12.137993+00:00,TC Insects,tc-insects:cubaris-sp-red-tiger,Cubaris Sp. &#8216;Red Tiger&#8217;,75.0,39.99,46.7
2026-06-07T09:17:12.137993+00:00,TC Insects,tc-insects:cubaris-sp-cappuccino,Cubaris Sp. Cappuccino,199.39,89.99,54.9
2026-06-07T09:17:12.137993+00:00,TC Insects,tc-insects:cubaris-sp-red-edge,Cubaris &#8216;Red Edge&#8217;,20.0,24.99,24.9
2026-06-07T09:17:12.137993+00:00,TC Insects,tc-insects:armadillidium-corcyraeum-isopods,Armadillidium Sp. Corcyraeum,17.5,12.99,25.8
2026-06-07T09:17:12.137993+00:00,TC Insects,tc-insects:sinodillo-vietnam-isopods,Sinodillo Sp. &#8211; &#8216;Vietnam&#8217;,50.0,29.99,40.0
2026-06-07T09:17:12.137993+00:00,TC Insects,tc-insects:porcellio-sp-hoffmanseggii-isopods-copy,Porcellio Hoffmanseggii. &#8211; &#8216;Titan Isopod&#8217;,12.99,24.99,92.4
2026-06-07T09:17:12.137993+00:00,TC Insects,tc-insects:porcellio-scaber-lemonade,Porcellio scaber &#8216;Lemonade&#8217;,5.99,9.99,66.8
2026-06-07T09:17:12.137993+00:00,TC Insects,tc-insects:porcellio-scaber-koi,Porcellio scaber &#8216;Koi&#8217;,14.99,19.99,33.4
2026-06-07T09:17:12.137993+00:00,TC Insects,tc-insects:armadillidium-vulgare-t-albino,Armadillidium vulgare &#8220;T- Albino&#8221;,25.0,19.99,20.0
2026-06-07T09:17:12.137993+00:00,TC Insects,tc-insects:armadillidium-maculatum-yellow-zebra-for-sale,Armadillidium maculatum &#8221; Yellow Zebra&#8221;,49.99,29.99,40.0
2026-06-07T09:17:12.137993+00:00,TC Insects,tc-insects:porcellio-dilatatus-giant-canyon-isopod-for-sale,Porcellio dilatatus &#8220;Giant Canyon Isopod&#8221;,5.99,8.99,50.1
2026-06-07T09:17:12.137993+00:00,TC Insects,tc-insects:porcellio-ornatus-yellow-dot-for-sale,Porcellio ornatus &#8216;Yellow Dot&#8217;,4.99,11.99,140.3
2026-06-07T09:17:12.137993+00:00,TC Insects,tc-insects:porcellio-scaber-orange-dalmation,Porcellio scaber &#8216;Orange Dalmation&#8217;,6.99,9.99,42.9
2026-06-07T09:17:12.137993+00:00,TC Insects,tc-insects:cubaris-sp-pak-chong-for-sale,Cubaris Sp. &#8216;Pak Chong&#8217;,75.0,34.99,53.3
2026-06-10T10:06:12.661030+00:00,Exotics Unlimited,exotics-unlimited:dubia-roaches-mixed-group,Feeder Dubia Roaches Mixed Group,24.19,26.88,11.1
2026-06-10T10:06:12.661030+00:00,Exotics Unlimited,exotics-unlimited:dubia-roaches-large-3-4-1-not-adults-in-a-cup,Feeder Dubia Roaches,25.92,10.08,61.1
2026-06-10T10:06:12.661030+00:00,Exotics Unlimited,exotics-unlimited:small-1-2,Feeder Mealworms,10.37,11.52,11.1
2026-06-10T10:06:12.661030+00:00,Exotics Unlimited,exotics-unlimited:medium-superworms-1-0-1-5,Feeder Superworms,16.42,18.24,11.1
2026-06-10T10:06:12.661030+00:00,Exotics Unlimited,exotics-unlimited:large-square-tarantula-container-24oz,"Square Invertebrate Enclosure for Invertebrates under 2.5"" (All Types) - 4.5"" x 4.5"" x 3"" Cross Ventilated with Feeder Door",10.0,8.0,20.0
2026-06-10T10:06:12.661030+00:00,Exotics Unlimited,exotics-unlimited:tapinauchenius-rasti,Tapinauchenius rasti (Caribbean Diamond Tarantula),45.0,35.0,22.2
2026-06-10T10:06:12.661030+00:00,Exotics Unlimited,exotics-unlimited:xenesthis-sp-white-lowland-tarantula-2-2-5-female,Xenesthis sp 'white lowland' Tarantula FEMALE,750.0,799.0,6.5
2026-06-10T10:06:12.661030+00:00,Exotics Unlimited,exotics-unlimited:devicarina-guidonae-orange-blaze-dwarf-tarantula-super-rare,Devicarina guidonae (Orange Blaze Dwarf Tarantula) *Worlds First Breeding*,399.0,250.0,37.3
2026-06-10T10:06:12.661030+00:00,Exotics Unlimited,exotics-unlimited:anqasha-sp-canto,Anqasha sp. 'Canto' Tarantula *RARE*,150.0,149.0,0.7
2026-06-10T10:06:12.661030+00:00,Ty Dye Exotics,ty-dye-exotics:unisex-t-shirt,Heavy Metal Centipede - Unisex T-Shirt,27.49,18.29,33.5
2026-06-10T10:06:12.661030+00:00,Ty Dye Exotics,ty-dye-exotics:embroidered-beanie,Embroidered Beanie,24.99,19.59,21.6
2026-06-10T10:06:12.661030+00:00,Ty Dye Exotics,ty-dye-exotics:og-ty-dye-chameleon-unisex-t-shirt,OG Ty Dye Chameleon Unisex T-Shirt,25.0,18.49,26.0
2026-06-10T10:06:12.661030+00:00,Ty Dye Exotics,ty-dye-exotics:ty-dye-logo-t-shirt,Ty Dye Logo T-Shirt,32.0,26.49,17.2
2026-06-10T10:06:12.661030+00:00,DubiaRoaches.com,dubiaroaches:hornworm-moth-pupa-sexed-pair-manduca-sexta-auction-35,Hornworm Moth Pupa Sexed Pair (Manduca sexta) Auction,1.0,9.0,800.0
2026-06-10T10:06:12.661030+00:00,DubiaRoaches.com,dubiaroaches:medium-superworm-500ct-auction-17,Medium Superworm 500ct Auction,17.0,12.0,29.4
2026-06-10T10:06:12.661030+00:00,DubiaRoaches.com,dubiaroaches:48x24x12-60-gallon-v2-auction-21,48x24x12 (60 Gallon) V2 Auction,151.0,146.0,3.3
2026-06-10T10:06:12.661030+00:00,DubiaRoaches.com,dubiaroaches:80w-heat-panel-reptile-habitat-auction-27,80w Heat Panel Reptile Habitat Auction,85.13,128.0,50.4
2026-06-10T10:06:12.661030+00:00,DubiaRoaches.com,dubiaroaches:large-hornworm-6ct-case-of-12-auction-35,Large Hornworm 6ct (Case Of 12) Auction,29.23,19.0,35.0
2026-06-10T10:06:12.661030+00:00,DubiaRoaches.com,dubiaroaches:small-dubia-roaches-500ct-auction-3,Small Dubia Roaches 500ct Auction,23.0,27.0,17.4
2026-06-10T10:06:12.661030+00:00,DubiaRoaches.com,dubiaroaches:large-hornworm-12ct-case-of-6-auction-26,Large Hornworm 12ct (Case Of 6) Auction,20.0,17.0,15.0
2026-06-10T10:06:12.661030+00:00,DubiaRoaches.com,dubiaroaches:xs-discoid-roaches-500ct-auction-3,XS Discoid Roaches 500ct Auction,20.0,27.0,35.0
2026-06-10T10:06:12.661030+00:00,DubiaRoaches.com,dubiaroaches:large-mealworm-500ct-auction-2,Large Mealworm 500ct Auction,17.0,11.0,35.3
2026-06-10T10:06:12.661030+00:00,DubiaRoaches.com,dubiaroaches:36x18x18-v3-50-gallon-auction-21,36x18x18 V3 (50 Gallon) Auction,162.0,180.0,11.1
2026-06-10T10:06:12.661030+00:00,DubiaRoaches.com,dubiaroaches:dubia-roaches-medium-500ct-auction-30,Dubia Roaches Medium 500ct Auction,43.0,36.0,16.3
2026-06-10T10:06:12.661030+00:00,Exotics Source,exotics-source:regal-jumping-spider-sterling,Regal Jumping Spider “Sterling”,95.0,75.0,21.1
2026-06-10T10:06:12.661030+00:00,Exotics Source,exotics-source:regal-jumping-spider-gooseberry,Regal Jumping Spider “Gooseberry”,75.0,95.0,26.7
2026-06-10T10:06:12.661030+00:00,Exotics Source,exotics-source:regal-jumping-spider-raspberry,"Regal Jumping Spider ""Raspberry""",75.0,95.0,26.7
2026-06-10T10:06:12.661030+00:00,Exotics Source,exotics-source:regal-jumping-spider-candy-corn,"Regal Jumping Spider ""Candy Corn""",95.0,75.0,21.1
2026-06-10T10:06:12.661030+00:00,Exotics Source,exotics-source:regal-jumping-spider-marzipan,"Regal Jumping Spider ""Marzipan""",95.0,75.0,21.1
2026-06-10T10:06:12.661030+00:00,Exotics Source,exotics-source:regal-jumping-spider-celaena,"Regal Jumping Spider ""Celaena""",95.0,75.0,21.1
2026-06-10T10:06:12.661030+00:00,Exotics Source,exotics-source:regal-jumping-spider-moody,"Regal Jumping Spider ""Moody""",95.0,75.0,21.1
2026-06-10T10:06:12.661030+00:00,Exotics Source,exotics-source:regal-jumping-spider-manzana,"Regal Jumping Spider ""Manzana""",95.0,75.0,21.1
2026-06-10T10:06:12.661030+00:00,Exotics Source,exotics-source:regal-jumping-spider-firecracker-for-sale,"Regal Jumping Spider ""Firecracker""",65.0,95.0,46.2
2026-06-10T10:06:12.661030+00:00,Exotics Source,exotics-source:regal-jumping-spider-sprinkle,"Regal Jumping Spider ""Sprinkle""",75.0,95.0,26.7
2026-06-10T10:06:12.661030+00:00,Exotics Source,exotics-source:regal-jumping-spider-nugget,"Regal Jumping Spider ""Nugget""",65.0,75.0,15.4
2026-06-10T10:06:12.661030+00:00,Exotics Source,exotics-source:regal-jumping-spider-chocolate,"Regal Jumping Spider ""Chocolate""",65.0,75.0,15.4
2026-06-10T10:06:12.661030+00:00,Exotics Source,exotics-source:regal-jumping-spider-pretzel,"Regal Jumping Spider ""Pretzel""",65.0,75.0,15.4
2026-06-10T10:06:12.661030+00:00,Exotics Source,exotics-source:regal-jumping-spider-dragon-fruit,"Regal Jumping Spider ""Dragon Fruit""",75.0,95.0,26.7
2026-06-10T10:06:12.661030+00:00,Exotics Source,exotics-source:regal-jumping-spider-baguette,"Regal Jumping Spider ""Baguette""",75.0,95.0,26.7
2026-06-10T10:06:12.661030+00:00,Exotics Source,exotics-source:regal-jumping-spider-candy,"Regal Jumping Spider ""Candy""",75.0,95.0,26.7
2026-06-10T10:06:12.661030+00:00,Exotics Source,exotics-source:regal-jumping-spider-teddy,"Regal Jumping Spider ""Teddy""",75.0,95.0,26.7
2026-06-10T10:06:12.661030+00:00,Exotics Source,exotics-source:regal-jumping-spider-paradise,"Regal Jumping Spider ""Paradise""",75.0,95.0,26.7
2026-06-10T10:06:12.661030+00:00,Spider Shoppe,spider-shoppe:rhacodactylus-auriculatus-gargoyle-gecko-red-super-stripe,Rhacodactylus auriculatus (Gargoyle Gecko) Red Stripe,138.0,128.0,7.2
2026-06-10T10:06:12.661030+00:00,Spider Shoppe,spider-shoppe:rhacodactylus-auriculatus-gargoyle-gecko-red-stripe,Rhacodactylus auriculatus (Gargoyle Gecko) Red Super Stripe,148.0,138.0,6.8
2026-06-10T10:06:12.661030+00:00,Spider Shoppe,spider-shoppe:rhacodactylus-auriculatus-gargoyl-gecko-red-super-stripe,Rhacodactylus auriculatus (Gargoyle Gecko) Red Super Stripe,178.0,148.0,16.9
2026-06-10T10:06:12.661030+00:00,Spider Shoppe,spider-shoppe:chahoua-gecko-mniarogekko-chahoua-pine-island-proven-pair,Chahoua gecko (Mniarogekko chahoua) Pine Island Proven Pair,698.0,548.0,21.5
2026-06-10T10:06:12.661030+00:00,Spider Shoppe,spider-shoppe:spinosatibiapalpus-paula-atlantico-stripe-knee-3-male-female,Spinosatibiapalpus paula (Atlantico Stripe Knee),198.0,168.0,15.2
2026-06-10T10:06:12.661030+00:00,Buddha Bugs,buddha-bugs:cyriopagopus-albostriatus-purple-zebra-thai-zebra-earth-tiger-tarantula-for-sale,"Melopoeus albostriatus 'purple zebra', formerly Cyriopagopus sp. 'purple zebra' (Thai zebra earth tiger tarantula) 0.5""",65.0,75.0,15.4
2026-06-10T10:06:12.661030+00:00,Buddha Bugs,buddha-bugs:avicularia-purpurea-purple-pink-toe-tarantula-for-sale,"Avicularia purpurea (purple pink-toed tarantula) 0.66""",75.0,65.0,13.3
2026-06-10T10:06:12.661030+00:00,Gallegos Zoological,gallegos-zoological:varanus-salvator-asian-water-monitor,Varanus salvator (Asian Water Monitor),299.0,399.0,33.4
2026-06-10T10:06:12.661030+00:00,American Reptile Distributors,american-reptile-distributors:frog-eyed-gecko-adults-teratoscincus-scincus,Frog Eyed Gecko Adults (Teratoscincus scincus),79.99,59.99,25.0
2026-06-10T10:06:12.661030+00:00,Big Apple Herp,big-apple-herp:true-dwarf-caimans-for-sale,Dwarf Caimans,389.95,429.0,10.0
2026-06-10T10:06:12.661030+00:00,Big Apple Herp,big-apple-herp:brazilian-rainbow-boas-1,Brazilian Rainbow Boas,359.95,329.0,8.6
2026-06-10T10:06:12.661030+00:00,David's Beetles,davids-beetles:shipping-upgrade,Shipping upgrade,29.99,16.0,46.6
2026-06-10T10:06:12.661030+00:00,The Bio Dude,the-bio-dude:redichip-premium-medium-sized-coconut-chips-ready-to-use,RediChip Premium Medium Sized Coconut Chips; Ready to Use,14.95,19.95,33.4
2026-06-10T10:06:12.661030+00:00,The Bio Dude,the-bio-dude:babichip-premium-small-sized-coconut-chips-ready-to-use,BabiChip Premium Small Sized Coconut Chips; Ready to Use,16.95,21.95,29.5
2026-06-10T10:06:12.661030+00:00,The Bio Dude,the-bio-dude:reptichip-coarse-coconut-chip-mix-ready-to-use,ReptiChip Coarse Coconut Chip Mix; Ready to Use,14.95,19.95,33.4
2026-06-10T10:06:12.661030+00:00,The Bio Dude,the-bio-dude:microchip-fine-coconut-chip-mix-ready-to-use,MicroChip Fine Coconut Chip Mix; Ready to Use,16.95,21.95,29.5
2026-06-10T10:06:12.661030+00:00,The Bio Dude,the-bio-dude:skunk-lined-gecko-captive-bred,Skunk Gecko / White Lined Gecko - Captive Bred,74.95,49.95,33.4
2026-06-10T10:06:12.661030+00:00,The Bio Dude,the-bio-dude:central-american-banded-gecko-baby,Central American Banded Gecko - Baby,79.95,49.95,37.5
2026-06-10T10:06:12.661030+00:00,The Bio Dude,the-bio-dude:zoo-med-basking-spot-lamp-50-w-2-pack,Zoo Med Basking Spot Bulb 2 BULB VALUE PACK!,17.95,19.95,11.1
2026-06-10T10:06:12.661030+00:00,Heart Leaf Tropicals,heart-leaf-tropicals:deroplatys-gorochovi,Deroplatys gorochovi - i3/i4,20.0,45.0,125.0
2026-06-10T10:06:12.661030+00:00,Imperial Reptiles,imperial-reptiles:banana-lemonblast-ball-python,Banana Lemonblast Ball Python,199.99,189.99,5.0
2026-06-10T10:06:12.661030+00:00,Imperial Reptiles,imperial-reptiles:banana-pinstripe-ball-python-baby,Banana Pinstripe Ball Python,189.99,149.99,21.1
2026-06-10T10:06:12.661030+00:00,Grow Organic,grow-organic:organic-fronteras-strawberry-plants,Organic Fronteras Strawberry Plants,39.99,44.99,12.5
2026-06-10T10:06:12.661030+00:00,Grow Organic,grow-organic:organic-chandler-strawberry-plants,Organic Chandler Strawberry Plants,39.99,44.99,12.5
2026-06-10T10:06:12.661030+00:00,Grow Organic,grow-organic:organic-albion-strawberry-plants,Organic Albion Strawberry Plants,39.99,44.99,12.5
2026-06-10T10:06:12.661030+00:00,Grow Organic,grow-organic:organic-seascape-strawberry-plants,Organic Seascape Strawberry Plants,39.99,44.99,12.5
2026-06-10T10:06:12.661030+00:00,Grow Organic,grow-organic:organic-san-andreas-strawberry-plants,Organic San Andreas Strawberry Plants,39.99,44.99,12.5
2026-06-14T09:38:33.453443+00:00,The Defiant Forest,the-defiant-forest:giant-indo-red-leg-millipede-undescribed-sp,"Giant Red Leg Tree Millipede, Balustreptus falcatus -Captive Bred Babies Available Winter 2026",79.0,85.0,7.6
2026-06-14T09:38:33.453443+00:00,Exotics Unlimited,exotics-unlimited:brachypelma-hamorii-mexican-red-knee-tarantula-male-female,Brachypelma hamorii (Mexican Red Knee Tarantula) MALE,150.0,135.0,10.0
2026-06-14T09:38:33.453443+00:00,Exotics Unlimited,exotics-unlimited:brachypelma-hamorii-mexican-red-knee-tarantula-female,Brachypelma hamorii (Mexican Red Knee Tarantula) FEMALE,199.0,249.0,25.1
2026-06-14T09:38:33.453443+00:00,Ty Dye Exotics,ty-dye-exotics:scolopendra-sp-malaysian-jewel-centipede,Scolopendra sp. 'Malaysian Jewel' – Malaysian Jewel Centipede | Tri-Color Giant Centipede | Live Arrival Guarantee,249.99,224.99,10.0
2026-06-14T09:38:33.453443+00:00,Ty Dye Exotics,ty-dye-exotics:acanthophrynus-coronatus-baja-whipscorpion,"Acanthophrynus coronatus – Baja Whipscorpion | Massive 14–16"" Whipspan | Live Arrival Guarantee",199.99,175.0,12.5
2026-06-14T09:38:33.453443+00:00,Ty Dye Exotics,ty-dye-exotics:xenesthis-sp-light-light-beauty-birdeater-tarantula-pastel-colombian-giant-live-arrival-guarantee,Xenesthis sp Light – Light Beauty Birdeater Tarantula | Pastel Colombian Giant | Live Arrival Guarantee,379.0,329.0,13.2
2026-06-14T09:38:33.453443+00:00,Ty Dye Exotics,ty-dye-exotics:caribena-versicolor-antilles-pinktoe-tarantula-stunning-color-transformation-live-arrival-guarantee,Caribena versicolor – Antilles Pinktoe Tarantula | Stunning Color Transformation | Live Arrival Guarantee,64.99,54.99,15.4
2026-06-14T09:38:33.453443+00:00,Ty Dye Exotics,ty-dye-exotics:scolopendra-cf-viridicornis-brown-nordeste-do-brazil-amazon-tricolor-centipede-incredibly-rare-giant-south-american-species-live-arrival-guarantee,Scolopendra cf. viridicornis ‘Brown – Nordeste do Brazil’ – Amazon Tricolor Centipede | Incredibly Rare Giant South American Species | Live Arrival Guarantee,1349.0,1179.0,12.6
2026-06-14T09:38:33.453443+00:00,Ty Dye Exotics,ty-dye-exotics:scolopendra-galapagoensis-dark-dcf-darwin-s-goliath-centipede-rare-dark-color-form-giant-live-arrival-guarantee,Scolopendra galapagoensis ‘Tricolor Robusta Dark’ – Darwin’s Goliath Centipede | Rare Dark Color Form Giant | Live Arrival Guarantee,1349.0,1179.0,12.6
2026-06-14T09:38:33.453443+00:00,Ty Dye Exotics,ty-dye-exotics:scolopendra-sp-white-legs-white-leg-centipede-striking-south-american-giant-live-arrival-guarantee,Scolopendra sp. White Legs – White Leg Centipede | Striking South American Giant | Live Arrival Guarantee,1925.0,1179.0,38.8
2026-06-14T09:38:33.453443+00:00,Ty Dye Exotics,ty-dye-exotics:pamphobeteus-sp-arana-pollito-chicken-spider-massive-new-world-birdeater-live-arrival-guarantee,Pamphobeteus sp. 'Araña Pollito' – Chicken Spider | Massive New World Birdeater | Live Arrival Guarantee,735.0,499.0,32.1
2026-06-14T09:38:33.453443+00:00,Ty Dye Exotics,ty-dye-exotics:xenesthis-sp-white-colombian-lesser-white-tarantula-black-pink-giant-live-arrival-guarantee,Xenesthis sp White – Colombian Lesser White Tarantula | Black & Pink Giant | Live Arrival Guarantee,399.0,359.0,10.0
2026-06-14T09:38:33.453443+00:00,DubiaRoaches.com,dubiaroaches:18x18x24-33-gallon-arboreal-reptile-enclosure-v3-auction,18x18x24 (33 Gallon) Arboreal Reptile Enclosure V3 Auction,1.0,150.0,14900.0
2026-06-14T09:38:33.453443+00:00,DubiaRoaches.com,dubiaroaches:hornworm-moth-pupa-sexed-pair-manduca-sexta-auction-37,Hornworm Moth Pupa Sexed Pair (Manduca sexta) Auction,9.0,2.0,77.8
2026-06-14T09:38:33.453443+00:00,DubiaRoaches.com,dubiaroaches:x-small-dubia-roaches-500ct-auction-11,X-Small Dubia Roaches 500ct Auction,20.0,21.0,5.0
2026-06-14T09:38:33.453443+00:00,DubiaRoaches.com,dubiaroaches:large-hornworm-12ct-case-of-6-auction-27,Large Hornworm 12ct (Case Of 6) Auction,17.0,40.0,135.3
2026-06-14T09:38:33.453443+00:00,DubiaRoaches.com,dubiaroaches:80w-heat-panel-reptile-habitat-auction-28,80w Heat Panel Reptile Habitat Auction,128.0,52.0,59.4
2026-06-14T09:38:33.453443+00:00,Bee Built,bee-built:mason-bee-revolution,Mason Bee Revolution,14.21,25.0,75.9
2026-06-14T09:38:33.453443+00:00,Fear Not Tarantulas,fear-not-tarantulas:tliltocatl-albopilosus-curlyhair-tarantula,"Tliltocatl albopilosus (Curly Hair Tarantula) About 1/3"" - 1/2""",45.0,29.0,35.6
2026-06-14T09:38:33.453443+00:00,Exotics Source,exotics-source:regal-jumping-spider-ivy,Regal Jumping Spider “Ivy”,75.0,95.0,26.7
2026-06-14T09:38:33.453443+00:00,Exotics Source,exotics-source:regal-jumping-spider-punkin,"Regal Jumping Spider ""Punkin""",75.0,95.0,26.7
2026-06-14T09:38:33.453443+00:00,Exotics Source,exotics-source:regal-jumping-spider-violet,"Regal Jumping Spider ""Violet""",75.0,95.0,26.7
2026-06-14T09:38:33.453443+00:00,Exotics Source,exotics-source:regal-jumping-spider-champagne-for-sale,"Regal Jumping Spider ""Champagne""",75.0,95.0,26.7
2026-06-14T09:38:33.453443+00:00,Exotics Source,exotics-source:regal-jumping-spider-cello,"Regal Jumping Spider ""Cello""",95.0,75.0,21.1
2026-06-14T09:38:33.453443+00:00,Exotics Source,exotics-source:regal-jumping-spider-frostberry,"Regal Jumping Spider ""Frostberry""",75.0,95.0,26.7
2026-06-14T09:38:33.453443+00:00,Exotics Source,exotics-source:regal-jumping-spider-cookie,"Regal Jumping Spider ""Cookie""",75.0,95.0,26.7
2026-06-14T09:38:33.453443+00:00,Spider Shoppe,spider-shoppe:exo-terra-reptile-cave,Exo Terra Reptile Cave,8.49,10.0,17.8
2026-06-14T09:38:33.453443+00:00,US Invertebrate LLC,us-invertebrate:psytalla-horrida-king,Psytalla horrida king,18.0,15.0,16.7
2026-06-14T09:38:33.453443+00:00,Buddha Bugs,buddha-bugs:chilobrachys-fimbriatus-indian-violet-tarantula-for-sale,"Chilobrachys fimbriatus (Indian violet tarantula) 0.75""",35.0,20.0,42.9
2026-06-14T09:38:33.453443+00:00,Gallegos Zoological,gallegos-zoological:varanus-salvator-asian-water-monitor,Varanus salvator (Asian Water Monitor),399.0,349.0,12.5
2026-06-14T09:38:33.453443+00:00,David's Beetles,davids-beetles:adults-japanese-rhino-beetle-trypoxylus-dichotoma,ADULTS: Japanese Rhino Beetle (Trypoxylus dichotoma),79.99,69.99,12.5
2026-06-14T09:38:33.453443+00:00,David's Beetles,davids-beetles:shipping-upgrade,Shipping upgrade,16.0,19.99,24.9
2026-06-14T09:38:33.453443+00:00,David's Beetles,davids-beetles:blue-death-feigning-beetle,Blue death feigning beetle,12.0,14.99,24.9
2026-06-14T09:38:33.453443+00:00,The Bio Dude,the-bio-dude:cuban-false-chameleon,Cuban False Chameleon - CB,124.95,99.95,20.0
2026-06-14T09:38:33.453443+00:00,The Bio Dude,the-bio-dude:xenesthis-sp-light-light-beauty-birdeater-tarantula-pastel-colombian-giant-live-arrival-guarantee,Xenesthis sp Light – Light Beauty Birdeater Tarantula | Pastel Colombian Giant | TDE,379.0,329.0,13.2
2026-06-14T09:38:33.453443+00:00,The Bio Dude,the-bio-dude:dendrobates-tinctorius-azureus,Dendrobates tinctorius ‘Azureus’ froglet,44.95,54.95,22.2
2026-06-14T09:38:33.453443+00:00,Imperial Reptiles,imperial-reptiles:nu-ami-leachianus-gecko-112524-04,High Color Nuu Ana Leachianus Gecko Baby,499.99,399.99,20.0
2026-06-14T09:38:33.453443+00:00,Imperial Reptiles,imperial-reptiles:super-banana-ball-python-baby,Super Banana Ball Python,199.99,189.99,5.0
2026-06-14T09:38:33.453443+00:00,Imperial Reptiles,imperial-reptiles:porcellio-saber-lottery-mix-isopods-10-ct,"Porcellio scaber ""Lottery Mix"" Isopods (10 ct.)",24.99,14.99,40.0
2026-06-14T09:38:33.453443+00:00,Grow Organic,grow-organic:multi-grafted-disease-resistant-pear-standard-no-1-size,"Disease Resistant Pears, 4 on 1 Multi Grafted Fruit Tree",89.99,44.99,50.0
2026-06-14T09:38:33.453443+00:00,Grow Organic,grow-organic:flavor-supreme-plumcot-tree,Flavor Supreme Pluot Tree,48.99,39.99,18.4
2026-06-14T09:38:33.453443+00:00,Grow Organic,grow-organic:dapple-dandy-plumcot-tree,Dapple Dandy Pluot Tree,64.99,39.99,38.5
2026-06-14T09:38:33.453443+00:00,Grow Organic,grow-organic:royal-blenheim-apricot-tree,Royal Blenheim Apricot Tree,58.99,39.99,32.2
2026-06-14T09:38:33.453443+00:00,Grow Organic,grow-organic:bing-cherry-tree,Bing Cherry Tree,55.99,39.99,28.6
2026-06-14T09:38:33.453443+00:00,Grow Organic,grow-organic:golden-dorsett-apple-tree,Golden Dorsett Apple Tree,55.99,39.99,28.6
2026-06-14T09:38:33.453443+00:00,Grow Organic,grow-organic:table-grape-vine-reliance-seedless,Reliance Seedless Table Grape Vine,29.99,20.99,30.0
2026-06-14T09:38:33.453443+00:00,Grow Organic,grow-organic:n-a-olive-koroneiki-std-tree,Koroneiki Olive Tree,44.99,20.99,53.3
2026-06-14T09:38:33.453443+00:00,Grow Organic,grow-organic:olive-arbosana-std-tr,Arbosana Olive Tree,44.99,39.99,11.1
2026-06-14T09:38:33.453443+00:00,Grow Organic,grow-organic:goji-berry-potted,Potted Goji Berry - Phoenix Tears,39.99,20.99,47.5
2026-06-14T09:38:33.453443+00:00,Grow Organic,grow-organic:grape-wine-shiraz-syrah-each,Shiraz (Syrah) Wine Grape Vine,29.99,20.99,30.0
2026-06-14T09:38:33.453443+00:00,Grow Organic,grow-organic:grape-wine-merlot-each,Merlot Wine Grape Vine,29.99,20.99,30.0
2026-06-14T09:38:33.453443+00:00,Grow Organic,grow-organic:grape-wine-chardonnay-each,Chardonnay Wine Grape Vine,29.99,20.99,30.0
2026-06-14T09:38:33.453443+00:00,Grow Organic,grow-organic:manzanilla-olive-tree-potted,Manzanilla Olive Tree,44.99,20.99,53.3
2026-06-14T09:38:33.453443+00:00,Grow Organic,grow-organic:pomegranate-parfianka,Potted Pomegranate Tree - Parfianka,39.99,20.99,47.5
2026-06-14T09:38:33.453443+00:00,Grow Organic,grow-organic:grape-wine-pinot-noir-each,Pinot Noir Wine Grape Vine,29.99,20.99,30.0
2026-06-14T09:38:33.453443+00:00,Grow Organic,grow-organic:web-master-item-black-satin-thornless-blackberry,Black Satin Thornless Blackberry,34.99,20.99,40.0
2026-06-14T09:38:33.453443+00:00,Tar Heel Ants,tar-heel-ants:pogonomyrmex-badius-bundle-5-10-workers-queenfallen-fortress-bundle,"Pogonomyrmex badius Bundle (20+ workers, Queen)(Fallen Fortress Bundle)",164.99,154.99,6.1
2026-06-14T09:38:33.453443+00:00,JMZ Butterfly Farm,jmz-butterfly-farm:moth-discovery-kit-live-cocoons-educational-care-guide,Moth Discovery Kit – Live Cocoons & Educational Care Guide,70.0,100.0,42.9
2026-06-17T11:02:00.925633+00:00,USMANTIS,usmantis:phyllocrania-paradoxa-ghost-mantis,P paradoxa Ghost mantis All colors SALE,24.5,26.5,8.2
2026-06-17T11:02:00.925633+00:00,The Defiant Forest,the-defiant-forest:giant-indo-red-leg-millipede-undescribed-sp,"Giant Red Leg Tree Millipede, Balustreptus falcatus -Captive Bred Babies Available Winter 2026",85.0,79.0,7.1
2026-06-17T11:02:00.925633+00:00,The Defiant Forest,the-defiant-forest:chaco-golden-knee-tarantulas,"Chaco Golden Knee Tarantula, Grammostola pulchripes - Beginner Terrestrial Species",39.0,29.0,25.6
2026-06-17T11:02:00.925633+00:00,The Defiant Forest,the-defiant-forest:zebra-isopod-armadillidium-maculatum,"Zebra Isopod, Armadillidium maculatum",27.5,24.0,12.7
2026-06-17T11:02:00.925633+00:00,The Defiant Forest,the-defiant-forest:vivarium-naturals-brand-dried-hardwood-black-oak-leaves,Dried & Aged Hardwood Leaves,10.89,9.89,9.2
2026-06-17T11:02:00.925633+00:00,Ty Dye Exotics,ty-dye-exotics:biovive-soil-revitalizer-50-grams,BioVive Soil Revitalizer 50 grams,9.95,11.95,20.1
2026-06-17T11:02:00.925633+00:00,Ty Dye Exotics,ty-dye-exotics:bioshot,BioShot,5.95,6.95,16.8
2026-06-17T11:02:00.925633+00:00,Ty Dye Exotics,ty-dye-exotics:the-bio-dude-compressed-sphagnum-moss-brick-150-grams,The Bio Dude Compressed Sphagnum Moss Brick 150 Grams,14.95,20.95,40.1
2026-06-17T11:02:00.925633+00:00,Ty Dye Exotics,ty-dye-exotics:theraphosa-stirmi-burgundy-goliath-birdeater-massive-new-world-species-live-arrival-guarantee,Theraphosa stirmi – Burgundy Goliath Birdeater | Massive New World Species | Live Arrival Guarantee,127.99,89.99,29.7
2026-06-17T11:02:00.925633+00:00,DubiaRoaches.com,dubiaroaches:large-superworm-250ct-auction-24,Large Superworm 250ct Auction,8.0,31.0,287.5
2026-06-17T11:02:00.925633+00:00,DubiaRoaches.com,dubiaroaches:large-hornworm-6ct-case-of-12-auction-40,Large Hornworm 6ct (Case Of 12) Auction,5.0,20.0,300.0
2026-06-17T11:02:00.925633+00:00,DubiaRoaches.com,dubiaroaches:xl-dubia-roaches-250ct-auction-28,XL Dubia Roaches 250ct Auction,13.0,34.0,161.5
2026-06-17T11:02:00.925633+00:00,DubiaRoaches.com,dubiaroaches:xl-dubia-roaches-250ct-auction-27,XL Dubia Roaches 250ct Auction,13.0,44.0,238.5
2026-06-17T11:02:00.925633+00:00,DubiaRoaches.com,dubiaroaches:220w-heat-panel-reptile-habitat-auction-22,220w Heat Panel Reptile Habitat Auction,72.0,110.0,52.8
2026-06-17T11:02:00.925633+00:00,DubiaRoaches.com,dubiaroaches:80w-heat-panel-reptile-habitat-auction-29,80w Heat Panel Reptile Habitat Auction,52.0,55.0,5.8
2026-06-17T11:02:00.925633+00:00,DubiaRoaches.com,dubiaroaches:48x24x12-60-gallon-v2-auction-25,48x24x12 (60 Gallon) V2 Auction,190.0,150.0,21.1
2026-06-17T11:02:00.925633+00:00,DubiaRoaches.com,dubiaroaches:48x24x12-60-gallon-v2-auction-24,48x24x12 (60 Gallon) V2 Auction,190.0,180.0,5.3
2026-06-17T11:02:00.925633+00:00,DubiaRoaches.com,dubiaroaches:large-mealworm-500ct-auction-6,Large Mealworm 500ct Auction,11.0,8.0,27.3
2026-06-17T11:02:00.925633+00:00,DubiaRoaches.com,dubiaroaches:large-mealworm-500ct-auction-5,Large Mealworm 500ct Auction,11.0,7.0,36.4
2026-06-17T11:02:00.925633+00:00,US Invertebrate LLC,us-invertebrate:iso-pods,Iso-PODS,5.0,6.0,20.0
2026-06-17T11:02:00.925633+00:00,Buddha Bugs,buddha-bugs:scolopendra-galapagoensis-orange-darwins-goliath-centipede-for-sale,"Scolopendra galapagoensis 'orange' (Darwin's goliath centipede) 2.5""",285.0,265.0,7.0
2026-06-17T11:02:00.925633+00:00,Buddha Bugs,buddha-bugs:stromatopelma-calceatum-feather-leg-baboon-tarantula-for-sale,"Stromatopelma calceatum (feather leg baboon tarantula) 0.5""",25.0,15.0,40.0
2026-06-17T11:02:00.925633+00:00,Buddha Bugs,buddha-bugs:davus-sp-panama-lava-spider-for-sale,"Davus sp. 'Panama' (Panama pink tarantula / lava spider) 0.33""",125.0,150.0,20.0
2026-06-17T11:02:00.925633+00:00,American Reptile Distributors,american-reptile-distributors:blizzard-snow-chinese-bullfrogs-hoplobatrachus-rugulosus,Blizzard Snow Chinese Bullfrogs (Hoplobatrachus rugulosus),89.99,59.99,33.3
2026-06-17T11:02:00.925633+00:00,American Reptile Distributors,american-reptile-distributors:guadalupe-spiny-softshell-turtle-baby-apalone-spinifera-guadalupensis,Guadalupe Spiny Softshell Turtle Baby (Apalone spinifera guadalupensis),29.99,49.99,66.7
2026-06-17T11:02:00.925633+00:00,Big Apple Herp,big-apple-herp:hypo-zero-bearded-dragon,Hypo Zero Bearded Dragons,299.95,329.95,10.0
2026-06-17T11:02:00.925633+00:00,Big Apple Herp,big-apple-herp:super-red-bearded-dragon-stock-bdf1,Super Red Bearded Dragons,124.95,164.95,32.0
2026-06-17T11:02:00.925633+00:00,Big Apple Herp,big-apple-herp:super-red-translucent-leather-bearded-dragons,Red Translucent Bearded Dragons,269.95,239.95,11.1
2026-06-17T11:02:00.925633+00:00,Big Apple Herp,big-apple-herp:albino-iguanas,Albino Iguanas,239.95,299.95,25.0
2026-06-17T11:02:00.925633+00:00,Coast2Coast Beetles,coast2coast-beetles:propomacrus-bimucronatus-turkey-long-arm-beetle,Propomacrus bimucronatus (Turkey Long Arm Beetle),10.0,19.99,99.9
2026-06-17T11:02:00.925633+00:00,Coast2Coast Beetles,coast2coast-beetles:clay-pupation-mix-goliathus-etc,"Clay Pupation Mix (goliathus, chalcosoma, mtu, lucanus, etc)",6.5,10.0,53.8
2026-06-17T11:02:00.925633+00:00,The Bio Dude,the-bio-dude:the-bio-dude-compressed-sphagnum-moss-brick-150-grams,The Bio Dude Compressed Sphagnum Moss Brick 150 Grams,14.95,20.95,40.1
2026-06-17T11:02:00.925633+00:00,The Bio Dude,the-bio-dude:forest-floor-nut-pod-decor-pack,FOREST FLOOR NUT POD DECOR PACK,8.95,9.95,11.2
2026-06-17T11:02:00.925633+00:00,The Bio Dude,the-bio-dude:live-oak-leaf-litter-6-qt,Bio Dude Leaf Litter - Magnolia Leaves,9.95,15.95,60.3
2026-06-17T11:02:00.925633+00:00,The Bio Dude,the-bio-dude:bio-dude-x-kages-solar-ceramic-heat-bracket-1,Bio Dude X Kages Solar Ceramic Heat Bracket,19.95,24.95,25.1
2026-06-17T11:02:00.925633+00:00,The Bio Dude,the-bio-dude:bio-dude-solar-grow-led-36-copy,"Bio Dude Solar Lamp Fixture 12""",32.95,34.95,6.1
2026-06-17T11:02:00.925633+00:00,The Bio Dude,the-bio-dude:bio-dude-solar-grow-led-36,"Bio Dude Solar Grow LED 36""",49.95,54.95,10.0
2026-06-17T11:02:00.925633+00:00,The Bio Dude,the-bio-dude:marbled-newt-triturus-marmoratus-bio-active-kit,Marbled Newt (Triturus marmoratus) Bioactive Vivarium Kit,149.95,159.95,6.7
2026-06-17T11:02:00.925633+00:00,The Bio Dude,the-bio-dude:terra-firma-bioactive-kit-55-gallon-1,Terra Firma Bioactive Kit 55 gallon,149.95,159.95,6.7
2026-06-17T11:02:00.925633+00:00,The Bio Dude,the-bio-dude:terra-sahara-bioactive-kit-18-x-18-x-18-24,Terra Sahara Bioactive Kit 18 x 18 x 18/24,79.95,82.95,3.8
2026-06-17T11:02:00.925633+00:00,The Bio Dude,the-bio-dude:terra-sahara-bioactive-kit-55-gallon,Terra Sahara Bioactive Kit 55 gallon,149.95,159.95,6.7
2026-06-17T11:02:00.925633+00:00,The Bio Dude,the-bio-dude:terra-sahara-bioactive-kit-20-long,Terra Sahara Bioactive Kit 20 long,79.95,82.95,3.8
2026-06-17T11:02:00.925633+00:00,The Bio Dude,the-bio-dude:terra-isopoda-arthropod-and-crustacean-substrate-6-quarts,Terra Isopoda Bioactive Isopod Substrate 6 quarts,19.95,24.95,25.1
2026-06-17T11:02:00.925633+00:00,The Bio Dude,the-bio-dude:tiger-salamander-ambystoma-tigrinum-bioactive-kit,Tiger Salamander (Ambystoma tigrinum) Bioactive Vivarium Kit,149.95,144.95,3.3
2026-06-17T11:02:00.925633+00:00,The Bio Dude,the-bio-dude:red-eyed-tree-frog-complete-care-kit,Red-eyed Tree Frog (Agalychnis callidryas) Bioactive Vivarium Kit,169.95,164.95,2.9
2026-06-17T11:02:00.925633+00:00,The Bio Dude,the-bio-dude:tomato-frog-habitat-care-kit,Tomato Frog (Dyscophus species) Bioactive Vivarium Kit,136.95,149.95,9.5
2026-06-17T11:02:00.925633+00:00,The Bio Dude,the-bio-dude:corn-snake-bioactive-kit,Corn Snake (Pantherophis guttatus) Bioactive Vivarium Kit,119.95,144.95,20.8
2026-06-17T11:02:00.925633+00:00,The Bio Dude,the-bio-dude:white-tree-frog-vivarium-care-kit,White's Tree Frog (Litoria caerulea) Bioactive Vivarium Kit,194.95,189.95,2.6
2026-06-17T11:02:00.925633+00:00,The Bio Dude,the-bio-dude:dart-frog-complete-terrarium-kit,Poison Dart Frog Bioactive Vivarium Kit,134.95,164.95,22.2
2026-06-17T11:02:00.925633+00:00,The Bio Dude,the-bio-dude:terra-aranea-bioactive-kit-55-gallon,Terra Aranea Bioactive Kit 55 gallon,139.95,144.95,3.6
2026-06-17T11:02:00.925633+00:00,The Bio Dude,the-bio-dude:terra-fauna-bioactive-kit-20-gallon,Terra Fauna Bioactive Kit  20 gallon high,83.95,84.95,1.2
2026-06-17T11:02:00.925633+00:00,The Bio Dude,the-bio-dude:desert-rain-frog-breviceps-macrops-bioactive-habitat-terrarium-kit,Desert Rain Frog (Breviceps macrops) Bioactive Vivarium Kit,129.95,149.95,15.4
2026-06-17T11:02:00.925633+00:00,The Bio Dude,the-bio-dude:terra-fauna-bioactive-substrate-18-qt-bag,Terra Fauna Bioactive Substrate 18 qt bag,34.95,39.95,14.3
2026-06-17T11:02:00.925633+00:00,The Bio Dude,the-bio-dude:terra-flora-bioactive-substrate-18-qt-bag,Terra Flora Bioactive Substrate 18 qt bag,34.95,39.95,14.3
2026-06-17T11:02:00.925633+00:00,The Bio Dude,the-bio-dude:terra-aranea-substrate-for-tarantulas-18-quarts,Terra Aranea Substrate for Tarantulas 18 qt bag,34.95,39.95,14.3
2026-06-17T11:02:00.925633+00:00,The Bio Dude,the-bio-dude:terra-firma-18-qt-bag,Terra Firma Bioactive Substrate 18 qt bag,34.95,39.95,14.3
2026-06-17T11:02:00.925633+00:00,The Bio Dude,the-bio-dude:terra-sahara-bioactive-substrate-18-quarts,Terra Sahara Bioactive Substrate 18 qt bag,34.95,39.95,14.3
2026-06-17T11:02:00.925633+00:00,The Bio Dude,the-bio-dude:the-bio-dude-rock-hideaway-small,The Bio Dude - Rock Hideaway Small,7.95,10.95,37.7
2026-06-17T11:02:00.925633+00:00,The Bio Dude,the-bio-dude:the-bio-dude-rock-hideaway-medium,The Bio Dude - Rock Hideaway Medium,14.95,17.95,20.1
2026-06-17T11:02:00.925633+00:00,The Bio Dude,the-bio-dude:the-bio-dude-dino-decor-triceratops,The Bio Dude - Dino Decor Triceratops,9.95,14.95,50.3
2026-06-17T11:02:00.925633+00:00,The Bio Dude,the-bio-dude:the-bio-dude-dino-decor-t-rex,The Bio Dude - Dino Decor T-Rex,9.95,14.95,50.3
2026-06-17T11:02:00.925633+00:00,The Bio Dude,the-bio-dude:the-bio-dude-dino-decor-sabertooth-tiger,The Bio Dude - Dino Decor Sabertooth Tiger,9.95,14.95,50.3
2026-06-17T11:02:00.925633+00:00,The Bio Dude,the-bio-dude:the-bio-dude-dino-decor-dilophosaurus,The Bio Dude - Dino Decor Dilophosaurus,12.95,16.95,30.9
2026-06-17T11:02:00.925633+00:00,The Bio Dude,the-bio-dude:the-bio-dude-terra-bowl,The Bio Dude Terra Bowl,9.95,12.95,30.2
2026-06-17T11:02:00.925633+00:00,The Bio Dude,the-bio-dude:the-bio-dude-rock-water-bowl-medium,The Bio Dude Rock Water Bowl - Medium,9.95,11.95,20.1
2026-06-17T11:02:00.925633+00:00,The Bio Dude,the-bio-dude:the-bio-dude-rock-water-bowl-small,The Bio Dude Rock Water Bowl - Small,6.95,8.95,28.8
2026-06-17T11:02:00.925633+00:00,The Bio Dude,the-bio-dude:bee-pollen-1-lb,Pollen Power - Premium Bee Pollen Supplement,12.95,14.95,15.4
2026-06-17T11:02:00.925633+00:00,The Bio Dude,the-bio-dude:aaa-new-zealand-spag-moss-6qts,The Bio Dude AAA Grade Sphagnum Moss -Chilean-  6 quarts,11.95,13.95,16.7
2026-06-17T11:02:00.925633+00:00,The Bio Dude,the-bio-dude:the-bio-dude-solar-grow-t5-ho-single-replacement-bulb-27,"The Bio Dude Solar Grow T5 HO Single Replacement Bulb 22""",12.95,14.95,15.4
2026-06-17T11:02:00.925633+00:00,The Bio Dude,the-bio-dude:the-bio-dude-solar-grow-t5-ho-single-replacement-bulb-12,"The Bio Dude Solar Grow T5 HO Single Replacement Bulb 12""",9.95,11.95,20.1
2026-06-17T11:02:00.925633+00:00,The Bio Dude,the-bio-dude:the-bio-dude-solar-grow-t5-ho-single-replacement-bulb-36,"The Bio Dude Solar Grow T5 HO Single Replacement Bulb 34""",14.95,16.95,13.4
2026-06-17T11:02:00.925633+00:00,The Bio Dude,the-bio-dude:22-biodude-led,"Bio Dude Glow & Grow 22"" LED",79.95,94.95,18.8
2026-06-17T11:02:00.925633+00:00,The Bio Dude,the-bio-dude:vivarium-waterfall-kit-large-1,Vivarium Waterfall Kit Large,69.95,104.95,50.0
2026-06-17T11:02:00.925633+00:00,The Bio Dude,the-bio-dude:vivarium-rock-waterfall-kit-medium,Vivarium Rock Waterfall Kit Medium,89.95,109.95,22.2
2026-06-17T11:02:00.925633+00:00,The Bio Dude,the-bio-dude:vivarium-waterfall-kit-large,Vivarium Rock Waterfall Kit Large,154.95,209.95,35.5
2026-06-17T11:02:00.925633+00:00,The Bio Dude,the-bio-dude:vivarium-waterfall-kit-small,Vivarium Waterfall Kit Small,21.95,29.95,36.4
2026-06-17T11:02:00.925633+00:00,The Bio Dude,the-bio-dude:terrarium-background-kit-grand,Terrarium Background Kit Grand,259.95,289.95,11.5
2026-06-17T11:02:00.925633+00:00,The Bio Dude,the-bio-dude:terrarium-background-kit-large,Terrarium Background Kit Large,154.95,179.95,16.1
2026-06-17T11:02:00.925633+00:00,The Bio Dude,the-bio-dude:terrarium-background-kit-medium,Terrarium Background Kit Medium,84.95,99.95,17.7
2026-06-17T11:02:00.925633+00:00,The Bio Dude,the-bio-dude:vivarium-waterfall-kit,Vivarium Waterfall Kit Medium,42.95,59.95,39.6
2026-06-17T11:02:00.925633+00:00,The Bio Dude,the-bio-dude:background-blend-6-quarts,Background Blend 6 quarts,9.95,13.95,40.2
2026-06-17T11:02:00.925633+00:00,The Bio Dude,the-bio-dude:hydrogrow-v2-drainage-layer-6-quarts,HydroGrow V2 Drainage Layer 6 QUARTS,13.95,16.49,18.2
2026-06-17T11:02:00.925633+00:00,The Bio Dude,the-bio-dude:bio-dude-lizard-ledge-green-w-2-magnets,Bio Dude Lizard Ledge GREEN w/ 2 magnets 0.5 oz cup,17.95,19.95,11.1
2026-06-17T11:02:00.925633+00:00,The Bio Dude,the-bio-dude:exo-terra-swamp-glo-basking-spot-75-watt,Exo Terra Swamp Glo Basking Spot Bulb,20.99,23.99,14.3
2026-06-17T11:02:00.925633+00:00,The Bio Dude,the-bio-dude:biovive-soil-revitalizer,BioVive Soil Revitalizer 50 grams,9.95,11.95,20.1
2026-06-17T11:02:00.925633+00:00,The Bio Dude,the-bio-dude:exo-terra-solar-glo-mercury-vapor-uvb-bulb-80-watt,Exo Terra Solar-Glo Mercury Vapor UVB Bulb,69.99,71.99,2.9
2026-06-17T11:02:00.925633+00:00,The Bio Dude,the-bio-dude:flower-power-5-oz,Flower Power 20 grams,8.95,9.95,11.2
2026-06-17T11:02:00.925633+00:00,The Bio Dude,the-bio-dude:24-x-24-screen-cage-base-terra-firma-bioactive-kit,"24"" x 24"" (screen cage base) Terra Firma Bioactive Kit",269.95,279.95,3.7
2026-06-17T11:02:00.925633+00:00,The Bio Dude,the-bio-dude:18-x-18-screen-cage-base-terra-firma-bioactive-kit,"18"" x 18"" (screen cage base) Terra Firma Bioactive Kit",224.95,234.95,4.4
2026-06-17T11:02:00.925633+00:00,The Bio Dude,the-bio-dude:16-x-16-screen-cage-base-terra-firma-chameleon-bioactive-kit,"16"" x 16"" (screen cage base) Terra Firma Bioactive Kit",179.95,189.95,5.6
2026-06-17T11:02:00.925633+00:00,The Bio Dude,the-bio-dude:bio-shot-per-6-qt-bag,BioShot,5.95,6.95,16.8
2026-06-17T11:02:00.925633+00:00,The Bio Dude,the-bio-dude:vivarium-electronics-digital-thermometer-hygrometer,Bio Dude Digital Thermometer / Hygrometer,15.95,19.95,25.1
2026-06-17T11:02:00.925633+00:00,The Bio Dude,the-bio-dude:led-props,Glow & Grow LED Prop - set of 2,12.95,15.95,23.2
2026-06-17T11:02:00.925633+00:00,The Bio Dude,the-bio-dude:hydrogrow,HydroGrow V1 Drainage Layer 6 QUARTS,13.95,16.49,18.2
2026-06-17T11:02:00.925633+00:00,The Bio Dude,the-bio-dude:led-adapter,Glow & Grow LED Adapter,9.95,12.95,30.2
2026-06-17T11:02:00.925633+00:00,The Bio Dude,the-bio-dude:southern-palm-bark-2-qt,Southern Palm Leaves 6 qt,12.95,15.95,23.2
2026-06-17T11:02:00.925633+00:00,Imperial Reptiles,imperial-reptiles:whites-tree-frog-juvenile,White's Tree Frog  Baby (Blue Phase),74.99,39.99,46.7
2026-06-17T11:02:00.925633+00:00,Imperial Reptiles,imperial-reptiles:snowflakes-whites-tree-frog-juvi-for-sale,Snowflakes White's Tree Frog Baby,74.99,24.99,66.7
2026-06-17T11:02:00.925633+00:00,Imperial Reptiles,imperial-reptiles:high-color-hypo-woma-python-young-adult-female-for-sale,Woma Python (High Contrast) Adult Female #1,1100.0,999.99,9.1
2026-06-17T11:02:00.925633+00:00,Imperial Reptiles,imperial-reptiles:dark-woma-python-adult-female-for-sale,Woma Python Adult,749.99,549.99,26.7
2026-06-17T11:02:00.925633+00:00,Tar Heel Ants,tar-heel-ants:pogonomyrmex-occidentalis-colony-80-workerslabyrinth-bundle,"Pogonomyrmex occidentalis Colony (100+ workers, Queen)(Labyrinth Bundle)",249.99,299.99,20.0
2026-06-17T11:02:00.925633+00:00,Tar Heel Ants,tar-heel-ants:formica-subsericea-11-16-workersfallen-fortress-bundle,Formica subsericea (5-10 workers)(Fallen Fortress Bundle),156.99,131.99,15.9
2026-06-17T11:02:00.925633+00:00,Tar Heel Ants,tar-heel-ants:camponotus-chromaiodes-3-5-workers-queenants-only,"Camponotus chromaiodes (8-12 workers, queen)(Ants Only)",55.0,60.0,9.1
2026-06-17T11:02:00.925633+00:00,Tar Heel Ants,tar-heel-ants:pogonomyrmex-badius-5-10-workersants-colony,Pogonomyrmex badius (15-20 workers)(Colony And Queen ONLY),80.0,85.0,6.2
2026-06-17T11:02:00.925633+00:00,Wish Upon A Butterfly,wish-upon-a-butterfly:monarch-butterflies-for-releases,Monarch Butterflies for Butterfly Releases,95.0,9.0,90.5
2026-06-21T09:53:47.129828+00:00,PanTerra Pets,panterra-pets:giant-asian-mantis,Giant Asian Mantis (H. membranacea),14.99,18.99,26.7
2026-06-21T09:53:47.129828+00:00,PanTerra Pets,panterra-pets:indian-flower-mantis,Jewelled Flower Mantis (C. gemmatus),16.99,20.99,23.5
2026-06-21T09:53:47.129828+00:00,The Defiant Forest,the-defiant-forest:giant-sunfire-millipede-undescribed-sp-indonesia,"Giant Sunfire Millipede, Diplopoda sp. Indonesia",95.0,80.0,15.8
2026-06-21T09:53:47.129828+00:00,The Defiant Forest,the-defiant-forest:vietnamese-giant-flame-leg-millipede-alienostreptus-bicoloripes,"Giant Vietnamese Flame Leg Millipede, Alienostreptus bicoloripes",85.0,99.0,16.5
2026-06-21T09:53:47.129828+00:00,The Defiant Forest,the-defiant-forest:bi-color-avatar-millipedes-spirotreptida-sp-red-yellow-legs,"Bi-Color Avatar Millipedes, Salpidobolus sp. Red & Yellow Legs | Captive Bred",75.0,65.0,13.3
2026-06-21T09:53:47.129828+00:00,The Defiant Forest,the-defiant-forest:goliath-yellow-leg-tree-millipede-harpagophoridae-sp,Goliath Sumatran Yellow Leg Millipede for Sale | The Defiant Forest,89.0,100.0,12.4
2026-06-21T09:53:47.129828+00:00,The Defiant Forest,the-defiant-forest:giant-african-olive-millipede-telodeinopus-aoutii,"Giant Olive Speckled Leg Millipede, Telodeinopus aoutii | Captive Bred",35.0,25.0,28.6
2026-06-21T09:53:47.129828+00:00,Ty Dye Exotics,ty-dye-exotics:lasiodora-parahybana-brazilian-salmon-pink-birdeater-massive-new-world-giant-live-arrival-guarantee,Lasiodora parahybana – Brazilian Salmon Pink Birdeater | Massive New World Giant | Live Arrival Guarantee,27.99,20.0,28.5
2026-06-21T09:53:47.129828+00:00,Ty Dye Exotics,ty-dye-exotics:pterinochilus-chordatus-kilimanjaro-mustard-baboon-tarantula-golden-african-fury-live-arrival-guarantee,Pterinochilus chordatus – Kilimanjaro Mustard Baboon Tarantula | Golden African Fury | Live Arrival Guarantee,34.99,37.99,8.6
2026-06-21T09:53:47.129828+00:00,Ty Dye Exotics,ty-dye-exotics:scolopendra-dehaani-malaysian-cherry-red-centipede,Scolopendra dehaani – Malaysian Cherry Red Centipede | All-Cherry Giant with Black Banding | Live Arrival Guarantee,124.99,75.0,40.0
2026-06-21T09:53:47.129828+00:00,Ty Dye Exotics,ty-dye-exotics:davus-pentaloris-guatemalan-tiger-rump-tarantula-for-sale-live-arrival-guarantee,Davus pentaloris - Guatemalan Tiger Rump Tarantula for Sale | Live Arrival Guarantee,34.99,20.0,42.8
2026-06-21T09:53:47.129828+00:00,Ty Dye Exotics,ty-dye-exotics:euathlus-sp-bronce-chilean-bronze-flame-tarantula-rare-dwarf-new-world-species-live-arrival-guarantee,Euathlus sp. Bronce – Chilean Bronze Flame Tarantula | Rare Dwarf New World Species | Live Arrival Guarantee,164.99,100.0,39.4
2026-06-21T09:53:47.129828+00:00,Ty Dye Exotics,ty-dye-exotics:pterinochilus-lugardi-dodoma-baboon-tarantula-tanzanian-bronze-warrior-live-arrival-guarantee,Pterinochilus lugardi – Dodoma Baboon Tarantula | Tanzanian Bronze Warrior | Live Arrival Guarantee,34.99,37.99,8.6
2026-06-21T09:53:47.129828+00:00,Ty Dye Exotics,ty-dye-exotics:cyriocosmus-elegans-trinidad-dwarf-tarantula-adorable-heart-butt-dwarf-live-arrival-guarantee,Cyriocosmus elegans – Trinidad Dwarf Tarantula | Adorable Heart Butt Dwarf | Live Arrival Guarantee,41.99,43.99,4.8
2026-06-21T09:53:47.129828+00:00,Ty Dye Exotics,ty-dye-exotics:psalmopoeus-cambridgei-trinidad-chevron-tarantula-fast-arboreal-species-live-arrival-guarantee,Psalmopoeus cambridgei – Trinidad Chevron Tarantula | Fast Arboreal Species | Live Arrival Guarantee,31.99,34.99,9.4
2026-06-21T09:53:47.129828+00:00,Ty Dye Exotics,ty-dye-exotics:homoeomma-chilense-chilean-flame-tarantula-for-sale-live-arrival-guarantee,Homoeomma chilense - Chilean Flame Tarantula for Sale | Live Arrival Guarantee,129.99,98.0,24.6
2026-06-21T09:53:47.129828+00:00,Ty Dye Exotics,ty-dye-exotics:grammostola-rosea-rcf-chilean-rose-hair-red-tarantula-for-sale-live-arrival-guarantee,Grammostola rosea RCF - Chilean Rose Hair 'Red' Tarantula for Sale | Live Arrival Guarantee,74.99,50.0,33.3
2026-06-21T09:53:47.129828+00:00,Ty Dye Exotics,ty-dye-exotics:melopoeus-lividus-cobalt-blue-tarantula-live-arrival-guarantee,Melopoeus lividus – Cobalt Blue Tarantula (Cyriopagopus lividus) | Electric Blue Old World Fossorial | Live Arrival Guarantee,44.99,20.0,55.5
2026-06-21T09:53:47.129828+00:00,Ty Dye Exotics,ty-dye-exotics:phormingochilus-sp-rufus-317,Aspinochilus rufus - Peach Earth Tiger Tarantula for Sale | Live Arrival Guarantee,37.99,20.0,47.4
2026-06-21T09:53:47.129828+00:00,Crown Bees,crown-bees:creeping-thyme-seed-pouch,Creeping Thyme Seed Pouch,14.99,19.99,33.4
2026-06-21T09:53:47.129828+00:00,DubiaRoaches.com,dubiaroaches:copy-of-dubia-roaches-medium-500ct-auction,Copy of Dubia Roaches Medium 500ct Auction,41.0,70.0,70.7
2026-06-21T09:53:47.129828+00:00,DubiaRoaches.com,dubiaroaches:large-mealworm-500ct-auction-7,Large Mealworm 500ct Auction,7.0,15.0,114.3
2026-06-21T09:53:47.129828+00:00,DubiaRoaches.com,dubiaroaches:220w-heat-panel-reptile-habitat-auction-24,220w Heat Panel Reptile Habitat Auction,110.0,130.0,18.2
2026-06-21T09:53:47.129828+00:00,DubiaRoaches.com,dubiaroaches:18x18x24-33-gallon-arboreal-reptile-enclosure-v3-auction-3,18x18x24 (33 Gallon) Arboreal Reptile Enclosure V3 Auction,150.0,126.0,16.0
2026-06-21T09:53:47.129828+00:00,DubiaRoaches.com,dubiaroaches:xl-dubia-roaches-250ct-auction-30,XL Dubia Roaches 250ct Auction,13.0,42.0,223.1
2026-06-21T09:53:47.129828+00:00,DubiaRoaches.com,dubiaroaches:hornworm-moth-pupa-sexed-pair-manduca-sexta-auction-44,Hornworm Moth Pupa Sexed Pair (Manduca sexta) Auction,9.0,2.0,77.8
2026-06-21T09:53:47.129828+00:00,Fear Not Tarantulas,fear-not-tarantulas:eupalaestrus-campestratus-pink-zebra-beauty-tarantula,"Eupalaestrus Campestratus (Pink Zebra Beauty Tarantula) about  3/4"" These spiderlings are over 2 year old!",89.0,99.0,11.2
2026-06-21T09:53:47.129828+00:00,Exotics Source,exotics-source:regal-jumping-spider-bonbon,Regal Jumping Spider “Bonbon”,75.0,95.0,26.7
2026-06-21T09:53:47.129828+00:00,Exotics Source,exotics-source:regal-jumping-spider-lucky,Regal Jumping Spider “Lucky”,75.0,95.0,26.7
2026-06-21T09:53:47.129828+00:00,Exotics Source,exotics-source:regal-jumping-spider-cookie-dough,Regal Jumping Spider “Cookie Dough”,75.0,95.0,26.7
2026-06-21T09:53:47.129828+00:00,Exotics Source,exotics-source:regal-jumping-spider-honeybun,"Regal Jumping Spider ""Honey Bun""",95.0,75.0,21.1
2026-06-21T09:53:47.129828+00:00,Exotics Source,exotics-source:regal-jumping-spider-snow-white,"Regal Jumping Spider ""Snow White"" (High White)",95.0,150.0,57.9
2026-06-21T09:53:47.129828+00:00,Exotics Source,exotics-source:regal-jumping-spider-tart,"Regal Jumping Spider ""Tart""",95.0,75.0,21.1
2026-06-21T09:53:47.129828+00:00,Exotics Source,exotics-source:regal-jumping-spider-sahara-1,"Regal Jumping Spider ""Sahara""",95.0,75.0,21.1
2026-06-21T09:53:47.129828+00:00,Exotics Source,exotics-source:regal-jumping-spider-joker,"Regal Jumping Spider ""Joker"" (High White)",95.0,150.0,57.9
2026-06-21T09:53:47.129828+00:00,Exotics Source,exotics-source:regal-jumping-spider-citrus-twist,"Regal Jumping Spider ""Citrus Twist""",95.0,75.0,21.1
2026-06-21T09:53:47.129828+00:00,Exotics Source,exotics-source:regal-jumping-spider-viola,"Regal Jumping Spider ""Viola""",95.0,75.0,21.1
2026-06-21T09:53:47.129828+00:00,Exotics Source,exotics-source:regal-jumping-spider-ignisa,"Regal Jumping Spider ""Ignisa""",95.0,75.0,21.1
2026-06-21T09:53:47.129828+00:00,Exotics Source,exotics-source:regal-jumping-spider-mimosa,Regal Jumping Spider “Mimosa”,75.0,95.0,26.7
2026-06-21T09:53:47.129828+00:00,Exotics Source,exotics-source:regal-jumping-spider-white-truffle,Regal Jumping Spider “White Truffle” (High White),75.0,150.0,100.0
2026-06-21T09:53:47.129828+00:00,Exotics Source,exotics-source:regal-jumping-spider-palmetto,Regal Jumping Spider “Palmetto”,75.0,95.0,26.7
2026-06-21T09:53:47.129828+00:00,Exotics Source,exotics-source:regal-jumping-spider-jello,"Regal Jumping Spider ""Jello""",75.0,95.0,26.7
2026-06-21T09:53:47.129828+00:00,Exotics Source,exotics-source:regal-jumping-spider-casper,"Regal Jumping Spider ""Casper""",95.0,125.0,31.6
2026-06-21T09:53:47.129828+00:00,Exotics Source,exotics-source:regal-jumping-spider-blackberry,"Regal Jumping Spider ""BlackBerry""",75.0,95.0,26.7
2026-06-21T09:53:47.129828+00:00,Exotics Source,exotics-source:regal-jumping-spider-bunny,"Regal Jumping Spider ""Bunny""",75.0,95.0,26.7
2026-06-21T09:53:47.129828+00:00,Exotics Source,exotics-source:regal-jumping-spider-juice-for-sale,"Regal Jumping Spider ""Juice""",75.0,95.0,26.7
2026-06-21T09:53:47.129828+00:00,Exotics Source,exotics-source:regal-jumping-spider-love,"Regal Jumping Spider ""Love""",75.0,95.0,26.7
2026-06-21T09:53:47.129828+00:00,Exotics Source,exotics-source:regal-jumping-spider-jazz,"Regal Jumping Spider ""Jazz""",75.0,95.0,26.7
2026-06-21T09:53:47.129828+00:00,Micro Wilderness,micro-wilderness:brachypelma-hamorii-male-mexican-redknee-tarantula,Brachypelma hamorii - Female- Mexican Redknee Tarantula,174.99,224.99,28.6
2026-06-21T09:53:47.129828+00:00,Micro Wilderness,micro-wilderness:phiddipus-regius-regal-jumping-spider-female,Phiddipus Regius- Regal Jumping Spider Female-captive bred juveniles,59.99,49.99,16.7
2026-06-21T09:53:47.129828+00:00,FangzTV,fangztv:cyriocosmus-elegans-trinidad-dwarf-tarantula-2i,Cyriocosmus elegans Trinidad Dwarf Tarantula 2nd instar .125''  (adult pictured),40.0,20.0,50.0
2026-06-21T09:53:47.129828+00:00,Buddha Bugs,buddha-bugs:hysterocrates-gigas-cameroon-red-baboon-tarantula-for-sale,"Hysterocrates gigas (Cameroon red baboon tarantula) 0.5""",20.0,15.0,25.0
2026-06-21T09:53:47.129828+00:00,American Reptile Distributors,american-reptile-distributors:blizzard-snow-chinese-bullfrogs-hoplobatrachus-rugulosus,Blizzard Snow Chinese Bullfrogs (Hoplobatrachus rugulosus),59.99,99.99,66.7
2026-06-21T09:53:47.129828+00:00,Big Apple Herp,big-apple-herp:pied-genetic-stripe-bearded-dragons,Pied Genetic Stripe Bearded Dragons,134.95,94.95,29.6
2026-06-21T09:53:47.129828+00:00,Big Apple Herp,big-apple-herp:egyptian-green-toads,Egyptian Green Toads,39.95,42.95,7.5
2026-06-21T09:53:47.129828+00:00,Big Apple Herp,big-apple-herp:aqua-flame-collard-lizards,Aqua-flame Collard Lizards,209.95,134.95,35.7
2026-06-21T09:53:47.129828+00:00,Big Apple Herp,big-apple-herp:florida-green-iguanas-the-best,FLORIDA Green Iguanas,29.95,34.95,16.7
2026-06-21T09:53:47.129828+00:00,Big Apple Herp,big-apple-herp:java-wart-snakes,Java Wart & Elephant Trunk Snakes,99.94,134.95,35.0
2026-06-21T09:53:47.129828+00:00,Big Apple Herp,big-apple-herp:african-green-bush-snakes,African Green Bush Snakes,42.95,39.95,7.0
2026-06-21T09:53:47.129828+00:00,Big Apple Herp,big-apple-herp:adult-bearded-dragons-for-sale,ADULT Mixed Colored Bearded Dragons,59.95,89.0,48.5
2026-06-21T09:53:47.129828+00:00,Big Apple Herp,big-apple-herp:emerald-black-tree-skinks,Emerald & Black Tree Skinks,74.95,64.95,13.3
2026-06-21T09:53:47.129828+00:00,Big Apple Herp,big-apple-herp:super-red-translucent-leather-bearded-dragons,Red Translucent Bearded Dragons,239.95,229.95,4.2
2026-06-21T09:53:47.129828+00:00,Big Apple Herp,big-apple-herp:brown-roughneck-monitors,Brown Roughneck Monitors,389.0,429.95,10.5
2026-06-21T09:53:47.129828+00:00,Big Apple Herp,big-apple-herp:spotted-turtles,Spotted Turtles,144.95,189.95,31.0
2026-06-21T09:53:47.129828+00:00,Big Apple Herp,big-apple-herp:yellow-atelopus-frogs,Yellow & Purple Atelopus Frogs,74.95,69.95,6.7
2026-06-21T09:53:47.129828+00:00,Big Apple Herp,big-apple-herp:amazon-tree-boas-normal-phase,Amazon Tree Boas,89.95,64.95,27.8
2026-06-21T09:53:47.129828+00:00,Big Apple Herp,big-apple-herp:brazilian-rainbow-boas-1,Brazilian Rainbow Boas,329.0,309.95,5.8
2026-06-21T09:53:47.129828+00:00,Big Apple Herp,big-apple-herp:peach-throat-monitors,Peach Throat Monitors,459.95,319.95,30.4
2026-06-21T09:53:47.129828+00:00,Big Apple Herp,big-apple-herp:axanthic-halmahera-blue-tongue-skink,Axanthic Halmahera Blue Tongue Skink,489.95,399.95,18.4
2026-06-21T09:53:47.129828+00:00,David's Beetles,davids-beetles:adults-dorcus-titanus-dorcus-titanus-yasuokai,ADULTS: Dorcus titanus (Dorcus titanus yasuokai),99.99,89.99,10.0
2026-06-21T09:53:47.129828+00:00,David's Beetles,davids-beetles:shipping-upgrade,Shipping upgrade,19.99,25.0,25.1
2026-06-21T09:53:47.129828+00:00,David's Beetles,davids-beetles:larvae-giraffe-stag-beetle-prosopocoilus-giraffa-keisuke,LARVAE: Giraffe stag beetle (Prosopocoilus giraffa keisuke),32.0,35.0,9.4
2026-06-21T09:53:47.129828+00:00,The Bio Dude,the-bio-dude:lasiodora-parahybana-brazilian-salmon-pink-birdeater-massive-new-world-giant-live-arrival-guarantee,Lasiodora parahybana – Brazilian Salmon Pink Birdeater | Massive New World Giant | TDE,27.99,20.0,28.5
2026-06-21T09:53:47.129828+00:00,The Bio Dude,the-bio-dude:davus-pentaloris-guatemalan-tiger-rump-tarantula-for-sale-live-arrival-guarantee,Davus pentaloris - Guatemalan Tiger Rump Tarantula for Sale | TDE,34.99,20.0,42.8
2026-06-21T09:53:47.129828+00:00,The Bio Dude,the-bio-dude:aspinochilus-rufus-peach-earth-tiger-tarantula-for-sale-live-arrival-guarantee,Aspinochilus rufus - Peach Earth Tiger Tarantula for Sale | TDE,37.99,20.0,47.4
2026-06-21T09:53:47.129828+00:00,The Bio Dude,the-bio-dude:homoeomma-chilense-chilean-flame-tarantula-for-sale-live-arrival-guarantee,Homoeomma chilense - Chilean Flame Tarantula for Sale | TDE,129.99,98.0,24.6
2026-06-21T09:53:47.129828+00:00,The Bio Dude,the-bio-dude:grammostola-rosea-rcf-chilean-rose-hair-red-tarantula-for-sale-live-arrival-guarantee,Grammostola rosea RCF - Chilean Rose Hair 'Red' Tarantula for Sale | TDE,74.99,50.0,33.3
2026-06-21T09:53:47.129828+00:00,The Bio Dude,the-bio-dude:melopoeus-lividus-cobalt-blue-tarantula-cyriopagopus-lividus-electric-blue-old-world-fossorial-live-arrival-guarantee,Melopoeus lividus – Cobalt Blue Tarantula (Cyriopagopus lividus) | Electric Blue Old World Fossorial | TDE,44.99,20.0,55.5
2026-06-21T09:53:47.129828+00:00,The Bio Dude,the-bio-dude:scolopendra-dehaani-malaysian-cherry-red-centipede-all-cherry-giant-with-black-banding-live-arrival-guarantee,Scolopendra dehaani – Malaysian Cherry Red Centipede | All-Cherry Giant with Black Banding | TDE,124.99,75.0,40.0
2026-06-21T09:53:47.129828+00:00,The Bio Dude,the-bio-dude:red-foot-tortoise-bioactive-kit,Red Foot Tortoise (Chelonoidis carbonaria) Bioactive Vivarium Kit,189.95,214.95,13.2
2026-06-21T09:53:47.129828+00:00,The Bio Dude,the-bio-dude:bee-pollen-1-lb,Pollen Power - Premium Bee Pollen Supplement,14.95,3.49,76.7
2026-06-21T09:53:47.129828+00:00,The Bio Dude,the-bio-dude:sulcata-tortoise-bioactive-kit,Sulcata Tortoise (Centrochelys sulcata) Bioactive Vivarium Kit,239.95,259.95,8.3
2026-06-21T09:53:47.129828+00:00,Heart Leaf Tropicals,heart-leaf-tropicals:amorphophallus-ongsakulii-dormant-corms,Amorphophallus ongsakulii – sprouted,20.0,30.0,50.0
2026-06-21T09:53:47.129828+00:00,Imperial Reptiles,imperial-reptiles:dendrobates-auratus-rio-cascajal-dart-frog-for-sale,Rio Cascajal Dart Frog (Dendrobates auratus),89.99,59.99,33.3
2026-06-21T09:53:47.129828+00:00,Imperial Reptiles,imperial-reptiles:butter-clown-ball-python-baby,Butter Clown Ball Python Baby,249.99,229.99,8.0
2026-06-21T09:53:47.129828+00:00,Imperial Reptiles,imperial-reptiles:banana-king-pin-ball-python-for-sale,Banana King Pin Ball Python,199.99,149.99,25.0
2026-06-21T09:53:47.129828+00:00,Imperial Reptiles,imperial-reptiles:banana-calico-ball-python-for-sale,Banana Calico Ball Python,189.99,149.99,21.1
2026-06-21T09:53:47.129828+00:00,Grow Organic,grow-organic:mustard-mix-lb,Peaceful Valley Mustard Mix  Seed (lb),2.99,5.99,100.3
2026-06-21T09:53:47.129828+00:00,Grow Organic,grow-organic:organic-flax-seed-lb,Organic Flax Seed (lb),4.99,5.99,20.0
2026-06-21T09:53:47.129828+00:00,Grow Organic,grow-organic:lot-org-wheat-red-winter-lb-5-lb-min,Organic Hard Red Winter Wheat Seed (lb),3.5,4.99,42.6
2026-06-21T09:53:47.129828+00:00,Grow Organic,grow-organic:clover-sweet-yellow-biennial-nitrocoatd-lb,"Yellow Sweet Clover, Biennial Nitrocoated (lb)",6.99,9.99,42.9
2026-06-21T09:53:47.129828+00:00,Grow Organic,grow-organic:tough-turf-lawn-seed-5-lb-bag,Peaceful Valley Tough Turf Lawn Seed (5 lb Bag),30.99,22.99,25.8
2026-06-21T09:53:47.129828+00:00,Tar Heel Ants,tar-heel-ants:myrmecocystus-navajo-1,"Myrmecocystus navajo (10-15 workers, Queen)(Ants Only)",99.99,89.99,10.0
2026-06-21T09:53:47.129828+00:00,AntGear,antgear:pogonomyrmex-barbatus,Red Harvester Ant (Pogonomyrmex barbatus),89.99,29.99,66.7
2026-06-21T09:53:47.129828+00:00,AntGear,antgear:camponotus_fragilis,Fraggles Carpenter Ants (Camponotus fragilis),89.99,54.99,38.9
2026-06-21T09:53:47.129828+00:00,AntGear,antgear:pogonomyrmex-rugosus,Rough Harvester Ant (Pogonomyrmex rugosus),64.99,24.99,61.5
2026-06-24T09:35:05.121849+00:00,PanTerra Pets,panterra-pets:fruit-fly-starter-culture,Flightless Fruit Fly Starter Culture,4.99,5.99,20.0
2026-06-24T09:35:05.121849+00:00,The Defiant Forest,the-defiant-forest:regal-jumping-spiders,Regal Jumping Spiders - Phidippus regius,28.0,240.0,757.1
2026-06-24T09:35:05.121849+00:00,Ty Dye Exotics,ty-dye-exotics:lasiodora-parahybana-brazilian-salmon-pink-birdeater-massive-new-world-giant-live-arrival-guarantee,Lasiodora parahybana – Brazilian Salmon Pink Birdeater | Massive New World Giant | Live Arrival Guarantee,20.0,27.99,39.9
2026-06-24T09:35:05.121849+00:00,Ty Dye Exotics,ty-dye-exotics:scolopendra-dehaani-malaysian-cherry-red-centipede,Scolopendra dehaani – Malaysian Cherry Red Centipede | All-Cherry Giant with Black Banding | Live Arrival Guarantee,75.0,124.99,66.7
2026-06-24T09:35:05.121849+00:00,Ty Dye Exotics,ty-dye-exotics:davus-pentaloris-guatemalan-tiger-rump-tarantula-for-sale-live-arrival-guarantee,Davus pentaloris - Guatemalan Tiger Rump Tarantula for Sale | Live Arrival Guarantee,20.0,34.99,75.0
2026-06-24T09:35:05.121849+00:00,Ty Dye Exotics,ty-dye-exotics:euathlus-sp-bronce-chilean-bronze-flame-tarantula-rare-dwarf-new-world-species-live-arrival-guarantee,Euathlus sp. Bronce – Chilean Bronze Flame Tarantula | Rare Dwarf New World Species | Live Arrival Guarantee,100.0,164.99,65.0
2026-06-24T09:35:05.121849+00:00,Ty Dye Exotics,ty-dye-exotics:homoeomma-chilense-chilean-flame-tarantula-for-sale-live-arrival-guarantee,Homoeomma chilense - Chilean Flame Tarantula for Sale | Live Arrival Guarantee,98.0,129.99,32.6
2026-06-24T09:35:05.121849+00:00,Ty Dye Exotics,ty-dye-exotics:grammostola-rosea-rcf-chilean-rose-hair-red-tarantula-for-sale-live-arrival-guarantee,Grammostola rosea RCF - Chilean Rose Hair 'Red' Tarantula for Sale | Live Arrival Guarantee,50.0,74.99,50.0
2026-06-24T09:35:05.121849+00:00,Ty Dye Exotics,ty-dye-exotics:melopoeus-lividus-cobalt-blue-tarantula-live-arrival-guarantee,Melopoeus lividus – Cobalt Blue Tarantula (Cyriopagopus lividus) | Electric Blue Old World Fossorial | Live Arrival Guarantee,20.0,44.99,125.0
2026-06-24T09:35:05.121849+00:00,Ty Dye Exotics,ty-dye-exotics:phormingochilus-sp-rufus-317,Aspinochilus rufus - Peach Earth Tiger Tarantula for Sale | Live Arrival Guarantee,20.0,37.99,90.0
2026-06-24T09:35:05.121849+00:00,Nature's Good Guys,natures-good-guys:botanigard-22wp,BotaniGard 22WP,95.0,105.0,10.5
2026-06-24T09:35:05.121849+00:00,Nature's Good Guys,natures-good-guys:alaska-fish-fertilizer-32-fl-oz,Alaska Fish Fertilizer 511 - 32-fl oz,12.99,17.99,38.5
2026-06-24T09:35:05.121849+00:00,Meme's Worms,memes-worms:pre-order-live-worms-1-lb-red-wigglers-or-european-nightcrawlers,Pre-Order Live Worms (1 LB) – Red Wigglers or European Nightcrawlers,49.5,54.99,11.1
2026-06-24T09:35:05.121849+00:00,DubiaRoaches.com,dubiaroaches:large-superworm-250ct-auction-28,Large Superworm 250ct Auction,18.0,14.0,22.2
2026-06-24T09:35:05.121849+00:00,DubiaRoaches.com,dubiaroaches:large-superworm-250ct-auction-27,Large Superworm 250ct Auction,18.0,8.0,55.6
2026-06-24T09:35:05.121849+00:00,DubiaRoaches.com,dubiaroaches:large-mealworm-500ct-auction-11,Large Mealworm 500ct Auction,15.0,12.0,20.0
2026-06-24T09:35:05.121849+00:00,DubiaRoaches.com,dubiaroaches:large-mealworm-500ct-auction-10,Large Mealworm 500ct Auction,15.0,7.0,53.3
2026-06-24T09:35:05.121849+00:00,DubiaRoaches.com,dubiaroaches:18x18x24-33-gallon-arboreal-reptile-enclosure-v3-auction-5,18x18x24 (33 Gallon) Arboreal Reptile Enclosure V3 Auction,126.0,116.0,7.9
2026-06-24T09:35:05.121849+00:00,DubiaRoaches.com,dubiaroaches:48x24x12-60-gallon-v2-auction-30,48x24x12 (60 Gallon) V2 Auction,180.0,130.0,27.8
2026-06-24T09:35:05.121849+00:00,DubiaRoaches.com,dubiaroaches:48x24x12-60-gallon-v2-auction-29,48x24x12 (60 Gallon) V2 Auction,180.0,51.0,71.7
2026-06-24T09:35:05.121849+00:00,DubiaRoaches.com,dubiaroaches:hornworm-moth-pupa-sexed-pair-manduca-sexta-auction-49,Hornworm Moth Pupa Sexed Pair (Manduca sexta) Auction,11.0,6.0,45.5
2026-06-24T09:35:05.121849+00:00,DubiaRoaches.com,dubiaroaches:hornworm-moth-pupa-sexed-pair-manduca-sexta-auction-48,Hornworm Moth Pupa Sexed Pair (Manduca sexta) Auction,11.0,17.0,54.5
2026-06-24T09:35:05.121849+00:00,DubiaRoaches.com,dubiaroaches:xl-dubia-roaches-250ct-auction-32,XL Dubia Roaches 250ct Auction,32.0,45.0,40.6
2026-06-24T09:35:05.121849+00:00,DubiaRoaches.com,dubiaroaches:large-hornworm-12ct-case-of-6-auction-30,Large Hornworm 12ct (Case Of 6) Auction,10.0,17.0,70.0
2026-06-24T09:35:05.121849+00:00,DubiaRoaches.com,dubiaroaches:exo-terra-coco-husk-compressed-brick-8-qt-3-pack,Exo Terra Coco Husk Compressed Brick 8 qt 3 pack,9.99,13.99,40.0
2026-06-24T09:35:05.121849+00:00,Fear Not Tarantulas,fear-not-tarantulas:tliltocatl-albopilosus-curlyhair-tarantula,"Tliltocatl albopilosus (Curly Hair Tarantula) About 1/3"" - 1/2""",29.0,15.0,48.3
2026-06-24T09:35:05.121849+00:00,Fear Not Tarantulas,fear-not-tarantulas:pumpkin-picking-sale-hapalopus-colombia-pumpkin-patch-tarantula-for-sale,"Hapalopus formosus (Pumpkin Patch) about 1/4"" - 1/2""  Showing coloration already!",43.0,29.0,32.6
2026-06-24T09:35:05.121849+00:00,Fear Not Tarantulas,fear-not-tarantulas:orphnaecus-sp-rizal-blue-tarantula,"Orphnaecus sp Rizal Blue  about 1/4"" - 1/2""",55.0,25.0,54.5
2026-06-24T09:35:05.121849+00:00,Fear Not Tarantulas,fear-not-tarantulas:harpactira-namaquensis-bronze-baboon-tarantula-for-sale-1,"Harpactira namaquensis (Bronze Baboon Tarantula) about 1/2"" - 3/4""",52.0,24.0,53.8
2026-06-24T09:35:05.121849+00:00,Fear Not Tarantulas,fear-not-tarantulas:harpactira-pulchripes-golden-blue-leg-baboon-tarantula-for-sale,"Harpactira pulchripes (Golden Blue Leg Baboon Tarantula) about 3/4"" - 1""",45.0,29.0,35.6
2026-06-24T09:35:05.121849+00:00,Fear Not Tarantulas,fear-not-tarantulas:ephebopus-cyanognathus-blue-fang-tarantula-for-sale-now,"Ephebopus cyanognathus (Blue Fang Tarantula) about  about 3/4"" - 1""",55.0,45.0,18.2
2026-06-24T09:35:05.121849+00:00,Fear Not Tarantulas,fear-not-tarantulas:cyriocosmus-oronegro-tarantula-for-sale,"Cyriocosmus sp. 'Oronegro' (Golden Heart Dwarf Tarantula) about 1/3""",82.0,45.0,45.1
2026-06-24T09:35:05.121849+00:00,Fear Not Tarantulas,fear-not-tarantulas:homoeomma-chilense-chilean-flame-tarantula-small,"Homoeomma chilense  (Chilean Flame Tarantula)  about 1/4""",135.0,99.0,26.7
2026-06-24T09:35:05.121849+00:00,Fear Not Tarantulas,fear-not-tarantulas:urupelma-peruvianun-tarantula-for-sale,"Urupelma  peruvianum ex Homoeomma (Peruvian Blue Tarantula) about 3/4""-1""",74.0,39.0,47.3
2026-06-24T09:35:05.121849+00:00,Fear Not Tarantulas,fear-not-tarantulas:pterinochilus-lugardi-fort-hall-baboon-tarantula-for-sale,"Pterinochilus lugardi (Fort Hall Baboon Tarantula) about  3/4"" - 1""",35.0,21.0,40.0
2026-06-24T09:35:05.121849+00:00,Fear Not Tarantulas,fear-not-tarantulas:xenesthis-sp-white-tarantula-for-sale-2026,"Xenesthis sp. white Tarantula about 1 1/2"" - 2""",299.0,150.0,49.8
2026-06-24T09:35:05.121849+00:00,Fear Not Tarantulas,fear-not-tarantulas:eresus-elhennawyi-for-sale,"Eresus elhennawyi (Velvet Spider) about 1/8""  - 1/4"" 🛖Habitat included!",85.0,42.0,50.6
2026-06-24T09:35:05.121849+00:00,Fear Not Tarantulas,fear-not-tarantulas:sicarius-gracilis-six-eyed-sand-spider,"Sicarius gracilis (Six-Eyed Sand Spider) about  1/2"" - 3/4"" *No FL Sales*",59.0,39.0,33.9
2026-06-24T09:35:05.121849+00:00,Fear Not Tarantulas,fear-not-tarantulas:harpactira-dictator-tarantula-dictator-baboon,"Harpactira dictator (Dictator Baboon Tarantula) about 3/4"" - 1""+",75.0,39.0,48.0
2026-06-24T09:35:05.121849+00:00,Fear Not Tarantulas,fear-not-tarantulas:tapinauchenius-sanctivincenti-tarantula-for-sale,"Tapinauchenius sanctivincenti (St. Vincent's Tree Spider) about 3/4"" - 1""",45.0,19.0,57.8
2026-06-24T09:35:05.121849+00:00,Fear Not Tarantulas,fear-not-tarantulas:hapalopus-guerilla-tarantula-for-sale,"Hapalopus guerreroi (Speckle Patch Guerilla Tarantula) about 1/2"" - 3/4""",45.0,29.0,35.6
2026-06-24T09:35:05.121849+00:00,Exotics Source,exotics-source:regal-jumping-spider-cotton,"Regal Jumping Spider ""Cotton""",75.0,125.0,66.7
2026-06-24T09:35:05.121849+00:00,Exotics Source,exotics-source:regal-jumping-spider-nova,Regal Jumping Spider “Nova”,75.0,95.0,26.7
2026-06-24T09:35:05.121849+00:00,Exotics Source,exotics-source:regal-jumping-spider-puff,"Regal Jumping Spider ""Puff""",75.0,95.0,26.7
2026-06-24T09:35:05.121849+00:00,Exotics Source,exotics-source:regal-jumping-spider-dandelion,"Regal Jumping Spider ""Dandelion""",75.0,95.0,26.7
2026-06-24T09:35:05.121849+00:00,Exotics Source,exotics-source:regal-jumping-spider-neon,"Regal Jumping Spider ""Neon""",95.0,150.0,57.9
2026-06-24T09:35:05.121849+00:00,Micro Wilderness,micro-wilderness:chromatopelma-cyaneopubescens-female-green-bottle-blue-tarantula,Chromatopelma cyaneopubescens - Female - Green Bottle Blue Tarantula,299.99,224.99,25.0
2026-06-24T09:35:05.121849+00:00,FangzTV,fangztv:monocentropus-balfouri-2-socotra-island-blue-baboon-kept-communally,Monocentropus balfouri 1.5'' Socotra Island Blue Baboon (kept communally),44.0,55.0,25.0
2026-06-24T09:35:05.121849+00:00,Buddha Bugs,buddha-bugs:cyriopagopus-albostriatus-purple-zebra-thai-zebra-earth-tiger-tarantula-for-sale,"Melopoeus albostriatus 'purple zebra', formerly Cyriopagopus sp. 'purple zebra' (Thai zebra earth tiger tarantula) 0.5""",75.0,65.0,13.3
2026-06-24T09:35:05.121849+00:00,Buddha Bugs,buddha-bugs:scolopendra-sp-white-leg-peruvian-white-legged-centipede-for-sale,"Scolopendra sp. 'white leg' (Peruvian white-legged centipede) 3""",300.0,325.0,8.3
2026-06-24T09:35:05.121849+00:00,Buddha Bugs,buddha-bugs:cubaris-sp-white-shark-for-sale,Cubaris sp. 'white shark',35.0,30.0,14.3
2026-06-24T09:35:05.121849+00:00,Buddha Bugs,buddha-bugs:nhandu-chromatus-brazilian-red-and-white-tarantula-for-sale,"Nhandu chromatus (Brazilian red and white tarantula) 0.25""",30.0,25.0,16.7
2026-06-24T09:35:05.121849+00:00,Buddha Bugs,buddha-bugs:brachypelma-hamorii-mexican-red-knee-tarantula-0-75,"Brachypelma hamorii (Mexican red knee tarantula) 0.5""",35.0,45.0,28.6
2026-06-24T09:35:05.121849+00:00,Buddha Bugs,buddha-bugs:armadillidium-maculatum-zebra-isopod-for-sale,Armadillidium maculatum (zebra isopod) 12ct,20.0,25.0,25.0
2026-06-24T09:35:05.121849+00:00,Big Apple Herp,big-apple-herp:egyptian-uromastyx,Egyptian Uromastyx,149.95,159.95,6.7
2026-06-24T09:35:05.121849+00:00,Big Apple Herp,big-apple-herp:true-dwarf-caimans-for-sale,Dwarf Caimans,429.0,379.95,11.4
2026-06-24T09:35:05.121849+00:00,Big Apple Herp,big-apple-herp:elongated-tortoises-1,Elongated Tortoises,219.95,189.95,13.6
2026-06-24T09:35:05.121849+00:00,Big Apple Herp,big-apple-herp:amazon-tree-boas-normal-phase,Amazon Tree Boas,64.95,89.95,38.5
2026-06-24T09:35:05.121849+00:00,James' Beetle Farm,james-beetle-farm:larvae-kit,Larvae Kit,7.99,9.99,25.0
2026-06-24T09:35:05.121849+00:00,Coast2Coast Beetles,coast2coast-beetles:trypoxylus-dichotomus-tsunobosonu-taiwan-rhino-beetle-adult-male-pictured-copy,Trypoxylus dichotomus tsunobosonu (Taiwan Rhino Beetle) MATED FEMALES ADULTS,80.0,50.0,37.5
2026-06-24T09:35:05.121849+00:00,The Bio Dude,the-bio-dude:lasiodora-parahybana-brazilian-salmon-pink-birdeater-massive-new-world-giant-live-arrival-guarantee,Lasiodora parahybana – Brazilian Salmon Pink Birdeater | Massive New World Giant | TDE,20.0,27.99,39.9
2026-06-24T09:35:05.121849+00:00,The Bio Dude,the-bio-dude:davus-pentaloris-guatemalan-tiger-rump-tarantula-for-sale-live-arrival-guarantee,Davus pentaloris - Guatemalan Tiger Rump Tarantula for Sale | TDE,20.0,34.99,75.0
2026-06-24T09:35:05.121849+00:00,The Bio Dude,the-bio-dude:aspinochilus-rufus-peach-earth-tiger-tarantula-for-sale-live-arrival-guarantee,Aspinochilus rufus - Peach Earth Tiger Tarantula for Sale | TDE,20.0,37.99,90.0
2026-06-24T09:35:05.121849+00:00,The Bio Dude,the-bio-dude:homoeomma-chilense-chilean-flame-tarantula-for-sale-live-arrival-guarantee,Homoeomma chilense - Chilean Flame Tarantula for Sale | TDE,98.0,129.99,32.6
2026-06-24T09:35:05.121849+00:00,The Bio Dude,the-bio-dude:grammostola-rosea-rcf-chilean-rose-hair-red-tarantula-for-sale-live-arrival-guarantee,Grammostola rosea RCF - Chilean Rose Hair 'Red' Tarantula for Sale | TDE,50.0,74.99,50.0
2026-06-24T09:35:05.121849+00:00,The Bio Dude,the-bio-dude:melopoeus-lividus-cobalt-blue-tarantula-cyriopagopus-lividus-electric-blue-old-world-fossorial-live-arrival-guarantee,Melopoeus lividus – Cobalt Blue Tarantula (Cyriopagopus lividus) | Electric Blue Old World Fossorial | TDE,20.0,44.99,125.0
2026-06-24T09:35:05.121849+00:00,The Bio Dude,the-bio-dude:scolopendra-dehaani-malaysian-cherry-red-centipede-all-cherry-giant-with-black-banding-live-arrival-guarantee,Scolopendra dehaani – Malaysian Cherry Red Centipede | All-Cherry Giant with Black Banding | TDE,75.0,124.99,66.7
2026-06-24T09:35:05.121849+00:00,The Bio Dude,the-bio-dude:mopani-root-wood,Mopani Root Wood,8.95,10.95,22.3
2026-06-24T09:35:05.121849+00:00,AntGear,antgear:veromessor-pergandei,Black Harvester Ant (Veromessor pergandei),29.99,48.99,63.4
2026-06-24T09:35:05.121849+00:00,AntGear,antgear:harvester-ant-seed-sampler,Mix &#038; Match Sampler for Seed Harvesting Ants,14.99,9.99,33.4
2026-06-24T09:35:05.121849+00:00,AntGear,antgear:plugs-4-pack,Plugs &#8211; 4-pack,0.99,2.99,202.0
2026-06-28T08:56:12.162952+00:00,USMANTIS,usmantis:copy-of-chinese-mantis-ooth-egg-case-live,3 pack Chinese Mantis ooth egg Case live,45.0,40.0,11.1
2026-06-28T08:56:12.162952+00:00,The Defiant Forest,the-defiant-forest:giant-african-olive-millipede-telodeinopus-aoutii,"Giant Olive Speckled Leg Millipede, Telodeinopus aoutii | Captive Bred",25.0,20.0,20.0
2026-06-28T08:56:12.162952+00:00,Exotics Unlimited,exotics-unlimited:star-pods,Star Pods,3.99,2.99,25.1
2026-06-28T08:56:12.162952+00:00,DubiaRoaches.com,dubiaroaches:large-mealworm-500ct-auction-12,Large Mealworm 500ct Auction,12.0,10.0,16.7
2026-06-28T08:56:12.162952+00:00,DubiaRoaches.com,dubiaroaches:large-hornworm-12ct-case-of-6-auction-31,Large Hornworm 12ct (Case Of 6) Auction,10.0,13.0,30.0
2026-06-28T08:56:12.162952+00:00,DubiaRoaches.com,dubiaroaches:48x24x12-60-gallon-v2-auction-31,48x24x12 (60 Gallon) V2 Auction,118.0,106.0,10.2
2026-06-28T08:56:12.162952+00:00,DubiaRoaches.com,dubiaroaches:hornworm-moth-pupa-sexed-pair-manduca-sexta-auction-51,Hornworm Moth Pupa Sexed Pair (Manduca sexta) Auction,1.0,5.0,400.0
2026-06-28T08:56:12.162952+00:00,DubiaRoaches.com,dubiaroaches:large-superworm-250ct-auction-30,Large Superworm 250ct Auction,31.0,8.0,74.2
2026-06-28T08:56:12.162952+00:00,DubiaRoaches.com,dubiaroaches:jumping-spiders,Jumping Spiders,49.99,59.99,20.0
2026-06-28T08:56:12.162952+00:00,Exotics Source,exotics-source:regal-jumping-spider-willow,Regal Jumping Spider “Willow”,75.0,95.0,26.7
2026-06-28T08:56:12.162952+00:00,Exotics Source,exotics-source:regal-jumping-spider-inferno,Regal Jumping Spider “Inferno”,75.0,95.0,26.7
2026-06-28T08:56:12.162952+00:00,Exotics Source,exotics-source:audax-bryantae-jumping-spider-foster,Audax Bryantae Jumping Spider “Foster”,95.0,75.0,21.1
2026-06-28T08:56:12.162952+00:00,Exotics Source,exotics-source:regal-jumping-spider-prancer,Regal Jumping Spider “Prancer”,95.0,75.0,21.1
2026-06-28T08:56:12.162952+00:00,Exotics Source,exotics-source:regal-jumping-spider-duskwillow,Regal Jumping Spider “Duskwillow”,75.0,95.0,26.7
2026-06-28T08:56:12.162952+00:00,Exotics Source,exotics-source:regal-jumping-spider-coven,"Regal Jumping Spider ""Coven""",95.0,75.0,21.1
2026-06-28T08:56:12.162952+00:00,Exotics Source,exotics-source:regal-jumping-spider-glowpetal,"Regal Jumping Spider ""Glowpetal""",75.0,95.0,26.7
2026-06-28T08:56:12.162952+00:00,Exotics Source,exotics-source:regal-jumping-spider-bumble,"Regal Jumping Spider ""Bumble""",95.0,75.0,21.1
2026-06-28T08:56:12.162952+00:00,Exotics Source,exotics-source:regal-jumping-spider-vanilla,"Regal Jumping Spider ""Vanilla""",75.0,95.0,26.7
2026-06-28T08:56:12.162952+00:00,Exotics Source,exotics-source:regal-jumping-spider-fruity-pebbles,Regal Jumping Spider “Fruity Pebbles”,95.0,75.0,21.1
2026-06-28T08:56:12.162952+00:00,Exotics Source,exotics-source:regal-jumping-spider-wonder,"Regal Jumping Spider ""Wonder""",95.0,75.0,21.1
2026-06-28T08:56:12.162952+00:00,Exotics Source,exotics-source:regal-jumping-spider-stardust,"Regal Jumping Spider ""Stardust""",75.0,95.0,26.7
2026-06-28T08:56:12.162952+00:00,Exotics Source,exotics-source:regal-jumping-spider-maple,"Regal Jumping Spider ""Maple""",75.0,95.0,26.7
2026-06-28T08:56:12.162952+00:00,Exotics Source,exotics-source:regal-jumping-spider-juniper,"Regal Jumping Spider ""Juniper""",75.0,95.0,26.7
2026-06-28T08:56:12.162952+00:00,Exotics Source,exotics-source:regal-jumping-spider-wildberry,"Regal Jumping Spider ""Wildberry""",75.0,95.0,26.7
2026-06-28T08:56:12.162952+00:00,Exotics Source,exotics-source:regal-jumping-spider-azalea,Regal Jumping Spider “Azalea”,95.0,75.0,21.1
2026-06-28T08:56:12.162952+00:00,Exotics Source,exotics-source:regal-jumping-spider-cheetah,"Regal Jumping Spider ""Cheetah""",75.0,95.0,26.7
2026-06-28T08:56:12.162952+00:00,Exotics Source,exotics-source:regal-jumping-spider-sunflower-for-sale,"Regal Jumping Spider ""Sunflower""",95.0,75.0,21.1
2026-06-28T08:56:12.162952+00:00,Exotics Source,exotics-source:regal-jumping-spider-puff,"Regal Jumping Spider ""Puff""",95.0,75.0,21.1
2026-06-28T08:56:12.162952+00:00,Exotics Source,exotics-source:regal-jumping-spider-pomegranate,"Regal Jumping Spider ""Pomegranate""",75.0,95.0,26.7
2026-06-28T08:56:12.162952+00:00,Exotics Source,exotics-source:regal-jumping-spider-bubblegum,"Regal Jumping Spider ""Bubblegum""",95.0,75.0,21.1
2026-06-28T08:56:12.162952+00:00,Exotics Source,exotics-source:regal-jumping-spider-seafoam,"Regal Jumping Spider ""Seafoam""",95.0,75.0,21.1
2026-06-28T08:56:12.162952+00:00,Exotics Source,exotics-source:regal-jumping-spider-cupid,"Regal Jumping Spider ""Cupid""",95.0,75.0,21.1
2026-06-28T08:56:12.162952+00:00,Exotics Source,exotics-source:regal-jumping-spider-dancer,"Regal Jumping Spider ""Dancer""",95.0,75.0,21.1
2026-06-28T08:56:12.162952+00:00,Spider Shoppe,spider-shoppe:zilla-mushroom-feeding-ledge,Zilla Mushroom Feeding Ledge,22.98,24.98,8.7
2026-06-28T08:56:12.162952+00:00,Spider Shoppe,spider-shoppe:flukers-repta-bowl,Fluker's Repta-Bowl,6.98,7.98,14.3
2026-06-28T08:56:12.162952+00:00,Spider Shoppe,spider-shoppe:komodo-small-reptile-feeder,Komodo Small Reptile Feeder,8.0,5.98,25.2
2026-06-28T08:56:12.162952+00:00,Spider Shoppe,spider-shoppe:lees-mealworm-dish,Lee's Mealworm Dish,9.98,8.98,10.0
2026-06-28T08:56:12.162952+00:00,Spider Shoppe,spider-shoppe:zoo-med-bio-active,Zoo Med Bio Active,15.98,17.98,12.5
2026-06-28T08:56:12.162952+00:00,Spider Shoppe,spider-shoppe:zoo-med-feeder-platform,Zoo Med Feeder Platform,21.98,23.98,9.1
2026-06-28T08:56:12.162952+00:00,Spider Shoppe,spider-shoppe:zilla-den-herp-hotel,Zilla Den Herp Hotel,15.98,18.98,18.8
2026-06-28T08:56:12.162952+00:00,Spider Shoppe,spider-shoppe:exo-terra-ultrasonic-fogger,Exo Terra Ultrasonic Fogger,49.98,79.98,60.0
2026-06-28T08:56:12.162952+00:00,Spider Shoppe,spider-shoppe:komodo-spray-bottle,Komodo Spray Bottle,3.98,4.98,25.1
2026-06-28T08:56:12.162952+00:00,Spider Shoppe,spider-shoppe:aphonopelma-anax-texas-tan-2,Aphonopelma anax (Texas Tan),48.0,78.0,62.5
2026-06-28T08:56:12.162952+00:00,Spider Shoppe,spider-shoppe:plant-dripper,Plant Dripper,58.98,78.98,33.9
2026-06-28T08:56:12.162952+00:00,Spider Shoppe,spider-shoppe:zilla-waterfall,Zoo Med LED Waterfall,40.98,44.98,9.8
2026-06-28T08:56:12.162952+00:00,Spider Shoppe,spider-shoppe:exo-terra-repti-flo-200-water-pump,Exo Terra Repti-Flo 200 Water Pump,24.0,21.98,8.4
2026-06-28T08:56:12.162952+00:00,Spider Shoppe,spider-shoppe:pangea-rock-bowl,Pangea Rock Bowl,8.98,10.98,22.3
2026-06-28T08:56:12.162952+00:00,Spider Shoppe,spider-shoppe:pangea-roach-cricket-food-16-oz,Pangea Roach & Cricket Food,9.98,13.98,40.1
2026-06-28T08:56:12.162952+00:00,Buddha Bugs,buddha-bugs:avicularia-purpurea-purple-pink-toe-tarantula-for-sale,"Avicularia purpurea (purple pink-toed tarantula) 0.66""",65.0,75.0,15.4
2026-06-28T08:56:12.162952+00:00,American Reptile Distributors,american-reptile-distributors:albino-florida-snapping-turtle-2026-21-chelydra-serpentina-osceola,Albino Florida Snapping Turtle 2026 #21 (Chelydra serpentina osceola),499.99,399.99,20.0
2026-06-28T08:56:12.162952+00:00,American Reptile Distributors,american-reptile-distributors:albino-florida-snapping-turtle-2026-22-chelydra-serpentina-osceola,Albino Florida Snapping Turtle 2026 #22 (Chelydra serpentina osceola),499.99,399.99,20.0
2026-06-28T08:56:12.162952+00:00,American Reptile Distributors,american-reptile-distributors:albino-florida-snapping-turtle-2026-24-chelydra-serpentina-osceola-copy,Albino Florida Snapping Turtle 2026 #24 (Chelydra serpentina osceola),499.99,399.99,20.0
2026-06-28T08:56:12.162952+00:00,American Reptile Distributors,american-reptile-distributors:albino-florida-snapping-turtle-2026-25-chelydra-serpentina-osceola,Albino Florida Snapping Turtle 2026 #25 (Chelydra serpentina osceola),499.99,399.99,20.0
2026-06-28T08:56:12.162952+00:00,American Reptile Distributors,american-reptile-distributors:albino-florida-snapping-turtle-2026-19-chelydra-serpentina-osceola,Albino Florida Snapping Turtle 2026 #19 (Chelydra serpentina osceola),499.99,399.99,20.0
2026-06-28T08:56:12.162952+00:00,American Reptile Distributors,american-reptile-distributors:albino-florida-snapping-turtle-2026-20-chelydra-serpentina-osceola,Albino Florida Snapping Turtle 2026 #20 (Chelydra serpentina osceola),499.99,399.99,20.0
2026-06-28T08:56:12.162952+00:00,American Reptile Distributors,american-reptile-distributors:albino-florida-snapping-turtle-2026-12-chelydra-serpentina-osceola,Albino Florida Snapping Turtle 2026 #12 (Chelydra serpentina osceola),499.99,399.99,20.0
2026-06-28T08:56:12.162952+00:00,American Reptile Distributors,american-reptile-distributors:albino-florida-snapping-turtle-2026-14-chelydra-serpentina-osceola,Albino Florida Snapping Turtle 2026 #14 (Chelydra serpentina osceola),499.99,399.99,20.0
2026-06-28T08:56:12.162952+00:00,American Reptile Distributors,american-reptile-distributors:albino-florida-snapping-turtle-2026-15-chelydra-serpentina-osceola,Albino Florida Snapping Turtle 2026 #15 (Chelydra serpentina osceola),499.99,399.99,20.0
2026-06-28T08:56:12.162952+00:00,American Reptile Distributors,american-reptile-distributors:albino-florida-snapping-turtle-2026-8-chelydra-serpentina-osceola,Albino Florida Snapping Turtle 2026 #8 (Chelydra serpentina osceola),499.99,399.99,20.0
2026-06-28T08:56:12.162952+00:00,American Reptile Distributors,american-reptile-distributors:albino-florida-snapping-turtle-2026-9-chelydra-serpentina-osceola,Albino Florida Snapping Turtle 2026 #9 (Chelydra serpentina osceola),499.99,399.99,20.0
2026-06-28T08:56:12.162952+00:00,American Reptile Distributors,american-reptile-distributors:ornate-diamondback-terrapin-female-26503-malaclemys-terrapin-macrospilota,Ornate Diamondback Terrapin Female #26503 (Malaclemys terrapin macrospilota),299.99,199.99,33.3
2026-06-28T08:56:12.162952+00:00,American Reptile Distributors,american-reptile-distributors:ornate-diamondback-terrapin-female-26504-malaclemys-terrapin-macrospilota,Ornate Diamondback Terrapin Female #26504 (Malaclemys terrapin macrospilota),299.99,199.99,33.3
2026-06-28T08:56:12.162952+00:00,American Reptile Distributors,american-reptile-distributors:ornate-diamondback-terrapin-female-26506-malaclemys-terrapin-macrospilota,Ornate Diamondback Terrapin Female #26506 (Malaclemys terrapin macrospilota),299.99,199.99,33.3
2026-06-28T08:56:12.162952+00:00,American Reptile Distributors,american-reptile-distributors:ornate-diamondback-terrapin-female-26507-malaclemys-terrapin-macrospilota,Ornate Diamondback Terrapin Female #26507 (Malaclemys terrapin macrospilota),299.99,199.99,33.3
2026-06-28T08:56:12.162952+00:00,American Reptile Distributors,american-reptile-distributors:ornate-diamondback-terrapin-female-26509-malaclemys-terrapin-macrospilota,Ornate Diamondback Terrapin Female #26509 (Malaclemys terrapin macrospilota),399.99,199.99,50.0
2026-06-28T08:56:12.162952+00:00,American Reptile Distributors,american-reptile-distributors:ornate-diamondback-terrapin-female-26511-malaclemys-terrapin-macrospilota,Ornate Diamondback Terrapin Female #26511 (Malaclemys terrapin macrospilota),299.99,199.99,33.3
2026-06-28T08:56:12.162952+00:00,American Reptile Distributors,american-reptile-distributors:ornate-diamondback-terrapin-female-26512-malaclemys-terrapin-macrospilota,Ornate Diamondback Terrapin Female #26512 (Malaclemys terrapin macrospilota),299.99,199.99,33.3
2026-06-28T08:56:12.162952+00:00,American Reptile Distributors,american-reptile-distributors:ornate-diamondback-terrapin-female-26516-malaclemys-terrapin-macrospilota,Ornate Diamondback Terrapin Female #26516 (Malaclemys terrapin macrospilota),299.99,199.99,33.3
2026-06-28T08:56:12.162952+00:00,Big Apple Herp,big-apple-herp:giant-monkey-tree-frog,Giant Monkey Tree Frog,89.95,119.95,33.4
2026-06-28T08:56:12.162952+00:00,Big Apple Herp,big-apple-herp:albino-black-rat-snakes,Albino Black Rat Snakes,189.0,84.95,55.1
2026-06-28T08:56:12.162952+00:00,Big Apple Herp,big-apple-herp:lavendar-white-sided-black-rat-snakes,Lavendar White Sided Black Rat Snakes,149.0,119.95,19.5
2026-06-28T08:56:12.162952+00:00,Big Apple Herp,big-apple-herp:brazilian-rainbow-boas-1,Brazilian Rainbow Boas,309.95,329.0,6.1
2026-06-28T08:56:12.162952+00:00,David's Beetles,davids-beetles:larvae-dorcus-titanus-dorcus-titanus-yasuokai,LARVAE: Dorcus titanus (Dorcus titanus yasuokai),35.0,39.99,14.3
2026-06-28T08:56:12.162952+00:00,Imperial Reptiles,imperial-reptiles:yellow-amazon-tree-boa-for-sale-1,Yellow Amazon Tree Boa,129.99,199.99,53.9
2026-06-28T08:56:12.162952+00:00,Frognose Exotics,frognose-exotics:buton-island-giant-centipede,Buton Island Black Centipede,250.0,220.0,12.0
2026-06-28T08:56:12.162952+00:00,Frognose Exotics,frognose-exotics:black-java-giant-centipede,Scolopendra Sp Java Black Giant,220.0,200.0,9.1
2026-06-28T08:56:12.162952+00:00,Pangea Reptile,pangea-reptile:exo-terra-12x12x18-pro-terrarium-x-small-tall,"Exo Terra 12""x12""x18"" Pro Terrarium - X-Small Tall",84.99,89.99,5.9
2026-06-28T08:56:12.162952+00:00,JMZ Butterfly Farm,jmz-butterfly-farm:queen-butterfly-caterpillars-or-chrysalis,Queen Butterfly Caterpillars Or Chrysalis,75.0,65.0,13.3
2026-06-28T08:56:12.162952+00:00,JMZ Butterfly Farm,jmz-butterfly-farm:atala-butterfly-caterpillars-or-chrysalis,Atala Butterfly Caterpillars or Chrysalis,65.0,55.0,15.4
2026-06-28T08:56:12.162952+00:00,JMZ Butterfly Farm,jmz-butterfly-farm:monarch-caterpillars-or-chrysalis,Monarch Caterpillars or Chrysalis,75.0,85.0,13.3
2026-06-28T08:56:12.162952+00:00,AntGear,antgear:medium-foraging-outworld-for-ant-colonies,Medium Foraging Outworld for Ant Colonies,29.99,24.99,16.7
2026-06-28T08:56:12.162952+00:00,Buckeye Myrmecology,buckeye-myrmecology:dorymyrmex-bureni,Dorymyrmex bureni,25.0,30.0,20.0
2026-06-28T08:56:12.162952+00:00,Buckeye Myrmecology,buckeye-myrmecology:pogonomyrmex-badius,Pogonomyrmex Badius,50.0,54.0,8.0
2026-06-28T08:56:12.162952+00:00,Wish Upon A Butterfly,wish-upon-a-butterfly:monarch-caterpillars,Monarch Caterpillars,50.0,3.5,93.0
2026-07-01T09:52:40.538340+00:00,The Defiant Forest,the-defiant-forest:vietnamese-giant-flame-leg-millipede-alienostreptus-bicoloripes,"Giant Vietnamese Flame Leg Millipede, Alienostreptus bicoloripes - Bright Yellow & Red Legs",99.0,95.0,4.0
2026-07-01T09:52:40.538340+00:00,The Defiant Forest,the-defiant-forest:giant-indo-red-leg-millipede-undescribed-sp,"Giant Red Leg Tree Millipede, Balustreptus falcatus | Captive Bred",79.0,85.0,7.6
2026-07-01T09:52:40.538340+00:00,Nature's Good Guys,natures-good-guys:botanigard-22wp,BotaniGard 22WP,105.0,99.99,4.8
2026-07-01T09:52:40.538340+00:00,DubiaRoaches.com,dubiaroaches:hornworm-moth-pupa-sexed-pair-manduca-sexta-auction-56,Hornworm Moth Pupa Sexed Pair (Manduca sexta) Auction,1.0,5.0,400.0
2026-07-01T09:52:40.538340+00:00,DubiaRoaches.com,dubiaroaches:xl-dubia-roaches-250ct-auction-36,XL Dubia Roaches 250ct Auction,45.0,50.0,11.1
2026-07-01T09:52:40.538340+00:00,DubiaRoaches.com,dubiaroaches:220w-heat-panel-reptile-habitat-auction-27,220w Heat Panel Reptile Habitat Auction,101.0,141.0,39.6
2026-07-01T09:52:40.538340+00:00,DubiaRoaches.com,dubiaroaches:24x18x36-67-gallon-arboreal-auction-11,24x18x36 (67 Gallon) Arboreal Auction,300.0,200.0,33.3
2026-07-01T09:52:40.538340+00:00,DubiaRoaches.com,dubiaroaches:large-hornworm-6ct-case-of-12-auction-43,Large Hornworm 6ct (Case Of 12) Auction,14.0,30.0,114.3
2026-07-01T09:52:40.538340+00:00,DubiaRoaches.com,dubiaroaches:x-small-dubia-roaches-500ct-auction-12,X-Small Dubia Roaches 500ct Auction,30.0,31.0,3.3
2026-07-01T09:52:40.538340+00:00,DubiaRoaches.com,dubiaroaches:hornworm-moth-pupa-sexed-pair-manduca-sexta-auction-55,Hornworm Moth Pupa Sexed Pair (Manduca sexta) Auction,17.0,5.0,70.6
2026-07-01T09:52:40.538340+00:00,DubiaRoaches.com,dubiaroaches:medium-mealworm-1-000ct-auction-6,"Medium Mealworm 1,000ct Auction",7.0,12.0,71.4
2026-07-01T09:52:40.538340+00:00,DubiaRoaches.com,dubiaroaches:medium-hornworm-24ct-case-of-12-auction-28,Medium Hornworm 24ct (Case Of 12) Auction,76.0,10.0,86.8
2026-07-01T09:52:40.538340+00:00,DubiaRoaches.com,dubiaroaches:large-discoid-250ct-auction-38,Large Discoid 250ct Auction,31.0,35.0,12.9
2026-07-01T09:52:40.538340+00:00,DubiaRoaches.com,dubiaroaches:48x24x12-60-gallon-v2-auction-32,48x24x12 (60 Gallon) V2 Auction,106.0,124.0,17.0
2026-07-01T09:52:40.538340+00:00,DubiaRoaches.com,dubiaroaches:medium-superworm-500ct-auction-18,Medium Superworm 500ct Auction,12.0,15.0,25.0
2026-07-01T09:52:40.538340+00:00,Exotics Source,exotics-source:regal-jumping-spider-sloane,"Regal Jumping Spider ""Sloane""",95.0,75.0,21.1
2026-07-01T09:52:40.538340+00:00,Exotics Source,exotics-source:regal-jumping-spider-lime,"Regal Jumping Spider ""Lime""",95.0,125.0,31.6
2026-07-01T09:52:40.538340+00:00,Spider Shoppe,spider-shoppe:heterodon-nasicus-hognose-snake-yeti-female,"Heterodon nasicus (Hognose Snake) Snow (Axanthic, Albino)",698.0,598.0,14.3
2026-07-01T09:52:40.538340+00:00,Holy-Poly Isopods,holy-poly-isopods:cherry-blossom-isopods-cubaris-sp,Cherry Blossom Isopods (Cubaris sp.),50.0,40.0,20.0
2026-07-01T09:52:40.538340+00:00,Holy-Poly Isopods,holy-poly-isopods:citrus-isopods-cubaris-sp,Citrus Isopods (Cubaris sp.),13.0,12.0,7.7
2026-07-01T09:52:40.538340+00:00,Holy-Poly Isopods,holy-poly-isopods:rubber-bee-isopods-cubaris-sp,Rubber Bee Isopods (Cubaris sp.),14.0,12.0,14.3
2026-07-01T09:52:40.538340+00:00,Coast2Coast Beetles,coast2coast-beetles:propomacrus-bimucronatus-turkey-long-arm-beetle,Propomacrus bimucronatus (Turkey Long Arm Beetle),19.99,15.0,25.0
2026-07-01T09:52:40.538340+00:00,Grow Organic,grow-organic:grain-sorghum-milo,Grain Sorghum / Milo - Raw Seed (Lb),12.99,11.99,7.7
2026-07-01T09:52:40.538340+00:00,Grow Organic,grow-organic:collections-cover-crop-seeds,Crotolaria Juncea Sunn Hemp - Nitro Coated (LB),2.99,8.3,177.6
2026-07-01T09:52:40.538340+00:00,Grow Organic,grow-organic:complete-soil-analysis,"Soil Test (S-103, Agricultural Soil)",69.99,74.99,7.1
2026-07-01T09:52:40.538340+00:00,AntGear,antgear:novomessor-cockerelli,Desert Long-Legged Ants (Novomessor cockerelli),54.99,34.99,36.4
2026-07-01T09:52:40.538340+00:00,AntGear,antgear:entomology-featherweight-forceps,Entomology Featherweight Forceps,5.99,6.99,16.7
2026-07-01T09:52:40.538340+00:00,Buckeye Myrmecology,buckeye-myrmecology:pogonomyrmex-badius,Pogonomyrmex Badius,54.0,64.0,18.5
2026-07-05T08:55:58.256362+00:00,Exotics Unlimited,exotics-unlimited:pandinurus-exitialis-gold-claw-scorpion,Pandinurus exitialis (Gold Claw Scorpion),117.45,125.0,6.4
2026-07-05T08:55:58.256362+00:00,Exotics Unlimited,exotics-unlimited:heterometrus-silenus-asian-forest-scorpion,Heterometrus silenus (Asian Forest Scorpion),46.98,48.0,2.2
2026-07-05T08:55:58.256362+00:00,Exotics Unlimited,exotics-unlimited:le2021,GTB x Purple Snowflake Leachanis Gecko FEMALE LE2021,750.0,900.0,20.0
2026-07-05T08:55:58.256362+00:00,Ty Dye Exotics,ty-dye-exotics:phidippus-morpheus-dream-jumping-spider-bold-desert-jumper-live-arrival-guarantee,Phidippus morpheus – Dream Jumping Spider | Bold Desert Jumper | Live Arrival Guarantee,43.99,32.99,25.0
2026-07-05T08:55:58.256362+00:00,Ty Dye Exotics,ty-dye-exotics:phormingochilus-sp-sabah-red-crimson-purple-bat-eater-tarantula-rare-malaysian-species-live-arrival-guarantee,Phormingochilus sp Sabah Red – Crimson Purple Bat Eater Tarantula | Rare Malaysian Species | Live Arrival Guarantee,99.99,74.99,25.0
2026-07-05T08:55:58.256362+00:00,Ty Dye Exotics,ty-dye-exotics:ornithoctoninae-sp-phan-cay-red-purple-blaze-tree-spider-old-world-live-arrival-guarantee,Ornithoctoninae sp. Phan Cay Red – Purple Blaze Tree Spider | Old World | Live Arrival Guarantee,99.99,74.99,25.0
2026-07-05T08:55:58.256362+00:00,Ty Dye Exotics,ty-dye-exotics:cyriocosmus-ritae-peruvian-black-white-dwarf-tarantula-new-world-live-arrival-guarantee,Cyriocosmus ritae – Peruvian Black & White Dwarf Tarantula | New World | Live Arrival Guarantee,89.99,67.49,25.0
2026-07-05T08:55:58.256362+00:00,Ty Dye Exotics,ty-dye-exotics:aphonopelma-moderatum-rio-grande-gold-tarantula-striking-orange-black-species-live-arrival-guarantee,Aphonopelma moderatum – Rio Grande Gold Tarantula | Striking Orange & Black Species | Live Arrival Guarantee,49.99,37.49,25.0
2026-07-05T08:55:58.256362+00:00,Ty Dye Exotics,ty-dye-exotics:trichorhina-tomentosa-dwarf-white-isopod-og-clean-up-crew-dart-frog-feeder-live-arrival-guarantee,Trichorhina tomentosa – Dwarf White Isopod | OG Clean-Up Crew & Dart Frog Feeder | Live Arrival Guarantee,8.99,6.74,25.0
2026-07-05T08:55:58.256362+00:00,Ty Dye Exotics,ty-dye-exotics:ethmostigmus-sp-borneo-blue-centipede,Ethmostigmus sp. 'Borneo Blue' – Borneo Blue Centipede | Electric Blue Giant Centipede | Live Arrival Guarantee,124.99,93.74,25.0
2026-07-05T08:55:58.256362+00:00,Ty Dye Exotics,ty-dye-exotics:scolopendra-sp-white-beard-giant-white-beard-centipede-monster-10-species-live-arrival-guarantee,"Scolopendra sp White Beard – Giant White Beard Centipede | Monster 10""+ Species | Live Arrival Guarantee",199.99,149.99,25.0
2026-07-05T08:55:58.256362+00:00,Ty Dye Exotics,ty-dye-exotics:chilobrachys-sp-electric-blue-electric-blue,Chilobrachys natanicharum - Electric Blue Tarantula for Sale | Live Arrival Guarantee,43.99,32.99,25.0
2026-07-05T08:55:58.256362+00:00,Ty Dye Exotics,ty-dye-exotics:aphonopelma-anax-texas-black-and-tan-tarantula-hardy-southwestern-species-live-arrival-guarantee,Aphonopelma anax – Texas Black and Tan Tarantula | Hardy Southwestern Species | Live Arrival Guarantee,59.99,44.99,25.0
2026-07-05T08:55:58.256362+00:00,Ty Dye Exotics,ty-dye-exotics:grammostola-rosea-rcf-chilean-rose-hair-red-tarantula-for-sale-live-arrival-guarantee,Grammostola rosea RCF - Chilean Rose Hair 'Red' Tarantula for Sale | Live Arrival Guarantee,74.99,56.24,25.0
2026-07-05T08:55:58.256362+00:00,Ty Dye Exotics,ty-dye-exotics:melopoeus-lividus-cobalt-blue-tarantula-live-arrival-guarantee,Melopoeus lividus – Cobalt Blue Tarantula (Cyriopagopus lividus) | Electric Blue Old World Fossorial | Live Arrival Guarantee,44.99,33.74,25.0
2026-07-05T08:55:58.256362+00:00,Nature's Good Guys,natures-good-guys:colorful-fly-trap,Colorful Fly Trap,4.85,5.99,23.5
2026-07-05T08:55:58.256362+00:00,Nature's Good Guys,natures-good-guys:chapin-multi-purpose-hand-broadcast-spreader,Chapin 8706A Multi-Purpose Hand Broadcast Spreader,19.5,21.99,12.8
2026-07-05T08:55:58.256362+00:00,Meme's Worms,memes-worms:memes-basalt-rock-dust-flour,Basalt Rock Dust for Sale – Premium Volcanic Soil Mineral,9.99,7.99,20.0
2026-07-05T08:55:58.256362+00:00,DubiaRoaches.com,dubiaroaches:large-discoid-250ct-auction-40,Large Discoid 250ct Auction,35.0,40.0,14.3
2026-07-05T08:55:58.256362+00:00,DubiaRoaches.com,dubiaroaches:220w-heat-panel-reptile-habitat-auction-28,220w Heat Panel Reptile Habitat Auction,141.0,157.0,11.3
2026-07-05T08:55:58.256362+00:00,DubiaRoaches.com,dubiaroaches:hornworm-moth-pupa-sexed-pair-manduca-sexta-auction-58,Hornworm Moth Pupa Sexed Pair (Manduca sexta) Auction,5.0,2.0,60.0
2026-07-05T08:55:58.256362+00:00,DubiaRoaches.com,dubiaroaches:4x2x2-v3-120-gallon-auction-26,4x2x2 V3 (120 Gallon) Auction,275.0,280.0,1.8
2026-07-05T08:55:58.256362+00:00,DubiaRoaches.com,dubiaroaches:medium-hornworm-24ct-case-of-12-auction-30,Medium Hornworm 24ct (Case Of 12) Auction,50.0,36.0,28.0
2026-07-05T08:55:58.256362+00:00,DubiaRoaches.com,dubiaroaches:xl-dubia-roaches-250ct-auction-38,XL Dubia Roaches 250ct Auction,45.0,51.0,13.3
2026-07-05T08:55:58.256362+00:00,Flow Hive,flow-hive:brood-box-flow-hive-2,Brood Box – Flow Hive 2,55.0,51.2,6.9
2026-07-05T08:55:58.256362+00:00,Flow Hive,flow-hive:super-lifter-handles,Flow Super Lifter Handles,79.0,63.2,20.0
2026-07-05T08:55:58.256362+00:00,Flow Hive,flow-hive:garden-tools,Flow Garden Tools,59.0,47.2,20.0
2026-07-05T08:55:58.256362+00:00,Flow Hive,flow-hive:ant-guards,Flow Ant Guards,20.0,16.0,20.0
2026-07-05T08:55:58.256362+00:00,Flow Hive,flow-hive:bee-jacket-mesh,Flow Bee Jacket – Mesh,139.0,111.2,20.0
2026-07-05T08:55:58.256362+00:00,Flow Hive,flow-hive:bee-veil,Flow Veil,29.0,23.2,20.0
2026-07-05T08:55:58.256362+00:00,Fear Not Tarantulas,fear-not-tarantulas:grammostola-mendozae-mendozae-tarantula,"Grammostola mendozae (Mendozae Tarantula) about  1 1/2""",250.0,190.0,24.0
2026-07-05T08:55:58.256362+00:00,Exotics Source,exotics-source:regal-jumping-spider-caramel-kush,"Regal Jumping Spider ""Caramel Kush""",95.0,75.0,21.1
2026-07-05T08:55:58.256362+00:00,Exotics Source,exotics-source:regal-jumping-spider-valencia,Regal Jumping Spider “Valencia”,95.0,75.0,21.1
2026-07-05T08:55:58.256362+00:00,Exotics Source,exotics-source:regal-jumping-spider-snowy,Regal Jumping Spider “Snowy”,95.0,150.0,57.9
2026-07-05T08:55:58.256362+00:00,Exotics Source,exotics-source:regal-jumping-spider-nutmeg,"Regal Jumping Spider ""Nutmeg""",65.0,75.0,15.4
2026-07-05T08:55:58.256362+00:00,Exotics Source,exotics-source:regal-jumping-spider-bean-for-sale,"Regal Jumping Spider ""Bean""",75.0,95.0,26.7
2026-07-05T08:55:58.256362+00:00,Exotics Source,exotics-source:regal-jumping-spider-cinnasnug,"Regal Jumping Spider ""Cinnasnug""",75.0,125.0,66.7
2026-07-05T08:55:58.256362+00:00,Exotics Source,exotics-source:regal-jumping-spider-ivyplum,"Regal Jumping Spider ""Ivyplum""",75.0,95.0,26.7
2026-07-05T08:55:58.256362+00:00,Exotics Source,exotics-source:regal-jumping-spider-cinnamon-1,"Regal Jumping Spider ""Cinnamon""",65.0,75.0,15.4
2026-07-05T08:55:58.256362+00:00,Exotics Source,exotics-source:regal-jumping-spider-dream,"Regal Jumping Spider ""Dream""",95.0,75.0,21.1
2026-07-05T08:55:58.256362+00:00,Exotics Source,exotics-source:regal-jumping-spider-pepper,"Regal Jumping Spider ""Pepper""",95.0,75.0,21.1
2026-07-05T08:55:58.256362+00:00,Exotics Source,exotics-source:regal-jumping-spider-muffin,"Regal Jumping Spider ""Muffin""",75.0,95.0,26.7
2026-07-05T08:55:58.256362+00:00,Exotics Source,exotics-source:regal-jumping-spider-goldie,"Regal Jumping Spider ""Goldie""",95.0,75.0,21.1
2026-07-05T08:55:58.256362+00:00,Exotics Source,exotics-source:regal-jumping-spider-lemondrop,"Regal Jumping Spider ""Lemondrop""",95.0,75.0,21.1
2026-07-05T08:55:58.256362+00:00,Spider Shoppe,spider-shoppe:poecilotheria-subfusca-low-land-ll-ivory-ornamental-2-esa,Poecilotheria subfusca 'Low Land' (LL Ivory Ornamental),88.0,98.0,11.4
2026-07-05T08:55:58.256362+00:00,Spider Shoppe,spider-shoppe:zilla-dome-fixture,Zilla Dome Fixture,19.98,21.98,10.0
2026-07-05T08:55:58.256362+00:00,FangzTV,fangztv:caribena-versicolor-antilles-pinktoe-1-5-2,"Caribena versicolor Antilles pinktoe  .5'' to .75""",50.0,45.0,10.0
2026-07-05T08:55:58.256362+00:00,Buddha Bugs,buddha-bugs:heteropoda-lunula-malaysian-purple-huntsman-spider-for-sale,"Heteropoda lunula (purple huntsman spider) 0.5""-0.75""",20.0,30.0,50.0
2026-07-05T08:55:58.256362+00:00,Buddha Bugs,buddha-bugs:heteropoda-davidbowie-david-bowie-huntsman-spider-for-sale,"Heteropoda davidbowie (David Bowie huntsman spider) 0.33"" COMING SOON",40.0,30.0,25.0
2026-07-05T08:55:58.256362+00:00,Buddha Bugs,buddha-bugs:armadillo-officinalis-spain-hissing-isopod-for-sale,Armadillo officinalis 'Spain' (plain pill woodlouse) 12ct,20.0,25.0,25.0
2026-07-05T08:55:58.256362+00:00,Big Apple Herp,big-apple-herp:northern-blue-tongue-skinks,Northern Blue Tongue Skinks,289.95,1099.95,279.4
2026-07-05T08:55:58.256362+00:00,Big Apple Herp,big-apple-herp:brazilian-rainbow-boas-1,Brazilian Rainbow Boas,329.0,339.95,3.3
2026-07-05T08:55:58.256362+00:00,The Bio Dude,the-bio-dude:chilobrachys-natanicharum-electric-blue-tarantula-for-sale-live-arrival-guarantee,Chilobrachys natanicharum - Electric Blue Tarantula for Sale | TDE,43.99,32.99,25.0
2026-07-05T08:55:58.256362+00:00,The Bio Dude,the-bio-dude:grammostola-rosea-rcf-chilean-rose-hair-red-tarantula-for-sale-live-arrival-guarantee,Grammostola rosea RCF - Chilean Rose Hair 'Red' Tarantula for Sale | TDE,74.99,56.24,25.0
2026-07-05T08:55:58.256362+00:00,The Bio Dude,the-bio-dude:melopoeus-lividus-cobalt-blue-tarantula-cyriopagopus-lividus-electric-blue-old-world-fossorial-live-arrival-guarantee,Melopoeus lividus – Cobalt Blue Tarantula (Cyriopagopus lividus) | Electric Blue Old World Fossorial | TDE,44.99,33.74,25.0
2026-07-05T08:55:58.256362+00:00,The Bio Dude,the-bio-dude:cyriocosmus-ritae-peruvian-black-white-dwarf-tarantula-new-world-live-arrival-guarantee,Cyriocosmus ritae – Peruvian Black & White Dwarf Tarantula | New World | TDE,89.99,67.49,25.0
2026-07-05T08:55:58.256362+00:00,The Bio Dude,the-bio-dude:ethmostigmus-sp-borneo-blue-borneo-blue-centipede-electric-blue-giant-centipede-live-arrival-guarantee,Ethmostigmus sp. 'Borneo Blue' – Borneo Blue Centipede | Electric Blue Giant Centipede | TDE,124.99,93.74,25.0
2026-07-05T08:55:58.256362+00:00,The Bio Dude,the-bio-dude:phormingochilus-sp-sabah-red-crimson-purple-bat-eater-tarantula-rare-malaysian-species-live-arrival-guarantee,Phormingochilus sp Sabah Red – Crimson Purple Bat Eater Tarantula | Rare Malaysian Species | TDE,99.99,74.99,25.0
2026-07-05T08:55:58.256362+00:00,The Bio Dude,the-bio-dude:crocodile-skink-lizard-bioactive-kit,Red-eyed Crocodile Skink (Tribolonotus gracilis) Bioactive Vivarium Kit,144.95,179.95,24.1
2026-07-05T08:55:58.256362+00:00,The Bio Dude,the-bio-dude:mexican-fire-leg-tarantula-brachypelma-boehmi-bioactive-kit,Mexican Red Knee (Brachypelma hamorii) Bioactive Habitat Vivarium Kit,129.95,149.95,15.4
2026-07-05T08:55:58.256362+00:00,The Bio Dude,the-bio-dude:kenyan-sand-boa-snake-bioactive-kit,Kenyan Sand Boa (Gongylophis colubrinus) Bioactive Vivarium Kit,134.95,169.95,25.9
2026-07-05T08:55:58.256362+00:00,The Bio Dude,the-bio-dude:marbled-newt-triturus-marmoratus-bio-active-kit,Marbled Newt (Triturus marmoratus) Bioactive Vivarium Kit,159.95,169.95,6.3
2026-07-05T08:55:58.256362+00:00,The Bio Dude,the-bio-dude:death-feigning-beetle-asbolus-sp-bioactive-vivarium-kit,Death Feigning Beetle (Asbolus sp.) Bioactive Vivarium Kit,139.95,149.95,7.1
2026-07-05T08:55:58.256362+00:00,The Bio Dude,the-bio-dude:garter-snake-thamnophis-species-bioactive-vivarium-kit,Garter Snake (Thamnophis species) Bioactive Vivarium Kit,149.95,219.95,46.7
2026-07-05T08:55:58.256362+00:00,The Bio Dude,the-bio-dude:fire-skink-bioactive-kit,Fire Skink (Lepidothyris fernandi) Bioactive Vivarium Kit,199.95,219.95,10.0
2026-07-05T08:55:58.256362+00:00,The Bio Dude,the-bio-dude:tiger-salamander-ambystoma-tigrinum-bioactive-kit,Tiger Salamander (Ambystoma tigrinum) Bioactive Vivarium Kit,144.95,159.95,10.3
2026-07-05T08:55:58.256362+00:00,The Bio Dude,the-bio-dude:carrot-tail-viper-gecko-teratolepis-fasciata-bioactive-vivarium-kit,Carrot-tail Viper Gecko (Hemidactylus imbricatus) Bioactive Vivarium Kit,204.95,209.95,2.4
2026-07-05T08:55:58.256362+00:00,The Bio Dude,the-bio-dude:gargoyle-gecko-vivarium-setup-kit,Gargoyle Gecko (Rhacodactylus auriculatus) Bioactive Vivarium Kit,139.95,169.95,21.4
2026-07-05T08:55:58.256362+00:00,The Bio Dude,the-bio-dude:mourning-gecko-vivarium-care-kit,Mourning Gecko (Lepidodactylus lugubris) Bioactive Vivarium Kit,144.95,169.95,17.2
2026-07-05T08:55:58.256362+00:00,The Bio Dude,the-bio-dude:blood-python-python-brongersmai-bioactive-vivarium-kit,Blood Python (Python brongersmai) Bioactive Vivarium Kit,239.95,309.95,29.2
2026-07-05T08:55:58.256362+00:00,The Bio Dude,the-bio-dude:mexican-black-kingsnake-bioactive-kit,Mexican black kingsnake (Lampropeltis getula nigrita) Bioactive Vivarium Kit,149.95,169.95,13.3
2026-07-05T08:55:58.256362+00:00,The Bio Dude,the-bio-dude:gray-green-tree-frog-habitat-kit,American Green Tree Frog (Dryophytes cinereus or Hyla cinerea) Bioactive Vivarium Kit,144.95,149.95,3.4
2026-07-05T08:55:58.256362+00:00,The Bio Dude,the-bio-dude:king-snake-bioactive-kit,California kingsnake (Lampropeltis getula californiae) Bioactive Vivarium Kit,149.95,159.95,6.7
2026-07-05T08:55:58.256362+00:00,The Bio Dude,the-bio-dude:red-eyed-tree-frog-complete-care-kit,Red-eyed Tree Frog (Agalychnis callidryas) Bioactive Vivarium Kit,164.95,169.95,3.0
2026-07-05T08:55:58.256362+00:00,The Bio Dude,the-bio-dude:rosy-boa-snake-bioactive-kit,Rosy Boa (Lichanura trivirgata) Bioactive Vivarium Kit,134.95,169.95,25.9
2026-07-05T08:55:58.256362+00:00,The Bio Dude,the-bio-dude:florida-king-snake-bioactive-kit,Florida King Snake (Lampropeltis getula floridana) Bioactive Vivarium Kit,139.95,169.95,21.4
2026-07-05T08:55:58.256362+00:00,The Bio Dude,the-bio-dude:hognose-snake-bioactive-kit,Western Hognose Snake (Heterodon nasicus) Bioactive Vivarium Kit,119.95,149.95,25.0
2026-07-05T08:55:58.256362+00:00,The Bio Dude,the-bio-dude:tomato-frog-habitat-care-kit,Tomato Frog (Dyscophus species) Bioactive Vivarium Kit,149.95,159.95,6.7
2026-07-05T08:55:58.256362+00:00,The Bio Dude,the-bio-dude:rosehair-flame-grammostola-rofea-bioactive-kit,Chilean Flame/ Rose Hair Tarantula (Grammostola rosea/porteri) Bioactive Kit,129.95,139.95,7.7
2026-07-05T08:55:58.256362+00:00,The Bio Dude,the-bio-dude:pacman-frog-habitat-starter-kit,Pac Man Frog (Ceratophrys species) Bioactive Vivarium Kit,139.95,159.95,14.3
2026-07-05T08:55:58.256362+00:00,The Bio Dude,the-bio-dude:corn-snake-bioactive-kit,Corn Snake (Pantherophis guttatus) Bioactive Vivarium Kit,144.95,149.95,3.4
2026-07-05T08:55:58.256362+00:00,The Bio Dude,the-bio-dude:asian-forest-scorpion-heterometrus-spinifer-bioactive-vivarium-kit,Asian Forest Scorpion (Heterometrus species) Bioactive Vivarium Kit,139.95,159.95,14.3
2026-07-05T08:55:58.256362+00:00,The Bio Dude,the-bio-dude:white-tree-frog-vivarium-care-kit,White's Tree Frog (Litoria caerulea) Bioactive Vivarium Kit,189.95,199.95,5.3
2026-07-05T08:55:58.256362+00:00,The Bio Dude,the-bio-dude:antilles-pink-toe-tarantula-caribena-versicolor-bioactive-kit,Antilles Pink Toe Tarantula (Caribena versicolor) Bioactive Vivarium Habitat Kit,119.95,139.95,16.7
2026-07-05T08:55:58.256362+00:00,The Bio Dude,the-bio-dude:ball-python-snake-bioactive-kit,Ball Python (Python regius) Bioactive Vivarium Kit,139.95,159.95,14.3
2026-07-05T08:55:58.256362+00:00,The Bio Dude,the-bio-dude:green-brown-anole-bioactive-kit,Green & Brown Anole (Anolis carolinensis & sagrei) Bioactive Vivarium Kit,149.95,169.95,13.3
2026-07-05T08:55:58.256362+00:00,The Bio Dude,the-bio-dude:dart-frog-complete-terrarium-kit,Poison Dart Frog Bioactive Vivarium Kit,164.95,159.95,3.0
2026-07-05T08:55:58.256362+00:00,The Bio Dude,the-bio-dude:blue-tongue-skink-lizard-bioactive-kit,Blue Tongue Skink (Tiliqua spp.) Bioactive Habitat Terrarium Kit,249.95,299.95,20.0
2026-07-05T08:55:58.256362+00:00,The Bio Dude,the-bio-dude:bearded-dragon-lizard-bioactive-kit,Bearded Dragon (Pogona vitticeps) Bioactive Vivarium Kit,159.95,189.95,18.8
2026-07-05T08:55:58.256362+00:00,The Bio Dude,the-bio-dude:panther-chameleon-bioactive-kit,Panther Chameleon (Furcifer pardalis) Bioactive Vivarium Kit,255.95,299.95,17.2
2026-07-05T08:55:58.256362+00:00,The Bio Dude,the-bio-dude:new-caledonia-giant-gecko-rhacodactylus-leachianus-bioactive-vivarium-kit,New Caledonia Giant Gecko (Rhacodactylus leachianus) Bioactive Vivarium Kit,299.95,289.95,3.3
2026-07-05T08:55:58.256362+00:00,The Bio Dude,the-bio-dude:african-fat-tail-gecko-vivarium-kit,African Fat Tail Gecko (Hemitheconyx caudicinctus) Bioactive Vivarium Kit,134.95,169.95,25.9
2026-07-05T08:55:58.256362+00:00,The Bio Dude,the-bio-dude:crested-gecko-complete-terrarium-kit,Crested Gecko (Correlophus ciliatus) Bioactive Vivarium Kit,129.95,149.95,15.4
2026-07-05T08:55:58.256362+00:00,The Bio Dude,the-bio-dude:leopard-gecko-complete-terrarium-kit,Leopard Gecko (Eublepharis macularius) Bioactive Vivarium Kit,129.95,149.95,15.4
2026-07-05T08:55:58.256362+00:00,The Bio Dude,the-bio-dude:desert-rain-frog-breviceps-macrops-bioactive-habitat-terrarium-kit,Desert Rain Frog (Breviceps macrops) Bioactive Vivarium Kit,149.95,169.95,13.3
2026-07-05T08:55:58.256362+00:00,The Bio Dude,the-bio-dude:goliath-bird-eater-theraphosa-blondi-bioactive-vivarium-kit,Goliath Bird Eater (Theraphosa blondi) Bioactive Vivarium Kit,144.95,149.95,3.4
2026-07-05T08:55:58.256362+00:00,Imperial Reptiles,imperial-reptiles:african-giant-pixie-frog-adult-male-for-sale,African Giant Pixie Frog Adult,649.99,499.99,23.1
2026-07-05T08:55:58.256362+00:00,Imperial Reptiles,imperial-reptiles:red-translucent-bearded-dragon-for-sale,Extreme Red Translucent Bearded Dragon Baby,249.99,199.99,20.0
2026-07-05T08:55:58.256362+00:00,Pangea Reptile,pangea-reptile:zoo-med-reptisun-2-5-uvb-t5-ho,Zoo Med ReptiSun 2.5 UVB T5 HO,22.99,19.98,13.1
2026-07-05T08:55:58.256362+00:00,Pangea Reptile,pangea-reptile:zoo-med-creatures®-roly-poly-kit-isopod-habitat,Zoo Med Creatures® Roly-Poly Kit – Isopod Habitat,19.99,16.98,15.1
2026-07-05T08:55:58.256362+00:00,Pangea Reptile,pangea-reptile:zoo-med-glass-terrarium-12x12x18,"Zoo Med Naturalistic Terrarium 12""x12""x18""",84.99,89.99,5.9
2026-07-05T08:55:58.256362+00:00,JMZ Butterfly Farm,jmz-butterfly-farm:queen-butterfly-caterpillars-or-chrysalis,Queen Butterfly Caterpillars Or Chrysalis,65.0,75.0,15.4
2026-07-05T08:55:58.256362+00:00,AntGear,antgear:sand-dropseed-for-harvester-ants,Sand Dropseed for Seed Eating Ants,3.99,2.99,25.1
2026-07-05T08:55:58.256362+00:00,Buckeye Myrmecology,buckeye-myrmecology:camponotus-semitestaceus,Camponotus semitestaceus,50.0,76.0,52.0
2026-07-08T08:32:52.019286+00:00,The Defiant Forest,the-defiant-forest:goliath-yellow-leg-tree-millipede-harpagophoridae-sp,Goliath Sumatran Yellow Leg Millipede for Sale | The Defiant Forest,100.0,95.0,5.0
2026-07-08T08:32:52.019286+00:00,The Defiant Forest,the-defiant-forest:giant-indo-red-leg-millipede-undescribed-sp,"Giant Red Leg Tree Millipede, Balustreptus falcatus | Captive Bred",85.0,89.0,4.7
2026-07-08T08:32:52.019286+00:00,The Defiant Forest,the-defiant-forest:golden-indo-giant-millipede-undescribed-species-1,"Giant Sulawesi Side Spotted Millipede, Diplopoda sp. | Captive Bred",75.0,80.0,6.7
2026-07-08T08:32:52.019286+00:00,The Defiant Forest,the-defiant-forest:vivarium-naturals-premium-vivarium-grade-orchid-moss,Premium Vivarium Grade Moss,3.89,4.95,27.2
2026-07-08T08:32:52.019286+00:00,The Defiant Forest,the-defiant-forest:vivarium-naturals-fresh-premium-bee-pollen-whole-granules,Fresh California Bee Pollen Whole Granules,9.25,13.69,48.0
2026-07-08T08:32:52.019286+00:00,Ty Dye Exotics,ty-dye-exotics:phidippus-morpheus-dream-jumping-spider-bold-desert-jumper-live-arrival-guarantee,Phidippus morpheus – Dream Jumping Spider | Bold Desert Jumper | Live Arrival Guarantee,32.99,43.99,33.3
2026-07-08T08:32:52.019286+00:00,Ty Dye Exotics,ty-dye-exotics:phormingochilus-sp-sabah-red-crimson-purple-bat-eater-tarantula-rare-malaysian-species-live-arrival-guarantee,Phormingochilus sp Sabah Red – Crimson Purple Bat Eater Tarantula | Rare Malaysian Species | Live Arrival Guarantee,74.99,99.99,33.3
2026-07-08T08:32:52.019286+00:00,Ty Dye Exotics,ty-dye-exotics:ornithoctoninae-sp-phan-cay-red-purple-blaze-tree-spider-old-world-live-arrival-guarantee,Ornithoctoninae sp. Phan Cay Red – Purple Blaze Tree Spider | Old World | Live Arrival Guarantee,74.99,99.99,33.3
2026-07-08T08:32:52.019286+00:00,Ty Dye Exotics,ty-dye-exotics:cyriocosmus-ritae-peruvian-black-white-dwarf-tarantula-new-world-live-arrival-guarantee,Cyriocosmus ritae – Peruvian Black & White Dwarf Tarantula | New World | Live Arrival Guarantee,67.49,89.99,33.3
2026-07-08T08:32:52.019286+00:00,Ty Dye Exotics,ty-dye-exotics:aphonopelma-moderatum-rio-grande-gold-tarantula-striking-orange-black-species-live-arrival-guarantee,Aphonopelma moderatum – Rio Grande Gold Tarantula | Striking Orange & Black Species | Live Arrival Guarantee,37.49,49.99,33.3
2026-07-08T08:32:52.019286+00:00,Ty Dye Exotics,ty-dye-exotics:trichorhina-tomentosa-dwarf-white-isopod-og-clean-up-crew-dart-frog-feeder-live-arrival-guarantee,Trichorhina tomentosa – Dwarf White Isopod | OG Clean-Up Crew & Dart Frog Feeder | Live Arrival Guarantee,6.74,8.99,33.4
2026-07-08T08:32:52.019286+00:00,Ty Dye Exotics,ty-dye-exotics:ethmostigmus-sp-borneo-blue-centipede,Ethmostigmus sp. 'Borneo Blue' – Borneo Blue Centipede | Electric Blue Giant Centipede | Live Arrival Guarantee,93.74,124.99,33.3
2026-07-08T08:32:52.019286+00:00,Ty Dye Exotics,ty-dye-exotics:scolopendra-sp-white-beard-giant-white-beard-centipede-monster-10-species-live-arrival-guarantee,"Scolopendra sp White Beard – Giant White Beard Centipede | Monster 10""+ Species | Live Arrival Guarantee",149.99,199.99,33.3
2026-07-08T08:32:52.019286+00:00,Ty Dye Exotics,ty-dye-exotics:chilobrachys-sp-electric-blue-electric-blue,Chilobrachys natanicharum - Electric Blue Tarantula for Sale | Live Arrival Guarantee,32.99,43.99,33.3
2026-07-08T08:32:52.019286+00:00,Ty Dye Exotics,ty-dye-exotics:aphonopelma-anax-texas-black-and-tan-tarantula-hardy-southwestern-species-live-arrival-guarantee,Aphonopelma anax – Texas Black and Tan Tarantula | Hardy Southwestern Species | Live Arrival Guarantee,44.99,59.99,33.3
2026-07-08T08:32:52.019286+00:00,Ty Dye Exotics,ty-dye-exotics:grammostola-rosea-rcf-chilean-rose-hair-red-tarantula-for-sale-live-arrival-guarantee,Grammostola rosea RCF - Chilean Rose Hair 'Red' Tarantula for Sale | Live Arrival Guarantee,56.24,74.99,33.3
2026-07-08T08:32:52.019286+00:00,Ty Dye Exotics,ty-dye-exotics:melopoeus-lividus-cobalt-blue-tarantula-live-arrival-guarantee,Melopoeus lividus – Cobalt Blue Tarantula (Cyriopagopus lividus) | Electric Blue Old World Fossorial | Live Arrival Guarantee,33.74,44.99,33.3
2026-07-08T08:32:52.019286+00:00,Nature's Good Guys,natures-good-guys:monterey-all-natural-snail-slug-spray-rtu-32-fl-oz,Monterey All Natural Snail & Slug Spray RTU - 32-fl oz,26.99,13.99,48.2
2026-07-08T08:32:52.019286+00:00,Nature's Good Guys,natures-good-guys:natria-houseplant-insect-killer,NATRIA Houseplant Insect Killer - 24-fl oz RTU,29.99,15.99,46.7
2026-07-08T08:32:52.019286+00:00,Nature's Good Guys,natures-good-guys:monterey-horticultural-oil-concentrate,Monterey Horticultural Oil Concentrate,11.99,14.49,20.9
2026-07-08T08:32:52.019286+00:00,Nature's Good Guys,natures-good-guys:safer-home-indoor-fly-trap,Safer Home Indoor Plug-in Fly Trap,13.0,15.99,23.0
2026-07-08T08:32:52.019286+00:00,Nature's Good Guys,natures-good-guys:professional-grade-gopher-trap,Professional Grade Gopher Trap - 5.5 x 2.5,9.5,12.99,36.7
2026-07-08T08:32:52.019286+00:00,Nature's Good Guys,natures-good-guys:professional-grade-mole-trap,Professional Grade Mole Trap,9.5,11.99,26.2
2026-07-08T08:32:52.019286+00:00,DubiaRoaches.com,dubiaroaches:medium-calcigrubs-500ct-auction,Medium CalciGrubs 500ct Auction,1.0,10.0,900.0
2026-07-08T08:32:52.019286+00:00,DubiaRoaches.com,dubiaroaches:large-calcigrubs-500ct-auction-1,Large CalciGrubs 500ct Auction,1.0,27.0,2600.0
2026-07-08T08:32:52.019286+00:00,DubiaRoaches.com,dubiaroaches:large-hornworm-6ct-case-of-12-auction-45,Large Hornworm 6ct (Case Of 12) Auction,30.0,27.0,10.0
2026-07-08T08:32:52.019286+00:00,DubiaRoaches.com,dubiaroaches:large-discoid-250ct-auction-42,Large Discoid 250ct Auction,41.0,43.0,4.9
2026-07-08T08:32:52.019286+00:00,DubiaRoaches.com,dubiaroaches:xl-dubia-roaches-250ct-auction-40,XL Dubia Roaches 250ct Auction,50.0,40.0,20.0
2026-07-08T08:32:52.019286+00:00,DubiaRoaches.com,dubiaroaches:24x18x36-67-gallon-arboreal-auction-13,24x18x36 (67 Gallon) Arboreal Auction,200.0,165.0,17.5
2026-07-08T08:32:52.019286+00:00,DubiaRoaches.com,dubiaroaches:medium-mealworm-500ct-auction-12,Medium Mealworm 500ct Auction,15.0,11.0,26.7
2026-07-08T08:32:52.019286+00:00,DubiaRoaches.com,dubiaroaches:large-dubia-roaches-250ct-auction-13,Large Dubia Roaches 250ct Auction,15.0,38.0,153.3
2026-07-08T08:32:52.019286+00:00,DubiaRoaches.com,dubiaroaches:4x2x2-v3-120-gallon-auction-27,4x2x2 V3 (120 Gallon) Auction,280.0,275.0,1.8
2026-07-08T08:32:52.019286+00:00,DubiaRoaches.com,dubiaroaches:220w-heat-panel-reptile-habitat-auction-30,220w Heat Panel Reptile Habitat Auction,141.0,150.0,6.4
2026-07-08T08:32:52.019286+00:00,DubiaRoaches.com,dubiaroaches:medium-discoid-roaches-500ct-auction-15,Medium Discoid Roaches 500ct Auction,51.0,72.0,41.2
2026-07-08T08:32:52.019286+00:00,Fear Not Tarantulas,fear-not-tarantulas:pterinopelma-sazimai-iridescent-blue-2-unsexed,"Lasiocyano sazimai (Iridescent Blue) about 1/4"" - 1/3""",15.0,35.0,133.3
2026-07-08T08:32:52.019286+00:00,Fear Not Tarantulas,fear-not-tarantulas:tliltocatl-albopilosus-curlyhair-tarantula,"Tliltocatl albopilosus (Curly Hair Tarantula) About 1/3"" - 1/2""",15.0,25.0,66.7
2026-07-08T08:32:52.019286+00:00,Fear Not Tarantulas,fear-not-tarantulas:pumpkin-picking-sale-hapalopus-colombia-pumpkin-patch-tarantula-for-sale,"Hapalopus formosus (Pumpkin Patch) about 1/4"" - 1/2""  Showing coloration already!",29.0,43.0,48.3
2026-07-08T08:32:52.019286+00:00,Fear Not Tarantulas,fear-not-tarantulas:orphnaecus-sp-rizal-blue-tarantula,"Orphnaecus sp Rizal Blue  about 1/4"" - 1/2""",25.0,55.0,120.0
2026-07-08T08:32:52.019286+00:00,Fear Not Tarantulas,fear-not-tarantulas:harpactira-namaquensis-bronze-baboon-tarantula-for-sale-1,"Harpactira namaquensis (Bronze Baboon Tarantula) about 1/2"" - 3/4""",24.0,52.0,116.7
2026-07-08T08:32:52.019286+00:00,Fear Not Tarantulas,fear-not-tarantulas:harpactira-pulchripes-golden-blue-leg-baboon-tarantula-for-sale,"Harpactira pulchripes (Golden Blue Leg Baboon Tarantula) about 3/4"" - 1""",29.0,45.0,55.2
2026-07-08T08:32:52.019286+00:00,Fear Not Tarantulas,fear-not-tarantulas:ephebopus-cyanognathus-blue-fang-tarantula-for-sale-now,"Ephebopus cyanognathus (Blue Fang Tarantula) about  about 3/4"" - 1""",45.0,65.0,44.4
2026-07-08T08:32:52.019286+00:00,Fear Not Tarantulas,fear-not-tarantulas:cyriocosmus-oronegro-tarantula-for-sale,"Cyriocosmus sp. 'Oronegro' (Golden Heart Dwarf Tarantula) about 1/3""",45.0,82.0,82.2
2026-07-08T08:32:52.019286+00:00,Fear Not Tarantulas,fear-not-tarantulas:homoeomma-chilense-chilean-flame-tarantula-small,"Homoeomma chilense  (Chilean Flame Tarantula)  about 1/4""",99.0,135.0,36.4
2026-07-08T08:32:52.019286+00:00,Fear Not Tarantulas,fear-not-tarantulas:urupelma-peruvianun-tarantula-for-sale,"Urupelma  peruvianum ex Homoeomma (Peruvian Blue Tarantula) about 3/4""-1""",39.0,74.0,89.7
2026-07-08T08:32:52.019286+00:00,Fear Not Tarantulas,fear-not-tarantulas:pterinochilus-lugardi-fort-hall-baboon-tarantula-for-sale,"Pterinochilus lugardi (Fort Hall Baboon Tarantula) about  3/4"" - 1""",21.0,39.0,85.7
2026-07-08T08:32:52.019286+00:00,Fear Not Tarantulas,fear-not-tarantulas:lasiodora-parahybana-brazilian-salmon-pink-birdeater-tarantula,"Lasiodora parahybana - (Brazilian Salmon Pink Birdeater Tarantula) about 1/4"" - 1/2""",15.0,35.0,133.3
2026-07-08T08:32:52.019286+00:00,Fear Not Tarantulas,fear-not-tarantulas:eresus-elhennawyi-for-sale,"Eresus elhennawyi (Velvet Spider) about 1/8""  - 1/4"" 🛖Habitat included!",42.0,85.0,102.4
2026-07-08T08:32:52.019286+00:00,Fear Not Tarantulas,fear-not-tarantulas:sicarius-gracilis-six-eyed-sand-spider,"Sicarius gracilis (Six-Eyed Sand Spider) about  1/2"" - 3/4"" *No FL Sales*",39.0,49.0,25.6
2026-07-08T08:32:52.019286+00:00,Fear Not Tarantulas,fear-not-tarantulas:harpactira-dictator-tarantula-dictator-baboon,"Harpactira dictator (Dictator Baboon Tarantula) about 3/4"" - 1""+",39.0,49.0,25.6
2026-07-08T08:32:52.019286+00:00,Fear Not Tarantulas,fear-not-tarantulas:tapinauchenius-sanctivincenti-tarantula-for-sale,"Tapinauchenius sanctivincenti (St. Vincent's Tree Spider) about 3/4"" - 1""",19.0,45.0,136.8
2026-07-08T08:32:52.019286+00:00,Fear Not Tarantulas,fear-not-tarantulas:hapalopus-guerilla-tarantula-for-sale,"Hapalopus guerreroi (Speckle Patch Guerilla Tarantula) about 1/2"" - 3/4""",29.0,45.0,55.2
2026-07-08T08:32:52.019286+00:00,Exotics Source,exotics-source:regal-jumping-spider-copper,Regal Jumping Spider “Copper”,95.0,75.0,21.1
2026-07-08T08:32:52.019286+00:00,Exotics Source,exotics-source:regal-jumping-spider-labubu,"Regal Jumping Spider ""Labubu""",95.0,75.0,21.1
2026-07-08T08:32:52.019286+00:00,Exotics Source,exotics-source:regal-jumping-spider-lava,"Regal Jumping Spider ""Lava""",75.0,95.0,26.7
2026-07-08T08:32:52.019286+00:00,Exotics Source,exotics-source:regal-jumping-spider-matilda,"Regal Jumping Spider ""Matilda""",75.0,95.0,26.7
2026-07-08T08:32:52.019286+00:00,Exotics Source,exotics-source:regal-jumping-spider-melody,"Regal Jumping Spider ""Melody""",75.0,95.0,26.7
2026-07-08T08:32:52.019286+00:00,Exotics Source,exotics-source:regal-jumping-spider-gumdrop,"Regal Jumping Spider ""Gumdrop""",95.0,75.0,21.1
2026-07-08T08:32:52.019286+00:00,Exotics Source,exotics-source:regal-jumping-spider-spicy,"Regal Jumping Spider ""Spicy""",75.0,95.0,26.7
2026-07-08T08:32:52.019286+00:00,Exotics Source,exotics-source:regal-jumping-spider-egg,"Regal Jumping Spider ""Egg""",65.0,75.0,15.4
2026-07-08T08:32:52.019286+00:00,Exotics Source,exotics-source:regal-jumping-spider-sunset,"Regal Jumping Spider ""Sunset""",95.0,75.0,21.1
2026-07-08T08:32:52.019286+00:00,Spider Shoppe,spider-shoppe:vancouver-pick-up-psalmopoeus-irminia-venezuelan-suntiger,[Vancouver Pick-up] Psalmopoeus irminia (Venezuelan Suntiger),28.0,24.0,14.3
2026-07-08T08:32:52.019286+00:00,Spider Shoppe,spider-shoppe:harpactira-chrysogaster-red-rump-baboon,Harpactira chrysogaster (Red Rump Baboon),198.0,178.0,10.1
2026-07-08T08:32:52.019286+00:00,Spider Shoppe,spider-shoppe:anqasha-sp-blue,Anqasha sp 'Blue',208.0,98.0,52.9
2026-07-08T08:32:52.019286+00:00,Spider Shoppe,spider-shoppe:harpactira-sp-golden-black,Harpactira sp 'Golden Black',48.0,78.0,62.5
2026-07-08T08:32:52.019286+00:00,Spider Shoppe,spider-shoppe:harpactira-cafreriana-cape-copper-baboon-0-5,Harpactira cafreriana (Cape Copper Baboon),124.0,348.0,180.6
2026-07-08T08:32:52.019286+00:00,Spider Shoppe,spider-shoppe:augacephalus-breyeri-lowveld-golden-baboon-0-5,Augacephalus breyeri (Lowveld Golden Baboon),74.0,84.0,13.5
2026-07-08T08:32:52.019286+00:00,Spider Shoppe,spider-shoppe:ybyrapora-diversipes-amazon-sapphire-0-5,Ybyrapora diversipes (Amazon Sapphire),58.0,148.0,155.2
2026-07-08T08:32:52.019286+00:00,Spider Shoppe,spider-shoppe:theraphosinae-sp-casanare-0-5,Tapinauchenius sp 'Casanare',48.0,158.0,229.2
2026-07-08T08:32:52.019286+00:00,Spider Shoppe,spider-shoppe:citharacanthus-cyaneus-cuban-orange-and-violet,Citharacanthus cyaneus (Orange Violet Dwarf),298.0,98.0,67.1
2026-07-08T08:32:52.019286+00:00,Big Apple Herp,big-apple-herp:pied-genetic-stripe-bearded-dragons,Pied Genetic Stripe Bearded Dragons,94.95,89.95,5.3
2026-07-08T08:32:52.019286+00:00,Big Apple Herp,big-apple-herp:hypo-zero-bearded-dragon,Hypo Zero Bearded Dragons,329.95,299.0,9.4
2026-07-08T08:32:52.019286+00:00,Big Apple Herp,big-apple-herp:yellow-atelopus-frogs,Yellow & Purple Atelopus Frogs,69.95,79.95,14.3
2026-07-08T08:32:52.019286+00:00,Big Apple Herp,big-apple-herp:white-lip-pythons,White Lip Pythons,359.95,349.0,3.0
2026-07-08T08:32:52.019286+00:00,The Bio Dude,the-bio-dude:chilobrachys-natanicharum-electric-blue-tarantula-for-sale-live-arrival-guarantee,Chilobrachys natanicharum - Electric Blue Tarantula for Sale | TDE,32.99,43.99,33.3
2026-07-08T08:32:52.019286+00:00,The Bio Dude,the-bio-dude:grammostola-rosea-rcf-chilean-rose-hair-red-tarantula-for-sale-live-arrival-guarantee,Grammostola rosea RCF - Chilean Rose Hair 'Red' Tarantula for Sale | TDE,56.24,74.99,33.3
2026-07-08T08:32:52.019286+00:00,The Bio Dude,the-bio-dude:melopoeus-lividus-cobalt-blue-tarantula-cyriopagopus-lividus-electric-blue-old-world-fossorial-live-arrival-guarantee,Melopoeus lividus – Cobalt Blue Tarantula (Cyriopagopus lividus) | Electric Blue Old World Fossorial | TDE,33.74,44.99,33.3
2026-07-08T08:32:52.019286+00:00,The Bio Dude,the-bio-dude:cyriocosmus-ritae-peruvian-black-white-dwarf-tarantula-new-world-live-arrival-guarantee,Cyriocosmus ritae – Peruvian Black & White Dwarf Tarantula | New World | TDE,67.49,89.99,33.3
2026-07-08T08:32:52.019286+00:00,The Bio Dude,the-bio-dude:ethmostigmus-sp-borneo-blue-borneo-blue-centipede-electric-blue-giant-centipede-live-arrival-guarantee,Ethmostigmus sp. 'Borneo Blue' – Borneo Blue Centipede | Electric Blue Giant Centipede | TDE,93.74,124.99,33.3
2026-07-08T08:32:52.019286+00:00,The Bio Dude,the-bio-dude:phormingochilus-sp-sabah-red-crimson-purple-bat-eater-tarantula-rare-malaysian-species-live-arrival-guarantee,Phormingochilus sp Sabah Red – Crimson Purple Bat Eater Tarantula | Rare Malaysian Species | TDE,74.99,99.99,33.3
2026-07-08T08:32:52.019286+00:00,Heart Leaf Tropicals,heart-leaf-tropicals:8x8x12-complete-bioactive-kit,"6""x6""x10"" Complete Bioactive Kit",145.0,150.0,3.4
2026-07-08T08:32:52.019286+00:00,Rubber Ducky Isopods,rubber-ducky-isopods:microforest-lite-bioactive-soil-substrate,MicroForest Lite Soil | Bioactive Substrate,23.49,22.49,4.3
2026-07-08T08:32:52.019286+00:00,Imperial Reptiles,imperial-reptiles:red-hypo-bearded-dragon-baby-male-82423-04,Red Hypo Bearded Dragon Baby,124.99,149.99,20.0
2026-07-08T08:32:52.019286+00:00,Imperial Reptiles,imperial-reptiles:red-translucent-bearded-dragon-for-sale,Extreme Red Translucent Bearded Dragon Baby,199.99,174.99,12.5
2026-07-08T08:32:52.019286+00:00,Pangea Reptile,pangea-reptile:male-quadstripe-crested-gecko-cr-2401,Male Quadstripe Crested Gecko Cr-2401,349.99,274.99,21.4
2026-07-08T08:32:52.019286+00:00,Pangea Reptile,pangea-reptile:male-extreme-harlequin-crested-gecko-cr-2339,Male Extreme Harlequin Crested Gecko Cr-2339,649.99,449.99,30.8
2026-07-08T08:32:52.019286+00:00,Pangea Reptile,pangea-reptile:female-xxx-crested-gecko-cr-2291,Female XXX Crested Gecko Cr-2291,699.99,299.99,57.1
2026-07-08T08:32:52.019286+00:00,Pangea Reptile,pangea-reptile:female-xxx-crested-gecko-cr-2278,Female XXX Crested Gecko Cr-2278,799.99,449.99,43.8
2026-07-08T08:32:52.019286+00:00,Pangea Reptile,pangea-reptile:male-lavender-solid-back-pinstripe-crested-gecko-cr-2113,Male Lavender Solid Back Pinstripe Crested Gecko Cr-2113,599.99,399.99,33.3
2026-07-08T08:32:52.019286+00:00,Pangea Reptile,pangea-reptile:male-extreme-harlequin-crested-gecko-cr-2098,Male Extreme Harlequin Crested Gecko Cr-2098,449.99,424.99,5.6
2026-07-08T08:32:52.019286+00:00,Pangea Reptile,pangea-reptile:male-white-wall-crested-gecko-cr-2027,Male White Wall Crested Gecko Cr-2027,349.99,274.99,21.4
2026-07-08T08:32:52.019286+00:00,Pangea Reptile,pangea-reptile:male-extreme-harlequin-crested-gecko-cr-2012,Male Extreme Harlequin Crested Gecko Cr-2012,599.99,399.99,33.3
2026-07-08T08:32:52.019286+00:00,Pangea Reptile,pangea-reptile:male-tiger-crested-gecko-cr-1989,Male Tiger Crested Gecko Cr-1989,249.99,199.99,20.0
2026-07-08T08:32:52.019286+00:00,Pangea Reptile,pangea-reptile:male-extreme-harlequin-crested-gecko-cr-1949,Male Extreme Harlequin Crested Gecko Cr-1949,699.99,499.99,28.6
2026-07-08T08:32:52.019286+00:00,Pangea Reptile,pangea-reptile:male-extreme-harlequin-crested-gecko-cr-1930,Male Extreme Harlequin Crested Gecko Cr-1930,499.99,349.99,30.0
2026-07-08T08:32:52.019286+00:00,Pangea Reptile,pangea-reptile:male-black-phantom-crested-gecko-cr-1924,Male Black Phantom Crested Gecko Cr-1924,899.99,549.99,38.9
2026-07-08T08:32:52.019286+00:00,Pangea Reptile,pangea-reptile:male-xxx-crested-gecko-cr-1912,Male Extreme Harlequin Crested Gecko Cr-1912,399.99,299.99,25.0
2026-07-08T08:32:52.019286+00:00,Pangea Reptile,pangea-reptile:male-quadstripe-crested-gecko-cr-1906,Male Quadstripe Crested Gecko Cr-1906,299.9,174.99,41.7
2026-07-08T08:32:52.019286+00:00,Pangea Reptile,pangea-reptile:female-white-wall-pinstripe-crested-gecko-cr-1865,Female White Wall Pinstripe Crested Gecko Cr-1865,649.99,399.99,38.5
2026-07-08T08:32:52.019286+00:00,Pangea Reptile,pangea-reptile:male-harlequin-crested-gecko-cr-1767,Male Harlequin Crested Gecko Cr-1767,349.99,249.99,28.6
2026-07-08T08:32:52.019286+00:00,Pangea Reptile,pangea-reptile:male-extreme-harlequin-crested-gecko-cr-1761,Male Harlequin Crested Gecko Cr-1761,349.99,199.99,42.9
2026-07-08T08:32:52.019286+00:00,Pangea Reptile,pangea-reptile:male-pinstripe-crested-gecko-cr-1715,Male Pinstripe Crested Gecko Cr-1715,499.99,374.99,25.0
2026-07-08T08:32:52.019286+00:00,Pangea Reptile,pangea-reptile:male-red-harlequin-crested-gecko-cr-1591,Male Red Harlequin Crested Gecko Cr-1591,449.99,299.99,33.3
2026-07-08T08:32:52.019286+00:00,Tar Heel Ants,tar-heel-ants:pogonomyrmex-badius-bundle-5-10-workers-queenfallen-fortress-bundle,"Pogonomyrmex badius Bundle (20+ workers, Queen)(Fallen Fortress Bundle)",154.99,174.99,12.9
2026-07-08T08:32:52.019286+00:00,JMZ Butterfly Farm,jmz-butterfly-farm:giant-swallowtail-caterpillars-or-chrysalis,Giant Swallowtail Caterpillars or Chrysalis,65.0,75.0,15.4
2026-07-12T08:21:08.658159+00:00,USMANTIS,usmantis:hymenopus-coronatus-orchid-mantis,Hymenopus coronatus Orchid mantis,65.0,55.0,15.4
2026-07-12T08:21:08.658159+00:00,USMANTIS,usmantis:phyllocrania-paradoxa-ghost-mantis,P paradoxa Ghost mantis All colors SALE,26.5,24.5,7.5
2026-07-12T08:21:08.658159+00:00,The Defiant Forest,the-defiant-forest:giant-sunfire-millipede-undescribed-sp-indonesia,Giant Sunfire Millipede for Sale | Indonesian Diplopoda Species,80.0,85.0,6.2
2026-07-12T08:21:08.658159+00:00,The Defiant Forest,the-defiant-forest:dominican-purple-tarantulas,"Dominican Purple Tarantula, Phormictopus sp. - Terrestrial Species",75.0,49.0,34.7
2026-07-12T08:21:08.658159+00:00,The Defiant Forest,the-defiant-forest:brazilian-red-white-tarantula-nhandu-chromatus,"Brazilian Red & White Tarantula, Vitalis chromatus - Terrestrial Species",36.0,42.0,16.7
2026-07-12T08:21:08.658159+00:00,Exotics Unlimited,exotics-unlimited:heterometrus-silenus-asian-forest-scorpion,Heterometrus silenus (Asian Forest Scorpion),48.0,55.0,14.6
2026-07-12T08:21:08.658159+00:00,Nature's Good Guys,natures-good-guys:big-foot-mycorrhizae,Big Foot Mycorrhizae | 1oz,9.99,11.49,15.0
2026-07-12T08:21:08.658159+00:00,Nature's Good Guys,natures-good-guys:18in-led-strip-light,18in LED Strip Light,84.5,74.99,11.3
2026-07-12T08:21:08.658159+00:00,Insect Lore,insect-lore:insect-lore-bucket-hat,Insect Lore Bucket Hat,32.99,14.99,54.6
2026-07-12T08:21:08.658159+00:00,DubiaRoaches.com,dubiaroaches:large-discoid-250ct-auction-43,Large Discoid 250ct Auction,1.0,44.0,4300.0
2026-07-12T08:21:08.658159+00:00,DubiaRoaches.com,dubiaroaches:large-dubia-roaches-250ct-auction-14,Large Dubia Roaches 250ct Auction,38.0,47.0,23.7
2026-07-12T08:21:08.658159+00:00,DubiaRoaches.com,dubiaroaches:medium-calcigrubs-500ct-auction-1,Medium CalciGrubs 500ct Auction,10.0,25.0,150.0
2026-07-12T08:21:08.658159+00:00,DubiaRoaches.com,dubiaroaches:24x18x36-67-gallon-arboreal-auction-14,24x18x36 (67 Gallon) Arboreal Auction,190.0,150.0,21.1
2026-07-12T08:21:08.658159+00:00,DubiaRoaches.com,dubiaroaches:220w-heat-panel-reptile-habitat-auction-31,220w Heat Panel Reptile Habitat Auction,150.0,120.0,20.0
2026-07-12T08:21:08.658159+00:00,DubiaRoaches.com,dubiaroaches:large-hornworm-12ct-case-of-6-auction-34,Large Hornworm 12ct (Case Of 6) Auction,17.0,31.0,82.4
2026-07-12T08:21:08.658159+00:00,Fear Not Tarantulas,fear-not-tarantulas:heteropoda-pingtungensis-taiwan-orange-huntsman-spider,"Heteropoda pingtungensis (Taiwan Orange Huntsman Spider) about 1/4""",39.0,19.0,51.3
2026-07-12T08:21:08.658159+00:00,Exotics Source,exotics-source:regal-jumping-spider-peachpuff,"Regal Jumping Spider ""Peach Puff”",95.0,75.0,21.1
2026-07-12T08:21:08.658159+00:00,Exotics Source,exotics-source:untitled-oct8_16-40,Regal Jumping Spider “Indica”,95.0,75.0,21.1
2026-07-12T08:21:08.658159+00:00,Exotics Source,exotics-source:female-regal-jumping-spider-haze,Regal Jumping Spider “Haze”,95.0,75.0,21.1
2026-07-12T08:21:08.658159+00:00,Exotics Source,exotics-source:regal-jumping-spider-hex,"Regal Jumping Spider ""Hex""",95.0,75.0,21.1
2026-07-12T08:21:08.658159+00:00,Exotics Source,exotics-source:regal-jumping-spider-sandy,"Regal Jumping Spider ""Sandy""",95.0,75.0,21.1
2026-07-12T08:21:08.658159+00:00,Exotics Source,exotics-source:regal-jumping-spider-sprite,Regal Jumping Spider “Sprite”,95.0,75.0,21.1
2026-07-12T08:21:08.658159+00:00,Spider Shoppe,spider-shoppe:vancouver-pick-up-tapinauchenius-rasti-carribean-diamond,[Vancouver Pick-up] Tapinauchenius rasti (Carribean Diamond),42.0,29.0,31.0
2026-07-12T08:21:08.658159+00:00,Spider Shoppe,spider-shoppe:komodo-hideout,Komodo Hideout,15.98,9.98,37.5
2026-07-12T08:21:08.658159+00:00,Spider Shoppe,spider-shoppe:vivarium-electronics®-ds-6000-digital-scale,Vivarium Electronics® DS 6000 Digital Scale,42.0,36.0,14.3
2026-07-12T08:21:08.658159+00:00,Spider Shoppe,spider-shoppe:habistat-rainmaker,HabiStat Rainmaker,168.0,158.0,6.0
2026-07-12T08:21:08.658159+00:00,Spider Shoppe,spider-shoppe:orthriophis-taeniura-beauty-rat-snake-calico-unsexed,[Vancouver Pick-up] Orthriophis taeniura (Beauty Rat Snake) Calico UNSEXED,1498.0,998.0,33.4
2026-07-12T08:21:08.658159+00:00,Spider Shoppe,spider-shoppe:vivarium-electronics-28w-heat-panel,Vivarium Electronics 28W Heat Panel,88.0,78.98,10.2
2026-07-12T08:21:08.658159+00:00,FangzTV,fangztv:dolichothele-diamantinensis-brazilian-blue-dwarf-beauty-tarantula-25-5,Dolichothele diamantinensis Brazilian Blue Dwarf Beauty Tarantula  .25'',50.0,30.0,40.0
2026-07-12T08:21:08.658159+00:00,Buddha Bugs,buddha-bugs:ornithoctoninae-sp-vietnam-silver-vietnam-silver-earth-tiger-tarantula-for-sale,"Ornithoctoninae sp. 'Vietnam silver' (Vietnam silver tarantula) 0.66""",65.0,75.0,15.4
2026-07-12T08:21:08.658159+00:00,Gallegos Zoological,gallegos-zoological:triceratops-rib-section-5-5-003,"Triceratops rib section 5"" #5-003",179.0,399.0,122.9
2026-07-12T08:21:08.658159+00:00,American Reptile Distributors,american-reptile-distributors:flat-shell-turtle-juvenile-female-2025-3-notochelys-platynota,Flat Shell Turtle Juvenile Female 2025 #3 (Notochelys platynota),499.99,399.99,20.0
2026-07-12T08:21:08.658159+00:00,American Reptile Distributors,american-reptile-distributors:flat-shell-turtle-juvenile-female-2025-2-notochelys-platynota,Flat Shell Turtle Juvenile Female 2025 #2 (Notochelys platynota),499.99,399.99,20.0
2026-07-12T08:21:08.658159+00:00,American Reptile Distributors,american-reptile-distributors:flat-shell-turtle-juvenile-female-2025-1-notochelys-platynota,Flat Shell Turtle Juvenile Female 2025 #1 (Notochelys platynota),499.99,399.99,20.0
2026-07-12T08:21:08.658159+00:00,American Reptile Distributors,american-reptile-distributors:spiny-hill-turtle-cb-2025-2-heosemys-spinosa-1,Spiny Hill Turtle CB 2025 #3 (Heosemys spinosa),599.99,499.99,16.7
2026-07-12T08:21:08.658159+00:00,American Reptile Distributors,american-reptile-distributors:spiny-hill-turtle-cb-2025-2-heosemys-spinosa,Spiny Hill Turtle CB 2025 #2 (Heosemys spinosa),599.99,499.99,16.7
2026-07-12T08:21:08.658159+00:00,American Reptile Distributors,american-reptile-distributors:spiny-hill-turtle-cb-2025-1-heosemys-spinosa,Spiny Hill Turtle CB 2025 #1 (Heosemys spinosa),599.99,499.99,16.7
2026-07-12T08:21:08.658159+00:00,Big Apple Herp,big-apple-herp:hypo-zero-bearded-dragon,Hypo Zero Bearded Dragons,299.0,249.95,16.4
2026-07-12T08:21:08.658159+00:00,Big Apple Herp,big-apple-herp:unusual-limited-edition-corn-snakes,Unique Limited Edition Corn Snakes,104.95,99.95,4.8
2026-07-12T08:21:08.658159+00:00,Big Apple Herp,big-apple-herp:albino-scaleless-corn-snakes,Scaleless Corn Snakes,259.0,189.95,26.7
2026-07-12T08:21:08.658159+00:00,David's Beetles,davids-beetles:larvae-golden-stag-beetle-allotopus-moellenkampi-babai,LARVAE: Golden stag beetle  (Allotopus moellenkampi babai),125.0,39.99,68.0
2026-07-12T08:21:08.658159+00:00,David's Beetles,davids-beetles:larvae-giraffe-stag-beetle-prosopocoilus-giraffa-keisuke,LARVAE: Giraffe stag beetle (Prosopocoilus giraffa keisuke),35.0,29.99,14.3
2026-07-12T08:21:08.658159+00:00,Coast2Coast Beetles,coast2coast-beetles:77mm-goliathus-goliatus-adult-male,77mm Goliathus Goliatus Adult Male,225.0,200.0,11.1
2026-07-12T08:21:08.658159+00:00,The Bio Dude,the-bio-dude:amazon-driftwood-small-6-8,Amazon Driftwood,8.95,9.95,11.2
2026-07-12T08:21:08.658159+00:00,The Bio Dude,the-bio-dude:delta-60-aquarium-canister-filter-up-to-27-gallons,UNS Delta 90 - Aquarium Canister Filter - V2,113.99,175.99,54.4
2026-07-12T08:21:08.658159+00:00,Rubber Ducky Isopods,rubber-ducky-isopods:mixed-leaf-litter-magnolia-pin-oak,Mixed Leaf Litter | Magnolia & Pin Oak Blend,18.49,12.49,32.4
2026-07-12T08:21:08.658159+00:00,Rubber Ducky Isopods,rubber-ducky-isopods:thai-red-springtails-bright-red-designer-springtails-lobella-sp,"""Thai Red Springtails""  BRIGHT Red Designer Springtails (Lobella sp)",39.49,44.49,12.7
2026-07-12T08:21:08.658159+00:00,Rubber Ducky Isopods,rubber-ducky-isopods:pin-oak-organic-leaf-litter-tennessee-mountains-elevation-5-512,"Pin Oak Organic Leaf Litter (Tennessee Mountains Elevation 5,512)",18.49,12.49,32.4
2026-07-12T08:21:08.658159+00:00,Rubber Ducky Isopods,rubber-ducky-isopods:magnolia-organic-leaf-litter-tennessee-mountains-elevation-5-512,"Magnolia Organic Leaf Litter (Tennessee Mountains Elevation 5,512)",18.49,12.49,32.4
2026-07-12T08:21:08.658159+00:00,Rubber Ducky Isopods,rubber-ducky-isopods:white-springtails-folsomia-candida-or-collembola-sp,Springtails (Clean-Up Crew) | Bioactive Essential,29.49,15.49,47.5
2026-07-12T08:21:08.658159+00:00,Grow Organic,grow-organic:collections-organic-fertilizer,Organic Sulfur 90% (Granular) 50 lbs,31.99,41.99,31.3
2026-07-12T08:21:08.658159+00:00,Grow Organic,grow-organic:beaujolais-spinach-seeds-organic,Beaujolais Spinach Seeds (Organic),3.29,4.99,51.7
2026-07-12T08:21:08.658159+00:00,Grow Organic,grow-organic:everglades-cherry-tomato-seeds-organic,Everglades Cherry Tomato Seeds (Organic),3.29,4.99,51.7
2026-07-12T08:21:08.658159+00:00,Grow Organic,grow-organic:garden-huckleberry-seeds-organic,Garden Huckleberry Seeds (Organic),3.65,4.99,36.7
2026-07-12T08:21:08.658159+00:00,Grow Organic,grow-organic:jewels-of-opar-fame-flower-seeds-organic,Organic Jewels of Opar - Fame Flower Seeds,3.65,4.99,36.7
2026-07-12T08:21:08.658159+00:00,AntGear,antgear:veromessor-pergandei,Black Harvester Ant (Veromessor pergandei),48.99,54.99,12.2
2026-07-12T08:21:08.658159+00:00,Buckeye Myrmecology,buckeye-myrmecology:pheidole-barbata,Pheidole barbata,65.0,50.0,23.1
2026-07-15T08:17:01.280310+00:00,Exotics Unlimited,exotics-unlimited:xenesthis-immanis-colombian-lesser-black-tarantula-female,Xenesthis immanis (Colombian Lesser Black Tarantula) FEMALE,400.0,450.0,12.5
2026-07-15T08:17:01.280310+00:00,Ty Dye Exotics,ty-dye-exotics:psalmopoeus-irminia-venezuelan-suntiger-tarantula-stunning-arboreal-species-live-arrival-guarantee,Psalmopoeus irminia – Venezuelan Suntiger Tarantula | Stunning Arboreal Species | Live Arrival Guarantee,37.99,34.99,7.9
2026-07-15T08:17:01.280310+00:00,DubiaRoaches.com,dubiaroaches:medium-mealworm-500ct-auction-14,Medium Mealworm 500ct Auction,11.0,10.0,9.1
2026-07-15T08:17:01.280310+00:00,DubiaRoaches.com,dubiaroaches:xl-dubia-roaches-250ct-auction-42,XL Dubia Roaches 250ct Auction,40.0,31.0,22.5
2026-07-15T08:17:01.280310+00:00,DubiaRoaches.com,dubiaroaches:large-calcigrubs-500ct-auction-6,Large CalciGrubs 500ct Auction,10.5,8.0,23.8
2026-07-15T08:17:01.280310+00:00,DubiaRoaches.com,dubiaroaches:large-hornworm-6ct-case-of-12-auction-47,Large Hornworm 6ct (Case Of 12) Auction,27.0,45.0,66.7
2026-07-15T08:17:01.280310+00:00,DubiaRoaches.com,dubiaroaches:18x18x24-33-gallon-arboreal-reptile-enclosure-v3-auction-14,18x18x24 (33 Gallon) Arboreal Reptile Enclosure V3 Auction,162.0,136.0,16.0
2026-07-15T08:17:01.280310+00:00,DubiaRoaches.com,dubiaroaches:large-dubia-roaches-250ct-auction-16,Large Dubia Roaches 250ct Auction,38.0,24.0,36.8
2026-07-15T08:17:01.280310+00:00,DubiaRoaches.com,dubiaroaches:125w-heat-panel-reptile-habitat-auction-23,125w Heat Panel Reptile Habitat Auction,45.0,151.0,235.6
2026-07-15T08:17:01.280310+00:00,DubiaRoaches.com,dubiaroaches:medium-mealworm-500ct-auction-13,Medium Mealworm 500ct Auction,11.0,10.0,9.1
2026-07-15T08:17:01.280310+00:00,DubiaRoaches.com,dubiaroaches:large-discoid-250ct-auction-45,Large Discoid 250ct Auction,44.0,36.0,18.2
2026-07-15T08:17:01.280310+00:00,DubiaRoaches.com,dubiaroaches:220w-heat-panel-reptile-habitat-auction-33,220w Heat Panel Reptile Habitat Auction,150.0,160.0,6.7
2026-07-15T08:17:01.280310+00:00,DubiaRoaches.com,dubiaroaches:24x18x36-67-gallon-arboreal-auction-15,24x18x36 (67 Gallon) Arboreal Auction,150.0,179.0,19.3
2026-07-15T08:17:01.280310+00:00,DubiaRoaches.com,dubiaroaches:medium-hornworm-24ct-case-of-12-auction-33,Medium Hornworm 24ct (Case Of 12) Auction,33.0,12.0,63.6
2026-07-15T08:17:01.280310+00:00,Bee Built,bee-built:hive-feet,Warre Hive Feet,25.0,30.0,20.0
2026-07-15T08:17:01.280310+00:00,Fear Not Tarantulas,fear-not-tarantulas:hapalotremus-major-peruvian-white-banded-tarantula,"Hapalotremus major (Peruvian White Banded Tarantula) about 1/2"" - 3/4"" Nicely sized!",109.0,119.0,9.2
2026-07-15T08:17:01.280310+00:00,Exotics Source,exotics-source:regal-jumping-spider-aurelia,Regal Jumping Spider “Aurelia”,75.0,95.0,26.7
2026-07-15T08:17:01.280310+00:00,Exotics Source,exotics-source:regal-jumping-spider-apple-crisp,Regal Jumping Spider “Apple Crisp”,75.0,95.0,26.7
2026-07-15T08:17:01.280310+00:00,Exotics Source,exotics-source:regal-jumping-spider-maroon,"Regal Jumping Spider ""Maroon""",95.0,75.0,21.1
2026-07-15T08:17:01.280310+00:00,Exotics Source,exotics-source:regal-jumping-spider-ambrimyst,"Regal Jumping Spider ""Ambrimyst""",95.0,75.0,21.1
2026-07-15T08:17:01.280310+00:00,Spider Shoppe,spider-shoppe:heteropoda-tetrica,Heteropoda tetrica (Black Jawed Huntsman),20.0,28.0,40.0
2026-07-15T08:17:01.280310+00:00,Spider Shoppe,spider-shoppe:thelcticopis-severa-green-huntsman-1-2,Thelcticopis severa (Green Huntsman),38.0,24.0,36.8
2026-07-15T08:17:01.280310+00:00,US Invertebrate LLC,us-invertebrate:collectible-pins,Collectible Pins,10.0,13.0,30.0
2026-07-15T08:17:01.280310+00:00,FangzTV,fangztv:nhandu-tripepii-brazilian-giant-blonde-tarantula-25,Vitalius (Nhandu) tripepii Brazilian Giant Blonde tarantula 3'',40.0,46.0,15.0
2026-07-15T08:17:01.280310+00:00,Buddha Bugs,buddha-bugs:ybyrapora-diversipes-amazon-sapphire-tarantula-for-sale,"Ybyrapora diversipes (Amazon sapphire tarantula) 1""",80.0,90.0,12.5
2026-07-15T08:17:01.280310+00:00,American Reptile Distributors,american-reptile-distributors:scorpion-mud-turtle-adult-pair-1-kinosternon-scorpioides,Scorpion Mud Turtle Adult Pair #1  (Kinosternon scorpioides),199.99,149.99,25.0
2026-07-15T08:17:01.280310+00:00,Big Apple Herp,big-apple-herp:giant-zombie-crabs,Giant Zombie Crabs,124.95,69.0,44.8
2026-07-15T08:17:01.280310+00:00,Big Apple Herp,big-apple-herp:european-giant-legless-lizards,European Giant Legless Lizards,129.95,139.95,7.7
2026-07-15T08:17:01.280310+00:00,Big Apple Herp,big-apple-herp:irian-jaya-blue-tongue-skinks,Merauke Blue Tongue Skinks,199.95,189.95,5.0
2026-07-15T08:17:01.280310+00:00,Big Apple Herp,big-apple-herp:copy-of-dispar-uromastyx,"Red ""Niger"" Saharan Uromastyx",99.95,119.95,20.0
2026-07-15T08:17:01.280310+00:00,James' Beetle Farm,james-beetle-farm:western-hercules-dynastes-grantii,Western Hercules Beetle (Dynastes grantii),39.99,29.99,25.0
2026-07-15T08:17:01.280310+00:00,Frognose Exotics,frognose-exotics:coenobita-brevimanus,Coenobita brevimanus,35.0,20.0,42.9
2026-07-15T08:17:01.280310+00:00,Pangea Reptile,pangea-reptile:male-extreme-harlequin-crested-gecko-cr-2036,Male Extreme Harlequin Crested Gecko Cr-2036,449.99,349.99,22.2
2026-07-15T08:17:01.280310+00:00,Pangea Reptile,pangea-reptile:male-extreme-harlequin-crested-gecko-cr-1841,Male Extreme Harlequin Crested Gecko Cr-1841,599.99,299.99,50.0
2026-07-15T08:17:01.280310+00:00,Pangea Reptile,pangea-reptile:male-extreme-harlequin-crested-gecko-cr-1766,Male Extreme Harlequin Crested Gecko Cr-1766,649.99,474.99,26.9
2026-07-15T08:17:01.280310+00:00,Pangea Reptile,pangea-reptile:male-extreme-harlequin-crested-gecko-cr-1725,Male Extreme Harlequin Crested Gecko Cr-1725,449.99,399.99,11.1
2026-07-15T08:17:01.280310+00:00,Pangea Reptile,pangea-reptile:male-harlequin-dalmatian-crested-gecko-cr-1703,Male Harlequin Dalmatian Crested Gecko Cr-1703,349.99,149.99,57.1
2026-07-15T08:17:01.280310+00:00,Pangea Reptile,pangea-reptile:male-lavender-extreme-crested-gecko-cr-1633,Male Extreme Harlequin Crested Gecko Cr-1633,599.99,374.99,37.5
2026-07-15T08:17:01.280310+00:00,Pangea Reptile,pangea-reptile:female-tricolor-crested-gecko-cr-1514,Female Extreme Harlequin Crested Gecko Cr-1514,474.99,399.99,15.8
2026-07-15T08:17:01.280310+00:00,Buckeye Myrmecology,buckeye-myrmecology:camponotus-castaneus,Camponotus castaneus,46.0,40.0,13.0
2026-07-19T08:22:44.785224+00:00,The Defiant Forest,the-defiant-forest:vietnamese-giant-flame-leg-millipede-alienostreptus-bicoloripes,"Giant Vietnamese Flame Leg Millipede, Alienostreptus bicoloripes - Bright Yellow & Red Legs",95.0,79.0,16.8
2026-07-19T08:22:44.785224+00:00,The Defiant Forest,the-defiant-forest:regal-jumping-spiders,Regal Jumping Spiders for Sale | Wholesale Only,240.0,180.0,25.0
2026-07-19T08:22:44.785224+00:00,The Defiant Forest,the-defiant-forest:giant-african-olive-millipede-telodeinopus-aoutii,"Captive Bred Giant Olive Speckled Leg Millipede, Telodeinopus aoutii",20.0,23.0,15.0
2026-07-19T08:22:44.785224+00:00,Exotics Unlimited,exotics-unlimited:temperate-leaf-litter-magnolia-magnolia-grandiflora,Magnolia Leaf Litter  (Magnolia grandiflora),9.99,5.99,40.0
2026-07-19T08:22:44.785224+00:00,Ty Dye Exotics,ty-dye-exotics:latrodectus-hesperus-western-black-widow-spider-classic-north-american-species-live-arrival-guarantee,Latrodectus hesperus – Western Black Widow Spider | Classic North American Species | Live Arrival Guarantee,8.99,17.99,100.1
2026-07-19T08:22:44.785224+00:00,Ty Dye Exotics,ty-dye-exotics:tliltocatl-vagans-mexican-red-rump-tarantula-beginner-friendly-new-world-species-live-arrival-guarantee,Tliltocatl vagans – Mexican Red Rump Tarantula | Beginner-Friendly New World Species | Live Arrival Guarantee,34.99,44.99,28.6
2026-07-19T08:22:44.785224+00:00,Ty Dye Exotics,ty-dye-exotics:brachypelma-hamorii-mexican-red-knee,Brachypelma hamorii - Mexican Red Knee Tarantula for Sale | Live Arrival Guarantee,79.99,74.99,6.3
2026-07-19T08:22:44.785224+00:00,Ty Dye Exotics,ty-dye-exotics:brachypelma-emilia-mexican-red-leg-393,Brachypelma emilia - Mexican Red Leg Tarantula for Sale | Live Arrival Guarantee,127.99,84.99,33.6
2026-07-19T08:22:44.785224+00:00,Nature's Good Guys,natures-good-guys:maggies-farm-no-spill-ant-kill-bait-stations,Maggie's Farm No Spill Ant Kill Bait Stations,6.99,8.99,28.6
2026-07-19T08:22:44.785224+00:00,Nature's Good Guys,natures-good-guys:safer-garden-neem-oil,Safer Garden - Neem Oil - 24-fl oz RTU,14.99,21.99,46.7
2026-07-19T08:22:44.785224+00:00,Nature's Good Guys,natures-good-guys:chapin-multi-purpose-hand-broadcast-spreader,Chapin 8706A Multi-Purpose Hand Broadcast Spreader,21.99,39.0,77.4
2026-07-19T08:22:44.785224+00:00,Nature's Good Guys,natures-good-guys:biocare-gnat-stix-traps,Enoz BioCare Gnat Stix Traps - 12 Pack,7.49,9.99,33.4
2026-07-19T08:22:44.785224+00:00,Exotics Source,exotics-source:regal-jumping-spider-blaze,"Regal Jumping Spider ""Blaze""",75.0,95.0,26.7
2026-07-19T08:22:44.785224+00:00,Exotics Source,exotics-source:regal-jumping-spider-pinkberry,"Regal Jumping Spider ""Pinkberry""",95.0,75.0,21.1
2026-07-19T08:22:44.785224+00:00,Exotics Source,exotics-source:regal-jumping-spider-blood-orange,"Regal Jumping Spider ""Blood Orange""",95.0,75.0,21.1
2026-07-19T08:22:44.785224+00:00,Exotics Source,exotics-source:custom-order,Custom Order,250.0,1065.0,326.0
2026-07-19T08:22:44.785224+00:00,Exotics Source,exotics-source:regal-jumping-spider-plum,"Regal Jumping Spider ""Plum""",95.0,75.0,21.1
2026-07-19T08:22:44.785224+00:00,Exotics Source,exotics-source:regal-jumping-spider-watermelon-for-sale,"Regal Jumping Spider ""Watermelon""",95.0,75.0,21.1
2026-07-19T08:22:44.785224+00:00,Exotics Source,exotics-source:regal-jumping-spider-baguette,"Regal Jumping Spider ""Baguette""",95.0,75.0,21.1
2026-07-19T08:22:44.785224+00:00,Spider Shoppe,spider-shoppe:psalmopoeus-cambridgei-trinidad-chevron-copy,[Vancouver Pick-up] Psalmopoeus cambridgei (Trinidad Chevron),98.0,20.0,79.6
2026-07-19T08:22:44.785224+00:00,Spider Shoppe,spider-shoppe:vancouver-picl-up-tliltocatl-albopilosum-nicaraguan-curly-hair,[Vancouver Pick-up] Tliltocatl albopilosum (Nicaraguan Curly Hair),48.0,28.0,41.7
2026-07-19T08:22:44.785224+00:00,Spider Shoppe,spider-shoppe:liphistius-jarujini-primitive-trap-door-2,Liphistius jarujini (Primitive Trap Door),44.0,48.0,9.1
2026-07-19T08:22:44.785224+00:00,US Invertebrate LLC,us-invertebrate:pseudoglomeris-magnifica-emerald-green-roach,Pseudoglomeris magnifica (Emerald Green Roach),300.0,250.0,16.7
2026-07-19T08:22:44.785224+00:00,Gallegos Zoological,gallegos-zoological:camarasaurus-rib-section-5-006,Camarasaurus rib section #5-006,75.0,150.0,100.0
2026-07-19T08:22:44.785224+00:00,Gallegos Zoological,gallegos-zoological:camarasaurus-rib-7-section-5-005,"Camarasaurus rib 7"" section #5-005",179.0,299.0,67.0
2026-07-19T08:22:44.785224+00:00,Gallegos Zoological,gallegos-zoological:triceratops-rib-9-section-morrison-formation-5-001,"Triceratops rib 9"" section - Morrison Formation #5-001",200.0,499.0,149.5
2026-07-19T08:22:44.785224+00:00,Big Apple Herp,big-apple-herp:peacock-slider-turtles,Peacock Slider Turtles,28.95,46.95,62.2
2026-07-19T08:22:44.785224+00:00,Big Apple Herp,big-apple-herp:salamanders-for-sale,Salamanders (Various Species),29.95,42.95,43.4
2026-07-19T08:22:44.785224+00:00,Big Apple Herp,big-apple-herp:green-basilisks,Green & Brown Basilisks,37.95,34.95,7.9
2026-07-19T08:22:44.785224+00:00,Big Apple Herp,big-apple-herp:amazon-tree-boas-normal-phase,Amazon Tree Boas,89.95,109.95,22.2
2026-07-19T08:22:44.785224+00:00,David's Beetles,davids-beetles:larvae-dorcus-titanus-dorcus-titanus-yasuokai,LARVAE: Dorcus titanus (Dorcus titanus yasuokai),39.99,35.0,12.5
2026-07-19T08:22:44.785224+00:00,James' Beetle Farm,james-beetle-farm:protaetia-inquinata,Taiwanese Spurred Flower Beetle (Protaetia inquinata),19.99,34.99,75.0
2026-07-19T08:22:44.785224+00:00,Coast2Coast Beetles,coast2coast-beetles:turkey-tail-kinshi-kawaratake-32oz-deli-cup,Turkey Tail Kinshi (Kawaratake) 32oz Deli Cup,15.0,10.0,33.3
2026-07-19T08:22:44.785224+00:00,The World of Isopods,the-world-of-isopods:shiny-gator-isopods,Shiny Gators,175.0,225.0,28.6
2026-07-19T08:22:44.785224+00:00,The World of Isopods,the-world-of-isopods:valencia,P. Valencias,20.0,25.0,25.0
2026-07-19T08:22:44.785224+00:00,Grow Organic,grow-organic:western-rose-garlic,Organic Western Rose Garlic (lb),34.95,36.99,5.8
2026-07-19T08:22:44.785224+00:00,Grow Organic,grow-organic:blueberry-jewel-n-14-each,Jewel Blueberry (Early to Mid Harvest),20.99,25.99,23.8
2026-07-19T08:22:44.785224+00:00,Grow Organic,grow-organic:out-org-red-thumb-fingrlg-potato-lb,Organic Red Thumb Fingerling Seed Potato (lb),7.99,10.99,37.5
2026-07-19T08:22:44.785224+00:00,Grow Organic,grow-organic:out-org-desiree-potato-lb,Organic Desiree Seed Potato (lb),7.99,9.99,25.0
2026-07-19T08:22:44.785224+00:00,Grow Organic,grow-organic:org-viking-purple-potato-lb-15250,Organic Viking Purple Seed Potato (lb),7.99,9.99,25.0
2026-07-19T08:22:44.785224+00:00,Grow Organic,grow-organic:out-org-french-fingerling-potato-lb,Organic French Fingerling Seed Potato (lb),7.99,10.99,37.5
2026-07-19T08:22:44.785224+00:00,Grow Organic,grow-organic:out-org-kennebec-white-potato-lb-15655,Organic Kennebec White Seed Potato (lb),7.99,9.99,25.0
2026-07-19T08:22:44.785224+00:00,Grow Organic,grow-organic:out-org-rose-finn-fingrlg-potato-lb,Organic Rose Finn Fingerling Seed Potato (lb),7.99,10.99,37.5
2026-07-19T08:22:44.785224+00:00,Grow Organic,grow-organic:organic-purple-fiesta-seed-potatoes-lb-1,Organic Purple Fiesta Seed Potato (lb),7.99,9.99,25.0
2026-07-19T08:22:44.785224+00:00,Grow Organic,grow-organic:org-yukon-nugget-potato-lb-15672,Organic Yukon Nugget Seed Potato (lb),7.99,9.99,25.0
2026-07-19T08:22:44.785224+00:00,Grow Organic,grow-organic:org-all-blue-potato-lb-15247,Organic All Blue Seed Potato (lb),7.99,9.99,25.0
2026-07-19T08:22:44.785224+00:00,Grow Organic,grow-organic:chandler-strawberry-plants-bundle-of-approximately-25-nursery-only,Chandler Strawberry Plants (Bundle of Approximately 25) Nursery Only,9.99,24.99,150.2
2026-07-19T08:22:44.785224+00:00,Grow Organic,grow-organic:organic-purple-violet-seed-potatoes-lb,Organic Purple Violet Seed Potato (lb),7.99,9.99,25.0
2026-07-19T08:22:44.785224+00:00,Grow Organic,grow-organic:organic-green-mountain-seed-potatoes-lb,Organic Green Mountain Seed Potato (lb),7.99,9.99,25.0
2026-07-19T08:22:44.785224+00:00,Grow Organic,grow-organic:organic-black-berry-seed-potatoes-lb,Organic Black Berry Seed Potato (lb),7.99,9.99,25.0
2026-07-19T08:22:44.785224+00:00,Grow Organic,grow-organic:organic-german-butterball-potatoes-lb,Organic German Butterball Seed Potato (lb),7.99,9.99,25.0
2026-07-19T08:22:44.785224+00:00,Grow Organic,grow-organic:organic-russian-banana-fingerling-potatoes-lb,Organic Russian Banana Fingerling Seed Potato (lb),7.99,10.99,37.5
2026-07-19T08:22:44.785224+00:00,Grow Organic,grow-organic:collections-organic-seed-potatoes,Organic Norland Red Seed Potato (lb),7.99,9.99,25.0
2026-07-19T08:22:44.785224+00:00,Grow Organic,grow-organic:organic-yukon-gold-potatoes-lb,Organic Yukon Gold Seed Potato (lb),7.99,9.99,25.0
2026-07-19T08:22:44.785224+00:00,Grow Organic,grow-organic:organic-fronteras-strawberry-plants,Organic Fronteras Strawberry Plants,44.99,49.99,11.1
2026-07-19T08:22:44.785224+00:00,Grow Organic,grow-organic:organic-albion-strawberry-plants,Organic Albion Strawberry Plants,44.99,49.99,11.1
2026-07-19T08:22:44.785224+00:00,Grow Organic,grow-organic:organic-seascape-strawberry-plants,Organic Seascape Strawberry Plants,44.99,49.99,11.1
2026-07-19T08:22:44.785224+00:00,Grow Organic,grow-organic:liberty-blueberry-bare-root,Liberty Blueberry (Late Harvest),20.99,27.99,33.3
2026-07-19T08:22:44.785224+00:00,Grow Organic,grow-organic:legacy-blueberry-bare-root,Legacy Blueberry (Mid to Late Harvest),20.99,27.99,33.3
2026-07-19T08:22:44.785224+00:00,Grow Organic,grow-organic:northblue-blueberry-bare-root,Northblue Blueberry (Mid Harvest),20.99,27.99,33.3
2026-07-19T08:22:44.785224+00:00,Grow Organic,grow-organic:polaris-blueberry-bare-root,Polaris Blueberry (Early Harvest),20.99,25.99,23.8
2026-07-19T08:22:44.785224+00:00,Grow Organic,grow-organic:blueberry-misty-each,Misty Blueberry (Early Harvest),20.99,27.99,33.3
2026-07-19T08:22:44.785224+00:00,Grow Organic,grow-organic:blueberry-bluegold-n-14-each,Bluegold Blueberry (Mid Harvest),20.99,27.99,33.3
2026-07-19T08:22:44.785224+00:00,Grow Organic,grow-organic:out-blueberry-reka-n-14-each,Reka Blueberry (Early Harvest),20.99,27.99,33.3
2026-07-19T08:22:44.785224+00:00,Grow Organic,grow-organic:out-blueberry-top-hat-n-3-5-pot-ea,Top Hat Blueberry (Mid Harvest),20.99,27.99,33.3
2026-07-19T08:22:44.785224+00:00,Grow Organic,grow-organic:out-blueberry-emerald-s-14-each,Emerald Blueberry (Mid Harvest),20.99,25.99,23.8
2026-07-19T08:22:44.785224+00:00,Grow Organic,grow-organic:blueberry-chandler-each,Chandler Blueberry (Mid to Late Harvest),20.99,25.99,23.8
2026-07-19T08:22:44.785224+00:00,Grow Organic,grow-organic:blueberry-jubilee-each,Jubilee Blueberry (Mid to Late Harvest),20.99,27.99,33.3
2026-07-19T08:22:44.785224+00:00,Grow Organic,grow-organic:blueberry-jersey,Jersey Blueberry (Late Harvest),20.99,27.99,33.3
2026-07-19T08:22:44.785224+00:00,Grow Organic,grow-organic:blueberry-bluecrop-14-each,Bluecrop Blueberry (Mid Harvest),20.99,25.99,23.8
2026-07-19T08:22:44.785224+00:00,JMZ Butterfly Farm,jmz-butterfly-farm:pipevine-swallowtail-caterpillars-or-chrysalis,Pipevine Swallowtail Caterpillars or Chrysalis,75.0,65.0,13.3
2026-07-19T08:22:44.785224+00:00,Riverbottom Butterflies,riverbottom-butterflies:adult-painted-lady-butterflies,Painted Lady Butterfly for Release (Custom Quantity),6.0,4.5,25.0
2026-07-19T08:22:44.785224+00:00,Buckeye Myrmecology,buckeye-myrmecology:formica-perpilosa,Formica perpilosa,42.0,40.0,4.8
2026-07-19T08:22:44.785224+00:00,Bantam Earth,bantam-earth:legend-of-luna-moth-moss-wall-decor,Legend Of Luna | The Moss Wall Decor,199.99,175.0,12.5
2026-07-19T08:22:44.785224+00:00,Bantam Earth,bantam-earth:luna-moth-terrarium-clock,Legend Of Luna | The Terrarium Clock,249.99,219.0,12.4
2026-07-19T08:22:44.785224+00:00,Bantam Earth,bantam-earth:b-v2-tiny-brine-shrimp-hatchery-kit,Bantamarium V2 Kit | CULT | TINY,34.99,31.0,11.4
2026-07-19T08:22:44.785224+00:00,Bantam Earth,bantam-earth:winter-wonderland-inner-terrain-decor,Winter Wonderland | Inner Terrain Decor,34.99,31.0,11.4
2026-07-19T08:22:44.785224+00:00,Bantam Earth,bantam-earth:mount-fnaf-inner-terrain-decor,Mount FNAF | Inner Terrain Decor,34.99,31.0,11.4
2026-07-19T08:22:44.785224+00:00,Bantam Earth,bantam-earth:mount-six-seven-inner-terrain-decor,Mount Six-Seven | Inner Terrain Decor,34.99,31.0,11.4
2026-07-19T08:22:44.785224+00:00,Bantam Earth,bantam-earth:bantamarium-v2-kit-terrifier-mini,Bantamarium V2 Kit | Terrifier | MINI,149.99,132.0,12.0
2026-07-19T08:22:44.785224+00:00,Bantam Earth,bantam-earth:eda-the-live-bonsai-terrarium-nano,Eda | The Bonsai Terrarium | NANO,354.99,311.0,12.4
2026-07-19T08:22:44.785224+00:00,Bantam Earth,bantam-earth:b-c2-ant-farm-colony-flip,Bantamarium R2 Kit | Colony | FLIP,114.99,101.0,12.2
2026-07-19T08:22:44.785224+00:00,Bantam Earth,bantam-earth:b-c2-ant-enclosure-outworld-flip,Bantamarium R2 Kit | Outworld | FLIP,119.99,105.0,12.5
2026-07-19T08:22:44.785224+00:00,Bantam Earth,bantam-earth:b-c2-ant-farm-clock,Bantamarium C2 Kit | Colony | HORO,129.99,114.0,12.3
2026-07-19T08:22:44.785224+00:00,Bantam Earth,bantam-earth:b-c2-ant-farm-colony-ring,Bantamarium C2 Kit | Colony | RING,109.99,97.0,11.8
2026-07-19T08:22:44.785224+00:00,Bantam Earth,bantam-earth:b-c2-ant-enclosure-clock,Bantamarium C2 Kit | Outworld | HORO,134.99,119.0,11.8
2026-07-19T08:22:44.785224+00:00,Bantam Earth,bantam-earth:b-c2-ant-enclosure-outworld-ring,Bantamarium C2 Kit | Outworld | RING,114.99,101.0,12.2
2026-07-19T08:22:44.785224+00:00,Bantam Earth,bantam-earth:b-c2-horo-terrarium-clock-kit,Bantamarium C2 Kit | HORO,84.99,75.0,11.8
2026-07-19T08:22:44.785224+00:00,Bantam Earth,bantam-earth:b-r2-box-terrarium-kit,Bantamarium R2 Kit | FLIP,64.99,57.0,12.3
2026-07-19T08:22:44.785224+00:00,Bantam Earth,bantam-earth:b-c2-ring-wall-mounted-terrarium,Bantamarium C2 Kit | RING,64.99,57.0,12.3
2026-07-19T08:22:44.785224+00:00,Bantam Earth,bantam-earth:tall-terrarium-base-nano,Bantam V2 Tall Base | NANO,29.99,27.0,10.0
2026-07-19T08:22:44.785224+00:00,Bantam Earth,bantam-earth:r2-terrarium-light-set,Bantam R2 Light Top Set,19.99,18.0,10.0
2026-07-19T08:22:44.785224+00:00,Bantam Earth,bantam-earth:c2-terrarium-light-set,Bantam C2 Light Top Set,19.99,18.0,10.0
2026-07-19T08:22:44.785224+00:00,Bantam Earth,bantam-earth:closed-terrarium-container,Bantamarium V2 VAPO Glassware | MINI,39.99,35.0,12.5
2026-07-19T08:22:44.785224+00:00,Bantam Earth,bantam-earth:b-v2-kit-dock-drawer-mini-vivarium-stand,Bantamarium V2 Kit | DOCK Drawer | MINI,34.99,31.0,11.4
2026-07-19T08:22:44.785224+00:00,Bantam Earth,bantam-earth:b-v2-kit-dock-drawer2-mini-vivarium-stand,Bantamarium V2 Kit | DOCK Drawer 2 | MINI,34.99,31.0,11.4
2026-07-19T08:22:44.785224+00:00,Bantam Earth,bantam-earth:b-v2-kit-dock-pocket2-mini-vivarium-stand,Bantamarium V2 Kit | DOCK Pocket 2 | MINI,29.99,27.0,10.0
2026-07-19T08:22:44.785224+00:00,Bantam Earth,bantam-earth:b-v2-kit-dock-pocket-mini-vivarium-stand,Bantamarium V2 Kit | DOCK Pocket | MINI,27.99,25.0,10.7
2026-07-19T08:22:44.785224+00:00,Bantam Earth,bantam-earth:b-v2-kit-dock-mini-vivarium-stand,Bantamarium V2 Kit | DOCK | MINI,24.99,22.0,12.0
2026-07-19T08:22:44.785224+00:00,Bantam Earth,bantam-earth:b-v2-kit-brine-shrimp-hatchery-kit,Bantamarium V2 Kit | CULT | MINI,89.99,79.0,12.2
2026-07-19T08:22:44.785224+00:00,Bantam Earth,bantam-earth:b-v2-nano-fish-tank,Bantamarium V2 Kit | AQUA | NANO,104.99,92.0,12.4
2026-07-19T08:22:44.785224+00:00,Bantam Earth,bantam-earth:b-v2-mini-fish-tank,Bantamarium V2 Kit | AQUA | MINI,84.99,75.0,11.8
2026-07-19T08:22:44.785224+00:00,Bantam Earth,bantam-earth:b-v2-mini-arid-terrarium-kit,Bantamarium V2 Kit | AERO | MINI,49.99,44.0,12.0
2026-07-19T08:22:44.785224+00:00,Bantam Earth,bantam-earth:b-v2-kit-mini-closed-terrarium-kit,Bantamarium V2 Kit | VAPO | MINI,54.99,49.0,10.9
2026-07-19T08:22:44.785224+00:00,Bantam Earth,bantam-earth:b-v2-nano-terrarium-kit,Bantamarium V2 Kit | NANO,69.99,62.0,11.4
2026-07-19T08:22:44.785224+00:00,Bantam Earth,bantam-earth:bantamarium-tiny-terrarium-kit,Bantamarium V2 Kit | TINY,24.99,22.0,12.0
2026-07-19T08:22:44.785224+00:00,Bantam Earth,bantam-earth:b-v2-ant-enclosure-outworld-kit-2,Bantamarium V2 Kit | Outworld II | MINI,109.99,97.0,11.8
2026-07-19T08:22:44.785224+00:00,Bantam Earth,bantam-earth:b-v2-ant-terrarium-kit-2,Bantamarium V2 Kit | Forage II | MINI,89.99,79.0,12.2
2026-07-19T08:22:44.785224+00:00,Bantam Earth,bantam-earth:b-v2-starter-ant-farm-kit-2,Bantamarium V2 Kit | Colony II | MINI,104.99,92.0,12.4
2026-07-19T08:22:44.785224+00:00,Bantam Earth,bantam-earth:tiny-reef-saltwater-aquarium-keychain,Reef | The Saltwater Aquarium | TINY Keychain,69.99,62.0,11.4
2026-07-19T08:22:44.785224+00:00,Bantam Earth,bantam-earth:tiny-botanical-blackwater-aquarium-keychain,Botanical | The Blackwater Aquarium | TINY Keychain,69.99,62.0,11.4
2026-07-19T08:22:44.785224+00:00,Bantam Earth,bantam-earth:tiny-planted-freshwater-aquarium-keychain,Planted | The Freshwater Aquarium | TINY Keychain,69.99,62.0,11.4
2026-07-19T08:22:44.785224+00:00,Bantam Earth,bantam-earth:tiny-karma-buddha-terrarium-keychain,Karma | The Buddha Terrarium | TINY Keychain,69.99,62.0,11.4
2026-07-19T08:22:44.785224+00:00,Bantam Earth,bantam-earth:tiny-eda-bonsai-terrarium-keychain,Eda | The Bonsai Terrarium | TINY Keychain,69.99,62.0,11.4
2026-07-19T08:22:44.785224+00:00,Bantam Earth,bantam-earth:tiny-mycelium-mushroom-terrarium-keychain,Mycelium | The Mushroom Terrarium | TINY Keychain,69.99,62.0,11.4
2026-07-19T08:22:44.785224+00:00,Bantam Earth,bantam-earth:tiny-summer-in-rome-terrarium-keychain,Summer In Rome | The Roman Terrarium | TINY Keychain,69.99,62.0,11.4
2026-07-19T08:22:44.785224+00:00,Bantam Earth,bantam-earth:tiny-winter-in-japan-japanese-terrarium-keychain,Winter In Japan | The Japanese Terrarium | TINY Keychain,69.99,62.0,11.4
2026-07-22T08:32:10.220816+00:00,USMANTIS,usmantis:deroplatys-gorochovi-dead-leaf-mantis,Deroplatys gorochovi dead leaf mantis NEW species,35.0,36.0,2.9
2026-07-22T08:32:10.220816+00:00,DubiaRoaches.com,dubiaroaches:125w-heat-panel-reptile-habitat-auction-25,125w Heat Panel Reptile Habitat Auction,151.0,99.0,34.4
2026-07-22T08:32:10.220816+00:00,DubiaRoaches.com,dubiaroaches:medium-discoid-roaches-500ct-auction-20,Medium Discoid Roaches 500ct Auction,50.0,66.0,32.0
2026-07-22T08:32:10.220816+00:00,DubiaRoaches.com,dubiaroaches:large-dubia-roaches-250ct-auction-19,Large Dubia Roaches 250ct Auction,24.0,45.0,87.5
2026-07-22T08:32:10.220816+00:00,DubiaRoaches.com,dubiaroaches:18x18x24-33-gallon-arboreal-reptile-enclosure-v3-auction-16,18x18x24 (33 Gallon) Arboreal Reptile Enclosure V3 Auction,136.0,150.0,10.3
2026-07-22T08:32:10.220816+00:00,DubiaRoaches.com,dubiaroaches:large-hornworm-6ct-case-of-12-auction-49,Large Hornworm 6ct (Case Of 12) Auction,20.0,21.0,5.0
2026-07-22T08:32:10.220816+00:00,DubiaRoaches.com,dubiaroaches:xl-dubia-roaches-250ct-auction-44,XL Dubia Roaches 250ct Auction,31.0,47.0,51.6
2026-07-22T08:32:10.220816+00:00,DubiaRoaches.com,dubiaroaches:dubia-roaches-medium-500ct-auction-43,Dubia Roaches Medium 500ct Auction,50.0,56.0,12.0
2026-07-22T08:32:10.220816+00:00,DubiaRoaches.com,dubiaroaches:large-discoid-250ct-auction-47,Large Discoid 250ct Auction,25.0,45.0,80.0
2026-07-22T08:32:10.220816+00:00,DubiaRoaches.com,dubiaroaches:medium-hornworm-24ct-case-of-12-auction-35,Medium Hornworm 24ct (Case Of 12) Auction,12.0,30.0,150.0
2026-07-22T08:32:10.220816+00:00,DubiaRoaches.com,dubiaroaches:24x18x36-67-gallon-arboreal-auction-18,24x18x36 (67 Gallon) Arboreal Auction,179.0,165.0,7.8
2026-07-22T08:32:10.220816+00:00,DubiaRoaches.com,dubiaroaches:medium-mealworm-500ct-auction-16,Medium Mealworm 500ct Auction,18.0,9.0,50.0
2026-07-22T08:32:10.220816+00:00,Flow Hive,flow-hive:brood-box-flow-hive-2,Brood Box – Flow Hive 2,51.2,48.0,6.3
2026-07-22T08:32:10.220816+00:00,Exotics Source,exotics-source:regal-jumping-spider-amber,Regal Jumping Spider “Amber”,95.0,75.0,21.1
2026-07-22T08:32:10.220816+00:00,Exotics Source,exotics-source:regal-jumping-spider-cider-grove,Regal Jumping Spider “Cider Grove”,75.0,95.0,26.7
2026-07-22T08:32:10.220816+00:00,Exotics Source,exotics-source:regal-jumping-spider-blush,"Regal Jumping Spider ""Blush""",95.0,75.0,21.1
2026-07-22T08:32:10.220816+00:00,Exotics Source,exotics-source:regal-jumping-spider-purple-haze,"Regal Jumping Spider ""Purple Haze""",95.0,75.0,21.1
2026-07-22T08:32:10.220816+00:00,Exotics Source,exotics-source:regal-jumping-spider-camellia,Regal Jumping Spider “Camellia”,75.0,95.0,26.7
2026-07-22T08:32:10.220816+00:00,Exotics Source,exotics-source:regal-jumping-spider-clover,"Regal Jumping Spider ""Clover""",95.0,75.0,21.1
2026-07-22T08:32:10.220816+00:00,Exotics Source,exotics-source:regal-jumping-spider-almond,"Regal Jumping Spider ""Almond""",95.0,75.0,21.1
2026-07-22T08:32:10.220816+00:00,Exotics Source,exotics-source:regal-jumping-spider-beth,"Regal Jumping Spider ""Beth""",95.0,75.0,21.1
2026-07-22T08:32:10.220816+00:00,Spider Shoppe,spider-shoppe:vancouver-picl-up-tliltocatl-albopilosum-nicaraguan-curly-hair,[Vancouver Pick-up] Tliltocatl albopilosum (Nicaraguan Curly Hair),28.0,10.0,64.3
2026-07-22T08:32:10.220816+00:00,Big Apple Herp,big-apple-herp:asian-vine-snakes,Asian Vine Snakes,229.0,54.95,76.0
2026-07-22T08:32:10.220816+00:00,Big Apple Herp,big-apple-herp:canadian-nightcrawlers,Canadian Nightcrawlers,12.99,13.99,7.7
2026-07-22T08:32:10.220816+00:00,Big Apple Herp,big-apple-herp:hornworms-for-sale,HornWorms,14.95,19.95,33.4
2026-07-22T08:32:10.220816+00:00,James' Beetle Farm,james-beetle-farm:allotopus-moellenkampi-babai,Allotopus moellenkampi babai,249.99,59.99,76.0
2026-07-22T08:32:10.220816+00:00,Coast2Coast Beetles,coast2coast-beetles:untitled-may29_18-29-30,Cyclommatus Metallifer Finae Adult Male (QUICK SALE),59.99,25.0,58.3
2026-07-22T08:32:10.220816+00:00,Coast2Coast Beetles,coast2coast-beetles:propomacrus-bimucronatus-turkey-long-arm-beetle,TAKE ONE FREE PER ORER!Propomacrus bimucronatus (Turkey Long Arm Beetle),15.0,19.99,33.3
2026-07-22T08:32:10.220816+00:00,Rubber Ducky Isopods,rubber-ducky-isopods:white-springtails-folsomia-candida-or-collembola-sp,Springtails (Clean-Up Crew) | Bioactive Essential,15.49,21.49,38.7
2026-07-22T08:32:10.220816+00:00,Pangea Reptile,pangea-reptile:male-extreme-harlequin-crested-gecko-cr-2104,Male Extreme Harlequin Crested Gecko Cr-2104,499.99,374.99,25.0
2026-07-22T08:32:10.220816+00:00,Pangea Reptile,pangea-reptile:male-tricolor-xxx-crested-gecko-cr-2612,Male Tricolor Extreme Harlequin Crested Gecko Cr-2612,749.99,599.99,20.0
2026-07-22T08:32:10.220816+00:00,Pangea Reptile,pangea-reptile:male-xxx-crested-gecko-cr-2031,Male XXX Crested Gecko Cr-2031,349.99,299.99,14.3
2026-07-22T08:32:10.220816+00:00,Pangea Reptile,pangea-reptile:female-harlequin-crested-gecko-cr-1904,Female Harlequin Crested Gecko Cr-1904,449.99,249.99,44.4
2026-07-22T08:32:10.220816+00:00,Pangea Reptile,pangea-reptile:male-pinstripe-crested-gecko-cr-1894,Male Pinstripe Crested Gecko Cr-1894,399.99,249.99,37.5
2026-07-22T08:32:10.220816+00:00,Pangea Reptile,pangea-reptile:male-extreme-harlequin-crested-gecko-cr-1843,Male Extreme Harlequin Crested Gecko Cr-1843,549.99,374.99,31.8
2026-07-22T08:32:10.220816+00:00,Pangea Reptile,pangea-reptile:male-extreme-harlequin-crested-gecko-cr-1764,Male Extreme Harlequin Crested Gecko Cr-1764,349.99,274.99,21.4
2026-07-22T08:32:10.220816+00:00,Pangea Reptile,pangea-reptile:male-extreme-harlequin-crested-gecko-cr-1756,Male Extreme Harlequin Crested Gecko Cr-1756,849.99,574.99,32.4
2026-07-22T08:32:10.220816+00:00,Grow Organic,grow-organic:sequoia-strawberry-plants,Sequoia Strawberry Plants,19.99,24.99,25.0
2026-07-22T08:32:10.220816+00:00,Bantam Earth,bantam-earth:legend-of-luna-moth-moss-wall-decor,Legend Of Luna | The Moss Wall Decor,175.0,199.99,14.3
2026-07-22T08:32:10.220816+00:00,Bantam Earth,bantam-earth:luna-moth-terrarium-clock,Legend Of Luna | The Terrarium Clock,219.0,249.99,14.2
2026-07-22T08:32:10.220816+00:00,Bantam Earth,bantam-earth:b-v2-tiny-brine-shrimp-hatchery-kit,Bantamarium V2 Kit | CULT | TINY,31.0,34.99,12.9
2026-07-22T08:32:10.220816+00:00,Bantam Earth,bantam-earth:winter-wonderland-inner-terrain-decor,Winter Wonderland | Inner Terrain Decor,31.0,34.99,12.9
2026-07-22T08:32:10.220816+00:00,Bantam Earth,bantam-earth:mount-fnaf-inner-terrain-decor,Mount FNAF | Inner Terrain Decor,31.0,34.99,12.9
2026-07-22T08:32:10.220816+00:00,Bantam Earth,bantam-earth:mount-six-seven-inner-terrain-decor,Mount Six-Seven | Inner Terrain Decor,31.0,34.99,12.9
2026-07-22T08:32:10.220816+00:00,Bantam Earth,bantam-earth:bantamarium-v2-kit-terrifier-mini,Bantamarium V2 Kit | Terrifier | MINI,132.0,149.99,13.6
2026-07-22T08:32:10.220816+00:00,Bantam Earth,bantam-earth:eda-the-live-bonsai-terrarium-nano,Eda | The Bonsai Terrarium | NANO,311.0,354.99,14.1
2026-07-22T08:32:10.220816+00:00,Bantam Earth,bantam-earth:b-c2-ant-farm-colony-flip,Bantamarium R2 Kit | Colony | FLIP,101.0,114.99,13.9
2026-07-22T08:32:10.220816+00:00,Bantam Earth,bantam-earth:b-c2-ant-enclosure-outworld-flip,Bantamarium R2 Kit | Outworld | FLIP,105.0,119.99,14.3
2026-07-22T08:32:10.220816+00:00,Bantam Earth,bantam-earth:b-c2-ant-farm-clock,Bantamarium C2 Kit | Colony | HORO,114.0,129.99,14.0
2026-07-22T08:32:10.220816+00:00,Bantam Earth,bantam-earth:b-c2-ant-farm-colony-ring,Bantamarium C2 Kit | Colony | RING,97.0,109.99,13.4
2026-07-22T08:32:10.220816+00:00,Bantam Earth,bantam-earth:b-c2-ant-enclosure-clock,Bantamarium C2 Kit | Outworld | HORO,119.0,134.99,13.4
2026-07-22T08:32:10.220816+00:00,Bantam Earth,bantam-earth:b-c2-ant-enclosure-outworld-ring,Bantamarium C2 Kit | Outworld | RING,101.0,114.99,13.9
2026-07-22T08:32:10.220816+00:00,Bantam Earth,bantam-earth:b-c2-horo-terrarium-clock-kit,Bantamarium C2 Kit | HORO,75.0,84.99,13.3
2026-07-22T08:32:10.220816+00:00,Bantam Earth,bantam-earth:b-r2-box-terrarium-kit,Bantamarium R2 Kit | FLIP,57.0,64.99,14.0
2026-07-22T08:32:10.220816+00:00,Bantam Earth,bantam-earth:b-c2-ring-wall-mounted-terrarium,Bantamarium C2 Kit | RING,57.0,64.99,14.0
2026-07-22T08:32:10.220816+00:00,Bantam Earth,bantam-earth:tall-terrarium-base-nano,Bantam V2 Tall Base | NANO,27.0,29.99,11.1
2026-07-22T08:32:10.220816+00:00,Bantam Earth,bantam-earth:r2-terrarium-light-set,Bantam R2 Light Top Set,18.0,19.99,11.1
2026-07-22T08:32:10.220816+00:00,Bantam Earth,bantam-earth:c2-terrarium-light-set,Bantam C2 Light Top Set,18.0,19.99,11.1
2026-07-22T08:32:10.220816+00:00,Bantam Earth,bantam-earth:closed-terrarium-container,Bantamarium V2 VAPO Glassware | MINI,35.0,39.99,14.3
2026-07-22T08:32:10.220816+00:00,Bantam Earth,bantam-earth:b-v2-kit-dock-drawer-mini-vivarium-stand,Bantamarium V2 Kit | DOCK Drawer | MINI,31.0,34.99,12.9
2026-07-22T08:32:10.220816+00:00,Bantam Earth,bantam-earth:b-v2-kit-dock-drawer2-mini-vivarium-stand,Bantamarium V2 Kit | DOCK Drawer 2 | MINI,31.0,34.99,12.9
2026-07-22T08:32:10.220816+00:00,Bantam Earth,bantam-earth:b-v2-kit-dock-pocket2-mini-vivarium-stand,Bantamarium V2 Kit | DOCK Pocket 2 | MINI,27.0,29.99,11.1
2026-07-22T08:32:10.220816+00:00,Bantam Earth,bantam-earth:b-v2-kit-dock-pocket-mini-vivarium-stand,Bantamarium V2 Kit | DOCK Pocket | MINI,25.0,27.99,12.0
2026-07-22T08:32:10.220816+00:00,Bantam Earth,bantam-earth:b-v2-kit-dock-mini-vivarium-stand,Bantamarium V2 Kit | DOCK | MINI,22.0,24.99,13.6
2026-07-22T08:32:10.220816+00:00,Bantam Earth,bantam-earth:b-v2-kit-brine-shrimp-hatchery-kit,Bantamarium V2 Kit | CULT | MINI,79.0,89.99,13.9
2026-07-22T08:32:10.220816+00:00,Bantam Earth,bantam-earth:b-v2-nano-fish-tank,Bantamarium V2 Kit | AQUA | NANO,92.0,104.99,14.1
2026-07-22T08:32:10.220816+00:00,Bantam Earth,bantam-earth:b-v2-mini-fish-tank,Bantamarium V2 Kit | AQUA | MINI,75.0,84.99,13.3
2026-07-22T08:32:10.220816+00:00,Bantam Earth,bantam-earth:b-v2-mini-arid-terrarium-kit,Bantamarium V2 Kit | AERO | MINI,44.0,49.99,13.6
2026-07-22T08:32:10.220816+00:00,Bantam Earth,bantam-earth:b-v2-kit-mini-closed-terrarium-kit,Bantamarium V2 Kit | VAPO | MINI,49.0,54.99,12.2
2026-07-22T08:32:10.220816+00:00,Bantam Earth,bantam-earth:b-v2-nano-terrarium-kit,Bantamarium V2 Kit | NANO,62.0,69.99,12.9
2026-07-22T08:32:10.220816+00:00,Bantam Earth,bantam-earth:bantamarium-tiny-terrarium-kit,Bantamarium V2 Kit | TINY,22.0,24.99,13.6
2026-07-22T08:32:10.220816+00:00,Bantam Earth,bantam-earth:b-v2-ant-enclosure-outworld-kit-2,Bantamarium V2 Kit | Outworld II | MINI,97.0,109.99,13.4
2026-07-22T08:32:10.220816+00:00,Bantam Earth,bantam-earth:b-v2-ant-terrarium-kit-2,Bantamarium V2 Kit | Forage II | MINI,79.0,89.99,13.9
2026-07-22T08:32:10.220816+00:00,Bantam Earth,bantam-earth:b-v2-starter-ant-farm-kit-2,Bantamarium V2 Kit | Colony II | MINI,92.0,104.99,14.1
2026-07-22T08:32:10.220816+00:00,Bantam Earth,bantam-earth:tiny-reef-saltwater-aquarium-keychain,Reef | The Saltwater Aquarium | TINY Keychain,62.0,69.99,12.9
2026-07-22T08:32:10.220816+00:00,Bantam Earth,bantam-earth:tiny-botanical-blackwater-aquarium-keychain,Botanical | The Blackwater Aquarium | TINY Keychain,62.0,69.99,12.9
2026-07-22T08:32:10.220816+00:00,Bantam Earth,bantam-earth:tiny-planted-freshwater-aquarium-keychain,Planted | The Freshwater Aquarium | TINY Keychain,62.0,69.99,12.9
2026-07-22T08:32:10.220816+00:00,Bantam Earth,bantam-earth:tiny-karma-buddha-terrarium-keychain,Karma | The Buddha Terrarium | TINY Keychain,62.0,69.99,12.9
2026-07-22T08:32:10.220816+00:00,Bantam Earth,bantam-earth:tiny-eda-bonsai-terrarium-keychain,Eda | The Bonsai Terrarium | TINY Keychain,62.0,69.99,12.9
2026-07-22T08:32:10.220816+00:00,Bantam Earth,bantam-earth:tiny-mycelium-mushroom-terrarium-keychain,Mycelium | The Mushroom Terrarium | TINY Keychain,62.0,69.99,12.9
2026-07-22T08:32:10.220816+00:00,Bantam Earth,bantam-earth:tiny-summer-in-rome-terrarium-keychain,Summer In Rome | The Roman Terrarium | TINY Keychain,62.0,69.99,12.9
2026-07-22T08:32:10.220816+00:00,Bantam Earth,bantam-earth:tiny-winter-in-japan-japanese-terrarium-keychain,Winter In Japan | The Japanese Terrarium | TINY Keychain,62.0,69.99,12.9
2026-07-26T08:29:41.051557+00:00,The Defiant Forest,the-defiant-forest:giant-african-peach-ringed-millipede-odontostreptus-sjoestedti,Giant African Ringed Millipede | Odontostreptus sjoestedti - Peach locale variation,75.0,59.0,21.3
2026-07-26T08:29:41.051557+00:00,The Defiant Forest,the-defiant-forest:bi-color-avatar-millipedes-spirotreptida-sp-red-yellow-legs,"Captive Bred Bi-Color Avatar Millipedes, Salpidobolus sp. | Bright Yellow Legs & Antennae",65.0,85.0,30.8
2026-07-26T08:29:41.051557+00:00,Ty Dye Exotics,ty-dye-exotics:fufius-lanicius-gold-digger-trapdoor-spider-golden-waferlid-trapdoor-spider-live-arrival-guarantee,Fufius lanicius – Gold Digger Trapdoor Spider | Golden Waferlid Trapdoor Spider | Live Arrival Guarantee,39.99,30.89,22.8
2026-07-26T08:29:41.051557+00:00,Ty Dye Exotics,ty-dye-exotics:cyclocosmia-latusicosta-vietnamese-oreo-butt-trapdoor-spider,Cyclocosmia latusicosta – Vietnamese Oreo Butt Trapdoor Spider | Disc-Abdomen Mygalomorph | Live Arrival Guarantee,84.99,55.29,34.9
2026-07-26T08:29:41.051557+00:00,Ty Dye Exotics,ty-dye-exotics:euathlus-truculentus-hermosa-chilean-emerald-beauty-tarantula-rare-dwarf-new-world-species-live-arrival-guarantee,Euathlus truculentus ‘Hermosa’ – Chilean Emerald Beauty Tarantula | Rare Dwarf New World Species | Live Arrival Guarantee,249.99,123.89,50.4
2026-07-26T08:29:41.051557+00:00,Ty Dye Exotics,ty-dye-exotics:euathlus-manicatus-gold-chilean-golden-flame-tarantula-rare-dwarf-new-world-species-live-arrival-guarantee,Euathlus manicatus ‘Gold’ – Chilean Golden Flame Tarantula | Rare Dwarf New World Species | Live Arrival Guarantee,234.99,123.89,47.3
2026-07-26T08:29:41.051557+00:00,Ty Dye Exotics,ty-dye-exotics:euathlus-manicatus-black-chilean-black-flame-tarantula-rare-dwarf-new-world-species-live-arrival-guarantee,Euathlus manicatus ‘Black’ – Chilean Black Flame Tarantula | Rare Dwarf New World Species | Live Arrival Guarantee,199.99,143.89,28.1
2026-07-26T08:29:41.051557+00:00,Ty Dye Exotics,ty-dye-exotics:euathlus-sp-bronce-chilean-bronze-flame-tarantula-rare-dwarf-new-world-species-live-arrival-guarantee,Euathlus sp. Bronce – Chilean Bronze Flame Tarantula | Rare Dwarf New World Species | Live Arrival Guarantee,164.99,118.79,28.0
2026-07-26T08:29:41.051557+00:00,Ty Dye Exotics,ty-dye-exotics:devicarina-guidonae-saffron-dwarf-pumpkin-tarantula-rare-miniature-species-live-arrival-guarantee,Devicarina guidonae – Saffron Dwarf Pumpkin Tarantula | Ultra-Rare Miniature Species | Live Arrival Guarantee,424.99,299.0,29.6
2026-07-26T08:29:41.051557+00:00,Ty Dye Exotics,ty-dye-exotics:euathlus-truculentus-blue-chilean-blue-beauty-stunning-blue-femur-jewel-live-arrival-guarantee,Euathlus truculentus 'Blue' – Chilean Blue Beauty | Stunning Blue Femur Jewel | Live Arrival Guarantee,144.99,124.24,14.3
2026-07-26T08:29:41.051557+00:00,Ty Dye Exotics,ty-dye-exotics:euathlus-sp-smaragd-tiger-chilean-emerald-tiger-metallic-green-striped-beauty-live-arrival-guarantee,Euathlus sp Smaragd Tiger – Chilean Emerald Tiger | Metallic Green Striped Beauty | Live Arrival Guarantee,249.99,189.79,24.1
2026-07-26T08:29:41.051557+00:00,Ty Dye Exotics,ty-dye-exotics:megaphobema-sp-white-colombian-giant-white-leg-tarantula-rare-terrestrial-giant-live-arrival-guarantee,Megaphobema sp White – Colombian Giant White Leg Tarantula | Rare Terrestrial Giant | Live Arrival Guarantee,249.99,169.39,32.2
2026-07-26T08:29:41.051557+00:00,Ty Dye Exotics,ty-dye-exotics:xenesthis-sp-white-colombian-lesser-white-tarantula-black-pink-giant-live-arrival-guarantee,Xenesthis sp White – Colombian Lesser White Tarantula | Black & Pink Giant | Live Arrival Guarantee,359.0,237.79,33.8
2026-07-26T08:29:41.051557+00:00,Ty Dye Exotics,ty-dye-exotics:phoneutria-depilata-panama-wandering-spider-medically-significant-venom-live-arrival-guarantee,Phoneutria depilata – Panama Wandering Spider | Medically Significant Venom | Live Arrival Guarantee,99.99,47.79,52.2
2026-07-26T08:29:41.051557+00:00,Ty Dye Exotics,ty-dye-exotics:tapinauchenius-sp-yasuni-yasuni-tree-spider-metallic-gold-arboreal-species-live-arrival-guarantee,Tapinauchenius sp Yasuni – Yasuni Tree Spider | Metallic Gold Arboreal Species | Live Arrival Guarantee,144.99,99.99,31.0
2026-07-26T08:29:41.051557+00:00,Ty Dye Exotics,ty-dye-exotics:sericopelma-sp-darien-darien-birdeater-tarantula-stunning-pink-black-species-live-arrival-guarantee,Sericopelma sp Darien – Darien Birdeater Tarantula | Stunning Pink & Black Species | Live Arrival Guarantee,124.99,74.29,40.6
2026-07-26T08:29:41.051557+00:00,Ty Dye Exotics,ty-dye-exotics:ischnocolus-jickelii-blue-dhofar-blue-dwarf-tarantula-for-sale-live-arrival-guarantee,Ischnocolus jickelii 'Blue' - Dhofar Blue Dwarf Tarantula for Sale | Live Arrival Guarantee,154.99,84.99,45.2
2026-07-26T08:29:41.051557+00:00,Ty Dye Exotics,ty-dye-exotics:brachionopus-sp-limpopo-limpopo-dwarf-tarantula-for-sale-live-arrival-guarantee,Brachionopus sp Limpopo - Limpopo Dwarf Tarantula for Sale | Live Arrival Guarantee,54.99,43.79,20.4
2026-07-26T08:29:41.051557+00:00,Insect Lore,insect-lore:home-school-edition-butterfly-garden-with-live-cup-of-caterpillars,Butterfly Garden® Early Learning Edition with Live Caterpillars,34.99,39.99,14.3
2026-07-26T08:29:41.051557+00:00,DubiaRoaches.com,dubiaroaches:medium-discoid-roaches-500ct-auction-21,Medium Discoid Roaches 500ct Auction,57.0,51.0,10.5
2026-07-26T08:29:41.051557+00:00,DubiaRoaches.com,dubiaroaches:dubia-roaches-medium-500ct-auction-45,Dubia Roaches Medium 500ct Auction,56.0,50.0,10.7
2026-07-26T08:29:41.051557+00:00,DubiaRoaches.com,dubiaroaches:large-calcigrubs-500ct-auction-12,Large CalciGrubs 500ct Auction,4.0,6.0,50.0
2026-07-26T08:29:41.051557+00:00,DubiaRoaches.com,dubiaroaches:24x18x36-67-gallon-arboreal-auction-19,24x18x36 (67 Gallon) Arboreal Auction,165.0,169.0,2.4
2026-07-26T08:29:41.051557+00:00,DubiaRoaches.com,dubiaroaches:large-dubia-roaches-250ct-auction-20,Large Dubia Roaches 250ct Auction,31.0,32.0,3.2
2026-07-26T08:29:41.051557+00:00,DubiaRoaches.com,dubiaroaches:medium-hornworm-24ct-case-of-12-auction-36,Medium Hornworm 24ct (Case Of 12) Auction,30.0,6.0,80.0
2026-07-26T08:29:41.051557+00:00,Fear Not Tarantulas,fear-not-tarantulas:dolichothele-diamantinensis-brazilian-blue-dwarf-beauty-tarantula,"Dolichothele diamantinensis (Brazilian Blue Dwarf Beauty Tarantula) about 1/2"" - 3/4""",65.0,85.0,30.8
2026-07-26T08:29:41.051557+00:00,Fear Not Tarantulas,fear-not-tarantulas:fear-not-walk-in-the-park-journey-pack,"A Walk In The Park Journey Pack!  2 SPIDERLINGS WITH HABITATS. Perfect for any keeper, even first time tarantula keepers!  SEE DESCRIPTION! *ONE PER SHIPMENT*",125.0,74.0,40.8
2026-07-26T08:29:41.051557+00:00,Exotics Source,exotics-source:regal-jumping-spider-wine,"Regal Jumping Spider ""Wine""",95.0,75.0,21.1
2026-07-26T08:29:41.051557+00:00,Spider Shoppe,spider-shoppe:phormictopus-sp-dominican-purple-dominican-purple-birdeater,Phormictopus sp 'Dominican Purple' (Dominican Purple Birdeater),62.0,72.0,16.1
2026-07-26T08:29:41.051557+00:00,Spider Shoppe,spider-shoppe:euathlus-sp-hermosa-chilean-beauty,Euathlus sp 'Hermosa' (Chilean Beauty),148.0,78.0,47.3
2026-07-26T08:29:41.051557+00:00,Spider Shoppe,spider-shoppe:euathlus-sp-smaragd-tiger-emerald-tiger-1,Euathlus sp 'Tigre Esmeralda' (Emerald Tiger),198.0,178.0,10.1
2026-07-26T08:29:41.051557+00:00,Spider Shoppe,spider-shoppe:bonnetina-hijmenseni-0-25,Bonnetina hijmenseni (Eddy's Mexican Beauty),98.0,198.0,102.0
2026-07-26T08:29:41.051557+00:00,Spider Shoppe,spider-shoppe:ornithoctoninae-sp-viridis-black-femur-tarantula-0-75-1,Ornithoctoninae sp 'Viridis' (Black Femur Tarantula),124.0,98.0,21.0
2026-07-26T08:29:41.051557+00:00,US Invertebrate LLC,us-invertebrate:lygodactylus-williamsi-electric-blue-day-gecko,Lygodactylus Williamsi (Electric blue day gecko),225.0,150.0,33.3
2026-07-26T08:29:41.051557+00:00,Micro Wilderness,micro-wilderness:phiddipus-regius-regal-jumping-spider-male,Phiddipus Regius- Regal Jumping Spider Male- captive bred juveniles,39.99,29.99,25.0
2026-07-26T08:29:41.051557+00:00,Buddha Bugs,buddha-bugs:latrodectus-mactans-southern-black-widow-spider-for-sale,"Latrodectus mactans (Southern black widow spider) 0.125""",45.0,15.0,66.7
2026-07-26T08:29:41.051557+00:00,Buddha Bugs,buddha-bugs:heteropoda-lunula-malaysian-purple-huntsman-spider-for-sale,"Heteropoda lunula (purple huntsman spider) 0.5""-0.75""",30.0,40.0,33.3
2026-07-26T08:29:41.051557+00:00,Buddha Bugs,buddha-bugs:phormictopus-auratus-cuban-bronze-tarantula-for-sale,"Phormictopus auratus (Cuban bronze tarantula) 0.75""",45.0,30.0,33.3
2026-07-26T08:29:41.051557+00:00,Gallegos Zoological,gallegos-zoological:ceratophrys-cranwelli-samurai-blue-pacman-frog,Ceratophrys cranwelli (Samurai Blue Pacman Frog),45.0,60.0,33.3
2026-07-26T08:29:41.051557+00:00,Big Apple Herp,big-apple-herp:ball-pythons-under-149,Ball Pythons Under $149,64.95,69.95,7.7
2026-07-26T08:29:41.051557+00:00,Big Apple Herp,big-apple-herp:peach-earth-tiger-tarantulas,Peach Earth Tiger Tarantulas,74.95,49.0,34.6
2026-07-26T08:29:41.051557+00:00,Big Apple Herp,big-apple-herp:colorado-river-toads,Colorado River Toads,89.95,79.95,11.1
2026-07-26T08:29:41.051557+00:00,Big Apple Herp,big-apple-herp:brown-roughneck-monitors,Brown Roughneck Monitors,429.95,399.95,7.0
2026-07-26T08:29:41.051557+00:00,Big Apple Herp,big-apple-herp:black-roughneck-monitors,Black Roughneck Monitors,369.0,329.95,10.6
2026-07-26T08:29:41.051557+00:00,Big Apple Herp,big-apple-herp:tricolor-hognose-snakes,TriColor Hognose Snakes,339.0,219.95,35.1
2026-07-26T08:29:41.051557+00:00,Big Apple Herp,big-apple-herp:coastal-stripe-california-kingsnakes,Striped California Kingsnakes,74.95,89.95,20.0
2026-07-26T08:29:41.051557+00:00,Big Apple Herp,big-apple-herp:java-water-monitors-babies,Java Water Monitors,139.0,249.95,79.8
2026-07-26T08:29:41.051557+00:00,Big Apple Herp,big-apple-herp:copy-of-dispar-uromastyx,"Red ""Niger"" Saharan Uromastyx",119.95,89.95,25.0
2026-07-26T08:29:41.051557+00:00,Coast2Coast Beetles,coast2coast-beetles:quick-sale-10x-propomacrus-bimucronatus-turkey-long-arm-beetle,Quick Sale 10x Propomacrus bimucronatus (Turkey Long Arm Beetle),100.0,40.0,60.0
2026-07-26T08:29:41.051557+00:00,Coast2Coast Beetles,coast2coast-beetles:propomacrus-bimucronatus-turkey-long-arm-beetle,Propomacrus bimucronatus (Turkey Long Arm Beetle),19.99,5.0,75.0
2026-07-26T08:29:41.051557+00:00,Coast2Coast Beetles,coast2coast-beetles:beetle-jelly-cutter-splitter-free-shipping,Beetle Jelly Cutter/Splitter (FREE SHIPPING),22.99,25.99,13.0
2026-07-26T08:29:41.051557+00:00,Coast2Coast Beetles,coast2coast-beetles:cyclommatus-metallifer-l1-l2-larvae,Cyclommatus metallifer finae (Metallic Stag Beetle),24.99,10.0,60.0
2026-07-26T08:29:41.051557+00:00,The Bio Dude,the-bio-dude:cyclocosmia-latusicosta-vietnamese-oreo-butt-trapdoor-spider-disc-abdomen-mygalomorph-live-arrival-guarantee,Cyclocosmia latusicosta – Vietnamese Oreo Butt Trapdoor Spider | Disc-Abdomen Mygalomorph | TDE,84.99,55.29,34.9
2026-07-26T08:29:41.051557+00:00,The Bio Dude,the-bio-dude:devicarina-guidonae-saffron-dwarf-pumpkin-tarantula-ultra-rare-miniature-species-live-arrival-guarantee,Devicarina guidonae – Saffron Dwarf Pumpkin Tarantula | Ultra-Rare Miniature Species | TDE,424.99,299.0,29.6
2026-07-26T08:29:41.051557+00:00,The Bio Dude,the-bio-dude:xenesthis-sp-light-light-beauty-birdeater-tarantula-pastel-colombian-giant-live-arrival-guarantee,Xenesthis sp Light – Light Beauty Birdeater Tarantula | Pastel Colombian Giant | TDE,329.0,224.89,31.6
2026-07-26T08:29:41.051557+00:00,Tip Top Bio,tip-top-bio:praying-mantis,Praying Mantis,15.99,12.79,20.0
2026-07-26T08:29:41.051557+00:00,Tar Heel Ants,tar-heel-ants:myrmecocystus-mendax-25-30-workers-queen-w-mini-hearth,"Myrmecocystus mendax (8-12 workers, Queen) Mini Hearth Bundle",129.99,139.99,7.7
2026-07-26T08:29:41.051557+00:00,Dubi Deli,dubi-deli:black-soldier-fly-larvae,Black Soldier Fly Larvae,3.5,5.0,42.9
2026-07-26T08:29:41.051557+00:00,AntGear,antgear:dorymyrmex-bicolor,Bicolored Pyramid Ant (Dorymyrmex bicolor),39.99,23.99,40.0
2026-07-26T08:29:41.051557+00:00,AntGear,antgear:pogonomyrmex-bicolor,Bicolor Harvester Ant (Pogonomyrmex bicolor),69.99,24.99,64.3
2026-07-26T08:29:41.051557+00:00,AntGear,antgear:pheidole-militicida,Militant Big-Headed Ants (Pheidole militicida),109.99,54.99,50.0
2026-07-26T08:29:41.051557+00:00,AntGear,antgear:camponotus-pudorosus,Camponotus pudorosus,44.99,24.99,44.5
2026-07-26T08:29:41.051557+00:00,AntGear,antgear:camponotus-ocreatus,Camponotus ocreatus,64.99,54.99,15.4
2026-07-26T08:29:41.051557+00:00,AntGear,antgear:pheidole-rhea,Massive Big-Headed Ants (Pheidole rhea),199.99,64.99,67.5
2026-07-29T08:44:09.176473+00:00,PanTerra Pets,panterra-pets:giant-asian-mantis,Giant Asian Mantis (H. membranacea),18.99,19.99,5.3
2026-07-29T08:44:09.176473+00:00,The Defiant Forest,the-defiant-forest:trinidad-chevron-tarantula-psalmopoeus-cambridgei,"Trinidad Chevron Tarantula, Psalmopoeus cambridgei",20.0,25.0,25.0
2026-07-29T08:44:09.176473+00:00,The Defiant Forest,the-defiant-forest:vivarium-naturals-large-10-gallon-millipede-starter-kit-comes-with-4-millipedes-of-your-choice,Vivarium Naturals - Large 20 Gallon Millipede Starter Kit  Comes with 3 Millipedes of your choice,64.29,76.46,18.9
2026-07-29T08:44:09.176473+00:00,The Defiant Forest,the-defiant-forest:vivarium-naturals-small-5-gallon-millipede-starter-kit,Vivarium Naturals Small 10 Gallon Millipede Starter Kit,21.89,40.89,86.8
2026-07-29T08:44:09.176473+00:00,The Defiant Forest,the-defiant-forest:vivarium-naturals-large-10-gallon-millipede-starter-kit,Vivarium Naturals - Large 20 Gallon Millipede Starter Kit,45.69,53.96,18.1
2026-07-29T08:44:09.176473+00:00,The Defiant Forest,the-defiant-forest:vivarium-naturals-small-5-gallon-millipede-starter-kit-comes-with-2-millipedes-of-your-choice,Vivarium Naturals - Small 10 Gallon Millipede Starter Kit  Comes with 2 Millipedes of your choice,39.69,58.59,47.6
2026-07-29T08:44:09.176473+00:00,The Defiant Forest,the-defiant-forest:brazilian-blue-tarantula,"Brazilian Blue Tarantula, Lasiocyano sazamai - Terrestrial Species",24.0,39.0,62.5
2026-07-29T08:44:09.176473+00:00,DubiaRoaches.com,dubiaroaches:large-calcigrubs-500ct-auction-16,Large CalciGrubs 500ct Auction,1.0,11.0,1000.0
2026-07-29T08:44:09.176473+00:00,DubiaRoaches.com,dubiaroaches:large-mealworm-500ct-auction,Large Mealworm 500ct Auction,5.0,21.0,320.0
2026-07-29T08:44:09.176473+00:00,DubiaRoaches.com,dubiaroaches:xs-discoid-roaches-500ct-auction,XS Discoid Roaches 500ct Auction,20.0,28.0,40.0
2026-07-29T08:44:09.176473+00:00,DubiaRoaches.com,dubiaroaches:24x18x36-67-gallon-arboreal-auction,24x18x36 (67 Gallon) Arboreal Auction,169.0,146.0,13.6
2026-07-29T08:44:09.176473+00:00,DubiaRoaches.com,dubiaroaches:live-hornworm-moth-pupa-sexed-pair-manduca-sexta-auction,Live Hornworm Moth Pupa Sexed Pair (Manduca sexta) Auction,5.0,4.0,20.0
2026-07-29T08:44:09.176473+00:00,DubiaRoaches.com,dubiaroaches:x-small-dubia-roaches-500ct-auction,X-Small Dubia Roaches 500ct Auction,20.0,29.0,45.0
2026-07-29T08:44:09.176473+00:00,DubiaRoaches.com,dubiaroaches:220w-heat-panel-reptile-habitat-auction,220w Heat Panel Reptile Habitat Auction,160.0,146.0,8.8
2026-07-29T08:44:09.176473+00:00,DubiaRoaches.com,dubiaroaches:125w-heat-panel-reptile-habitat-auction,125w Heat Panel Reptile Habitat Auction,111.0,129.0,16.2
2026-07-29T08:44:09.176473+00:00,DubiaRoaches.com,dubiaroaches:large-discoid-250ct-auction,Large Discoid 250ct Auction,41.0,31.0,24.4
2026-07-29T08:44:09.176473+00:00,DubiaRoaches.com,dubiaroaches:dubia-roaches-medium-500ct-auction,Dubia Roaches Medium 500ct Auction,50.0,32.0,36.0
2026-07-29T08:44:09.176473+00:00,DubiaRoaches.com,dubiaroaches:18x18x24-33-gallon-arboreal-reptile-enclosure-v3-auction-18,18x18x24 (33 Gallon) Arboreal Reptile Enclosure V3 Auction,126.0,132.0,4.8
2026-07-29T08:44:09.176473+00:00,DubiaRoaches.com,dubiaroaches:medium-hornworm-24ct-case-of-12-auction,Medium Hornworm 24ct (Case Of 12) Auction,70.0,10.0,85.7
2026-07-29T08:44:09.176473+00:00,Fear Not Tarantulas,fear-not-tarantulas:tliltocatl-albopilosus-curlyhair-tarantula,"Tliltocatl albopilosus (Nicaraguan Curly Hair Tarantula) About 1"" - 1 1/4""",25.0,42.0,68.0
2026-07-29T08:44:09.176473+00:00,Fear Not Tarantulas,fear-not-tarantulas:nhandu-tripepii-brazilian-giant-blonde-tarantula-male,"Nhandu tripepii (Brazilian Giant Blonde Tarantula) 3 1/2"" - 4""  Juvenile 💙Male💙 **IN STORE ONLY**",99.0,50.0,49.5
2026-07-29T08:44:09.176473+00:00,Fear Not Tarantulas,fear-not-tarantulas:brachypelma-auratum-mexican-flame-knee,"Brachypelma auratum (Mexican Flame Knee Tarantula) about 1/2""",59.0,62.0,5.1
2026-07-29T08:44:09.176473+00:00,Fear Not Tarantulas,fear-not-tarantulas:grammostola-pulchripes-chaco-golden-knee-tarantula-for-sale,"Grammostola pulchripes (Chaco Golden Knee Tarantula) about 1"" - 1 1/4""",42.0,59.0,40.5
2026-07-29T08:44:09.176473+00:00,Fear Not Tarantulas,fear-not-tarantulas:sahydroaraneus-raja-indian-blue-dwarf-tarantula-for-sale,"Sahydroaraneus raja (Indian Blue Dwarf Tarantula) about 3/4""",98.0,120.0,22.4
2026-07-29T08:44:09.176473+00:00,Exotics Source,exotics-source:regal-jumping-spider-snow-white,"Regal Jumping Spider ""Snow White"" (High White)",150.0,250.0,66.7
2026-07-29T08:44:09.176473+00:00,Exotics Source,exotics-source:regal-jumping-spider-joker,"Regal Jumping Spider ""Joker"" (High White)",150.0,250.0,66.7
2026-07-29T08:44:09.176473+00:00,Exotics Source,exotics-source:regal-jumping-spider-viola,"Regal Jumping Spider ""Viola""",75.0,95.0,26.7
2026-07-29T08:44:09.176473+00:00,Exotics Source,exotics-source:regal-jumping-spider-heat,"Regal Jumping Spider ""Heat""",95.0,75.0,21.1
2026-07-29T08:44:09.176473+00:00,Exotics Source,exotics-source:regal-jumping-spider-lily,"Regal Jumping Spider ""Lily""",95.0,75.0,21.1
2026-07-29T08:44:09.176473+00:00,Exotics Source,exotics-source:regal-jumping-spider-sandstorm,"Regal Jumping Spider ""Sandstorm""",95.0,75.0,21.1
2026-07-29T08:44:09.176473+00:00,Exotics Source,exotics-source:regal-jumping-spider-cheeto,"Regal Jumping Spider ""Cheeto""",95.0,75.0,21.1
2026-07-29T08:44:09.176473+00:00,Exotics Source,exotics-source:regal-jumping-spider-fig,"Regal Jumping Spider ""Fig""",95.0,75.0,21.1
2026-07-29T08:44:09.176473+00:00,Exotics Source,exotics-source:regal-jumping-spider-fruit,"Regal Jumping Spider ""Fruit""",75.0,95.0,26.7
2026-07-29T08:44:09.176473+00:00,Exotics Source,exotics-source:regal-jumping-spider-rachel,"Regal Jumping Spider ""Rachel""",95.0,75.0,21.1
2026-07-29T08:44:09.176473+00:00,Exotics Source,exotics-source:regal-jumping-spider-sapphire,"Regal Jumping Spider ""Sapphire"" (Rare)",200.0,250.0,25.0
2026-07-29T08:44:09.176473+00:00,Exotics Source,exotics-source:regal-jumping-spider-lilac,"Regal Jumping Spider ""Lilac""",95.0,75.0,21.1
2026-07-29T08:44:09.176473+00:00,Exotics Source,exotics-source:regal-jumping-spider-tomato-for-sale,"Regal Jumping Spider ""Tomato""",75.0,95.0,26.7
2026-07-29T08:44:09.176473+00:00,Exotics Source,exotics-source:regal-jumping-spider-yam,"Regal Jumping Spider ""Yam""",95.0,75.0,21.1
2026-07-29T08:44:09.176473+00:00,Exotics Source,exotics-source:regal-jumping-spider-smoothie,"Regal Jumping Spider ""Smoothie""",95.0,75.0,21.1
2026-07-29T08:44:09.176473+00:00,Spider Shoppe,spider-shoppe:euathlus-sp-tigre-azul-chilean-blue-tiger,Euathlus sp 'Tigre Azul' (Chilean Blue Tiger),198.0,98.0,50.5
2026-07-29T08:44:09.176473+00:00,Spider Shoppe,spider-shoppe:vancouver-pick-up-avicularia-avicularia-guyana-pink-toe,[Vancouver Pick-up] Avicularia avicularia (Guyana Pink Toe),36.0,28.0,22.2
2026-07-29T08:44:09.176473+00:00,Spider Shoppe,spider-shoppe:vancouver-pick-up-phormingochilus-hatihati-borneo-purple-earth-tiger,[Vancouver Pick-up] Phormingochilus hatihati (Borneo Purple Earth Tiger),44.0,32.0,27.3
2026-07-29T08:44:09.176473+00:00,Spider Shoppe,spider-shoppe:eupaleastrus-larae-golden-zebra-beauty-1-25,Eupaleastrus larae (Golden Zebra Beauty),38.0,298.0,684.2
2026-07-29T08:44:09.176473+00:00,Best Bee Brothers,best-bee-brothers:combo-2-2-ultimate-pro-carpenter-bee-traps-with-bee-vault-and-1-bee-licious-bee-bait-copy,COMBO #2 - 2 Ultimate Pro Carpenter Bee Traps with Bee Vault and 1 Bee-Licious Bee Bait,61.99,89.0,43.6
2026-07-29T08:44:09.176473+00:00,Best Bee Brothers,best-bee-brothers:combo-1-1-ultimate-pro-carpenter-bee-trap-with-bee-vault-and-1-bee-licious-bee-bait-copy,COMBO #1 - 1 Ultimate Pro Carpenter Bee Trap with Bee Vault and 1 Bee-Licious Bee Bait,41.99,61.0,45.3
2026-07-29T08:44:09.176473+00:00,Best Bee Brothers,best-bee-brothers:ultimate-pro-carpenter-bee-trap-with-bee-vault-and-extra-large-external-receptacle-copy-2,"Ultimate Pro, Carpenter Bee Trap with Bee Vault and Extra Large External Receptacle",27.99,41.0,46.5
2026-07-29T08:44:09.176473+00:00,Best Bee Brothers,best-bee-brothers:hand-poured-citronella-soy-candles-clean-burning-summer-scents-3oz-glass-jar-or-10oz-terracotta-pot-copy,"Hand Poured Citronella Soy Candles - Clean-Burning, Summer Scents, 3oz Glass Jar or 10oz Terracotta Pot",12.99,19.0,46.3
2026-07-29T08:44:09.176473+00:00,Best Bee Brothers,best-bee-brothers:hand-poured-citronella-soy-candles-clean-burning-summer-scent-pack-copy,Hand Poured Citronella Soy Candles - Clean-Burning - Summer Scent Pack,42.99,62.0,44.2
2026-07-29T08:44:09.176473+00:00,Best Bee Brothers,best-bee-brothers:wasp-deterrent-hives-copy,Wasp Deterrent Hives,9.99,15.0,50.2
2026-07-29T08:44:09.176473+00:00,Best Bee Brothers,best-bee-brothers:lemon-tea-tree-calm-balm-stick-copy,Lemon + Tea Tree Calm Balm Stick,14.99,22.0,46.8
2026-07-29T08:44:09.176473+00:00,Best Bee Brothers,best-bee-brothers:shake-shield-no-see-ums-repellent-body-mist-combo-copy-2,Shake + Shield No-See-Ums Repellent – Body Mist - Combo,24.99,36.0,44.1
2026-07-29T08:44:09.176473+00:00,Best Bee Brothers,best-bee-brothers:mosquito-repellent-body-mist-and-lotion-2oz-4oz-combo-copy,"Mosquito Repellent – Body Mist and Lotion, 2oz + 4oz Combo",19.99,29.0,45.1
2026-07-29T08:44:09.176473+00:00,Best Bee Brothers,best-bee-brothers:soothe-shield-mosquito-repellent-body-lotion-4oz-copy,"Soothe + Shield Mosquito Repellent – Body Lotion, 4oz",14.99,22.0,46.8
2026-07-29T08:44:09.176473+00:00,Best Bee Brothers,best-bee-brothers:shake-shield-insect-repellent-body-mist-copy-1,Shake + Shield Insect Repellent – Body Mist,6.99,10.0,43.1
2026-07-29T08:44:09.176473+00:00,Best Bee Brothers,best-bee-brothers:shake-shield-no-see-ums-repellent-body-mist-combo-copy-1,Shake + Shield No-See-Ums Repellent – Body Mist - Combo,24.99,36.0,44.1
2026-07-29T08:44:09.176473+00:00,Best Bee Brothers,best-bee-brothers:no-see-ums-repellent-body-mist-and-lotion-2oz-4oz-combo-copy,"No-See-Ums Repellent – Body Mist and Lotion, 2oz + 4oz Combo",19.99,29.0,45.1
2026-07-29T08:44:09.176473+00:00,Best Bee Brothers,best-bee-brothers:soothe-shield-no-see-ums-repellent-body-lotion-4oz-copy,"Soothe + Shield No-See-Ums Repellent – Body Lotion, 4oz",14.99,22.0,46.8
2026-07-29T08:44:09.176473+00:00,Best Bee Brothers,best-bee-brothers:carpenter-bee-removal-kit-1,Carpenter Bee Removal Kit,12.99,19.0,46.3
2026-07-29T08:44:09.176473+00:00,Best Bee Brothers,best-bee-brothers:wasp-deterrent-hive-citrus-carpenter-bee-spray-kit-for-yard-garden-6-pcs,Wasp Deterrent Hive & Citrus Carpenter Bee Spray Kit for Yard & Garden (6 pcs),26.99,39.0,44.5
2026-07-29T08:44:09.176473+00:00,Best Bee Brothers,best-bee-brothers:best-bee-brothers-wasp-deterrent-hive-citrus-carpenter-bee-spray-kit-outdoor-pest-control-3-pcs,Wasp Deterrent Hive & Citrus Carpenter Bee Spray Kit Outdoor Pest Control (3 pcs),26.99,39.0,44.5
2026-07-29T08:44:09.176473+00:00,Best Bee Brothers,best-bee-brothers:ultimate-pro-pink-roof-carpenter-bee-trap-repair-kit-replacement-parts-4-pcs,Ultimate Pro Pink Roof Carpenter Bee Trap & Repair Kit (4 pcs),79.99,115.0,43.8
2026-07-29T08:44:09.176473+00:00,Best Bee Brothers,best-bee-brothers:ultimate-pro-white-roof-carpenter-bee-trap-repair-kit-replacement-parts-4-pcs,Ultimate Pro White Roof Carpenter Bee Trap & Repair Kit (4 pcs),79.99,115.0,43.8
2026-07-29T08:44:09.176473+00:00,Best Bee Brothers,best-bee-brothers:ultimate-pro-brown-roof-carpenter-bee-trap-repair-kit-replacement-parts-4-pcs,Ultimate Pro Brown Roof Carpenter Bee Trap & Repair Kit (4 pcs),79.99,115.0,43.8
2026-07-29T08:44:09.176473+00:00,Best Bee Brothers,best-bee-brothers:best-bee-brothers-ultimate-pro-black-roof-carpenter-bee-trap-repair-kit-replacement-parts-4-pcs,Ultimate Pro Black Roof Carpenter Bee Trap & Repair Kit (4 pcs),79.99,115.0,43.8
2026-07-29T08:44:09.176473+00:00,Best Bee Brothers,best-bee-brothers:ultimate-pro-carpenter-bee-trap-repair-kit-replacement-parts-for-outdoor-use-4-pcs,Ultimate Pro Carpenter Bee Trap & Repair Kit (4 pcs),73.99,106.0,43.3
2026-07-29T08:44:09.176473+00:00,Best Bee Brothers,best-bee-brothers:ultimate-pro-carpenter-bee-trap-wasp-deterrent-hive-combo-kit-for-yard-patio-7-pcs,Ultimate Pro Carpenter Bee Trap & Wasp Deterrent Hive Combo Kit for Yard & Patio (7 pcs),76.99,111.0,44.2
2026-07-29T08:44:09.176473+00:00,Best Bee Brothers,best-bee-brothers:ultimate-pro-carpenter-bee-trap-wasp-deterrent-hive-combo-kit-outdoor-pest-control-5-pcs,Ultimate Pro Carpenter Bee Trap & Wasp Deterrent Hive Combo Kit Outdoor Pest Control (5 pcs),68.99,99.0,43.5
2026-07-29T08:44:09.176473+00:00,Best Bee Brothers,best-bee-brothers:bed-bug-no-see-um-repellent-dorm-room-essentials-adventure-kit-copy,"Shake & Shield Bed Bug & No-See-Um Repellent - Dorm Room Essentials, Adventure Kit (6 pcs)",78.99,113.0,43.1
2026-07-29T08:44:09.176473+00:00,Best Bee Brothers,best-bee-brothers:carpenter-bee-repellent-8oz,Carpenter Bee Repellent 8oz,29.99,43.0,43.4
2026-07-29T08:44:09.176473+00:00,Best Bee Brothers,best-bee-brothers:bee-licious-bee-bait-2-pack,Bee-Licious Bee Bait 2 Pack,27.99,41.0,46.5
2026-07-29T08:44:09.176473+00:00,Best Bee Brothers,best-bee-brothers:zap-2-in-1-insect-zap-racket-trap-1,ZAP! 2-in-1 Insect Zap Racket + Trap,24.99,36.0,44.1
2026-07-29T08:44:09.176473+00:00,Best Bee Brothers,best-bee-brothers:bed-bug-mosquito-repellent-dorm-room-essentials-adventure-kit,"Shake & Shield Bed Bug & Mosquito Repellent - Dorm Room Essentials, Adventure Kit (6 pcs)",78.99,113.0,43.1
2026-07-29T08:44:09.176473+00:00,Best Bee Brothers,best-bee-brothers:everyday-adventure-band,Everyday Adventure Bands - Personal Essential Oil Diffuser,9.99,15.0,50.2
2026-07-29T08:44:09.176473+00:00,Best Bee Brothers,best-bee-brothers:glass-wasp-trap-and-deterrent-hive-2-hives-for-wasps-and-yellow-jackets,Glass Wasp Trap and Deterrent Hive (2 Hives) for Wasps and Yellow Jackets,19.99,29.0,45.1
2026-07-29T08:44:09.176473+00:00,Best Bee Brothers,best-bee-brothers:sleep-shield-calming-room-linen-mist-natural-oil-blend-with-peppermint-cedarwood-rosemary-combo-pack,"Sleep & Shield Calming Room + Linen Mist - Natural Oil Blend with Peppermint, Cedarwood & Rosemary - 8oz + 2oz Combo Pack",24.99,36.0,44.1
2026-07-29T08:44:09.176473+00:00,Best Bee Brothers,best-bee-brothers:sleep-shield-calming-room-linen-mist-with-essential-oils,"Sleep & Shield Calming Room + Linen Mist – Natural Essential Oil Blend with Peppermint, Cedarwood & Rosemary",6.99,10.0,43.1
2026-07-29T08:44:09.176473+00:00,Best Bee Brothers,best-bee-brothers:the-firecracker-adventure-kit,"Shake & Shield Mosquito Repellent, Summer Survival Adventure Kit (6 pcs)",59.99,86.0,43.4
2026-07-29T08:44:09.176473+00:00,Best Bee Brothers,best-bee-brothers:mosquito-treeline-tranquil-adventure-kit,"Shake & Shield Mosquito Repellent, Treeline Tranquil - Adventure Kit - 4 pcs",38.99,56.0,43.6
2026-07-29T08:44:09.176473+00:00,Best Bee Brothers,best-bee-brothers:mosquito-repellent-2oz-tsa-approved-8oz-family-size-bundle,"Mosquito Repellent, 2oz TSA-Approved + 8oz Family Size - Combo Pack",24.99,36.0,44.1
2026-07-29T08:44:09.176473+00:00,Best Bee Brothers,best-bee-brothers:the-coastline-calm-adventure-kit,"Shake & Shield No-See-Um Repellent, Adventure Kit - 4 pcs",38.99,56.0,43.6
2026-07-29T08:44:09.176473+00:00,Best Bee Brothers,best-bee-brothers:ultimate-pro-black-roof-carpenter-bee-trap-with-bee-vault-and-extra-large-external-receptacle,"Ultimate Pro with Color Roof, Carpenter Bee Trap with Bee Vault and Extra Large External Receptacle",29.99,43.0,43.4
2026-07-29T08:44:09.176473+00:00,Best Bee Brothers,best-bee-brothers:carpenter-bee-control-kit,Carpenter Bee Control Kit,95.99,138.0,43.8
2026-07-29T08:44:09.176473+00:00,Best Bee Brothers,best-bee-brothers:the-jet-setter-adventure-kit,Shake & Shield Bed Bug and No-See-Um Repellent - The Jet-Setter Adventure Kit (9 pcs),119.99,172.0,43.3
2026-07-29T08:44:09.176473+00:00,Best Bee Brothers,best-bee-brothers:the-weekender-adventure-kit,Shake & Shield Bed Bug and No-See-Um Repellent - The Weekender Adventure Kit (7 pcs),83.99,121.0,44.1
2026-07-29T08:44:09.176473+00:00,Best Bee Brothers,best-bee-brothers:the-overnighter-adventure-kit,Shake & Shield Bed Bug and No-See-Um Repellent - The Overnighter Adventure Kit (5 pcs),46.99,68.0,44.7
2026-07-29T08:44:09.176473+00:00,Best Bee Brothers,best-bee-brothers:carpenter-bee-turbo-trap-happy-house-natural,Carpenter Bee Turbo Trap Happy House with Bee Vault - Natural Roof,29.99,43.0,43.4
2026-07-29T08:44:09.176473+00:00,Best Bee Brothers,best-bee-brothers:carpenter-bee-turbo-trap-happy-house-black,Carpenter Bee Turbo Trap Happy House with Bee Vault - Black Roof,29.99,43.0,43.4
2026-07-29T08:44:09.176473+00:00,Best Bee Brothers,best-bee-brothers:carpenter-bee-turbo-trap-white,Carpenter Bee Turbo Trap 2.0 with Bee Vault - White Roof,29.99,43.0,43.4
2026-07-29T08:44:09.176473+00:00,Best Bee Brothers,best-bee-brothers:carpenter-bee-turbo-trap-brown,Carpenter Bee Turbo Trap 2.0 with Bee Vault - Brown Roof,29.99,43.0,43.4
2026-07-29T08:44:09.176473+00:00,Best Bee Brothers,best-bee-brothers:carpenter-bee-turbo-trap-black,Carpenter Bee Turbo Trap 2.0 with Bee Vault - Black Roof,29.99,43.0,43.4
2026-07-29T08:44:09.176473+00:00,Best Bee Brothers,best-bee-brothers:rainforest-canopy-after-adventure-lotion-with-eucalyptus-and-copaiba,Rainforest Canopy After Adventure Lotion with Eucalyptus + Copaiba,19.99,29.0,45.1
2026-07-29T08:44:09.176473+00:00,Best Bee Brothers,best-bee-brothers:deep-ocean-after-adventure-lotion-with-palmarosa-sandalwood,Deep Ocean After Adventure Lotion with Palmarosa + Sandalwood,19.99,29.0,45.1
2026-07-29T08:44:09.176473+00:00,Best Bee Brothers,best-bee-brothers:carpenter-bee-turbo-trap-happy-house,Carpenter Bee Turbo Trap Happy House with Bee Vault,29.99,43.0,43.4
2026-07-29T08:44:09.176473+00:00,Best Bee Brothers,best-bee-brothers:carpenter-bee-turbo-trap-designer-gift-box,Carpenter Bee Turbo Trap 2.0 with Bee Vault Colored Roofs Gift Box,79.99,115.0,43.8
2026-07-29T08:44:09.176473+00:00,Best Bee Brothers,best-bee-brothers:pine-turbo-trap,Carpenter Bee Pine Turbo Trap with Bee Vault,29.99,43.0,43.4
2026-07-29T08:44:09.176473+00:00,Best Bee Brothers,best-bee-brothers:wasp-trap,Glass Wasp Trap,12.99,19.0,46.3
2026-07-29T08:44:09.176473+00:00,Best Bee Brothers,best-bee-brothers:shake-shield-combo-citrus-carpenter-bee-repellent,Citrus Carpenter Bee Repellent Spray - Combo,38.99,56.0,43.6
2026-07-29T08:44:09.176473+00:00,Best Bee Brothers,best-bee-brothers:shake-shield-combo-bed-bug-repellent,Shake + Shield Bed Bug Repellent – Room & Linen Spray - Combo Pack,24.99,36.0,44.1
2026-07-29T08:44:09.176473+00:00,Best Bee Brothers,best-bee-brothers:bed-bug-repellent-spray,Shake + Shield Bed Bug Repellent – Room & Linen Spray,6.99,10.0,43.1
2026-07-29T08:44:09.176473+00:00,Best Bee Brothers,best-bee-brothers:carpenter-bee-turbo-trap-gift-box,Carpenter Bee Turbo Trap 2.0 with Bee Vault Gift Box,79.99,115.0,43.8
2026-07-29T08:44:09.176473+00:00,Best Bee Brothers,best-bee-brothers:carpenter-bee-turbo-trap,Carpenter Bee Turbo Trap 2.0 with Bee Vault,27.99,41.0,46.5
2026-07-29T08:44:09.176473+00:00,Best Bee Brothers,best-bee-brothers:hanging-carved-face-bee-lodge,Hanging Carved Face Bee Lodge,34.99,51.0,45.8
2026-07-29T08:44:09.176473+00:00,Best Bee Brothers,best-bee-brothers:hanging-carved-bee-lodge,Hanging Carved Bee Lodge,29.99,43.0,43.4
2026-07-29T08:44:09.176473+00:00,Best Bee Brothers,best-bee-brothers:hand-dipped-wooden-corks-8-pack,Hand Dipped Wooden Corks 8 Pack,3.99,6.0,50.4
2026-07-29T08:44:09.176473+00:00,Best Bee Brothers,best-bee-brothers:bug-bite-sucker,Bug Bite Extractor,6.99,10.0,43.1
2026-07-29T08:44:09.176473+00:00,Best Bee Brothers,best-bee-brothers:slanted-roof-mason-bee-home,Slanted Roof Mason Bee Home,24.99,36.0,44.1
2026-07-29T08:44:09.176473+00:00,Best Bee Brothers,best-bee-brothers:bee-licious-bee-bait,Carpenter Bee Licious Bait,14.99,22.0,46.8
2026-07-29T08:44:09.176473+00:00,Best Bee Brothers,best-bee-brothers:mosquito-zap-trap,Mosquito Zap Trap,19.99,29.0,45.1
2026-07-29T08:44:09.176473+00:00,Best Bee Brothers,best-bee-brothers:mosquito-repelling-incense-sticks,Lemongrass + Rosemary Incense Sticks for Mosquitoes,9.99,15.0,50.2
2026-07-29T08:44:09.176473+00:00,Best Bee Brothers,best-bee-brothers:citrus-spray-natural-carpenter-bee-repellant,Citrus Carpenter Bee Repellent Spray,9.99,15.0,50.2
2026-07-29T08:44:09.176473+00:00,Buddha Bugs,buddha-bugs:scolopendra-sp-white-leg-peruvian-white-legged-centipede-for-sale,"Scolopendra sp. 'white leg' (Peruvian white-legged centipede) 3""",325.0,300.0,7.7
2026-07-29T08:44:09.176473+00:00,Buddha Bugs,buddha-bugs:monocentropus-balfouri-socotra-island-blue-baboon-tarantula-for-sale,"Monocentropus balfouri (Socotra Island blue baboon tarantula) 0.75""",45.0,40.0,11.1
2026-07-29T08:44:09.176473+00:00,Buddha Bugs,buddha-bugs:cyriocosmus-elegans-trinidad-dwarf-tiger-tarantula-for-sale,Cyriocosmus elegans (Trinidadian dwarf tiger tarantula),50.0,35.0,30.0
2026-07-29T08:44:09.176473+00:00,Buddha Bugs,buddha-bugs:davus-sp-panama-lava-spider-for-sale,"Davus sp. 'Panama' (Panama pink tarantula / lava spider) 0.5""",150.0,125.0,16.7
2026-07-29T08:44:09.176473+00:00,Buddha Bugs,buddha-bugs:ornithoctoninae-sp-vietnam-silver-vietnam-silver-earth-tiger-tarantula-for-sale,"Ornithoctoninae sp. 'Vietnam silver' (Vietnam silver tarantula) 0.75""",75.0,65.0,13.3
2026-07-29T08:44:09.176473+00:00,Buddha Bugs,buddha-bugs:idiothele-mira-blue-footed-baboon-tarantula-for-sale,"Idiothele mira (blue-footed baboon tarantula) 0.75""",55.0,65.0,18.2
2026-07-29T08:44:09.176473+00:00,Buddha Bugs,buddha-bugs:grammostola-pulchripes-chaco-golden-knee-tarantula-for-sale,"Grammostola pulchripes (Chaco golden knee tarantula) 0.5""",40.0,45.0,12.5
2026-07-29T08:44:09.176473+00:00,Buddha Bugs,buddha-bugs:birupes-simoroxigorum-bornean-neon-blue-legged-tarantula-for-sale,"Birupes simoroxigorum (Bornean neon blue-legged tarantula) 0.5""",75.0,65.0,13.3
2026-07-29T08:44:09.176473+00:00,Buddha Bugs,buddha-bugs:acanthoscurria-geniculata-brazilian-giant-white-knee-for-sale,"Acanthoscurria geniculata (Brazilian giant white knee tarantula) 2""",30.0,70.0,133.3
2026-07-29T08:44:09.176473+00:00,American Reptile Distributors,american-reptile-distributors:albino-florida-snapping-turtle-2026-26-chelydra-serpentina-osceola,Albino Florida Snapping Turtle 2026 #26 (Chelydra serpentina osceola),399.99,299.99,25.0
2026-07-29T08:44:09.176473+00:00,American Reptile Distributors,american-reptile-distributors:albino-florida-snapping-turtle-2026-27-chelydra-serpentina-osceola,Albino Florida Snapping Turtle 2026 #27 (Chelydra serpentina osceola),399.99,299.99,25.0
2026-07-29T08:44:09.176473+00:00,American Reptile Distributors,american-reptile-distributors:albino-florida-snapping-turtle-2026-28-chelydra-serpentina-osceola,Albino Florida Snapping Turtle 2026 #28 (Chelydra serpentina osceola),399.99,299.99,25.0
2026-07-29T08:44:09.176473+00:00,American Reptile Distributors,american-reptile-distributors:albino-florida-snapping-turtle-2026-29-chelydra-serpentina-osceola,Albino Florida Snapping Turtle 2026 #29 (Chelydra serpentina osceola),399.99,299.99,25.0
2026-07-29T08:44:09.176473+00:00,American Reptile Distributors,american-reptile-distributors:albino-florida-snapping-turtle-2026-30-chelydra-serpentina-osceola,Albino Florida Snapping Turtle 2026 #30 (Chelydra serpentina osceola),399.99,299.99,25.0
2026-07-29T08:44:09.176473+00:00,American Reptile Distributors,american-reptile-distributors:albino-florida-snapping-turtle-2026-31-chelydra-serpentina-osceola,Albino Florida Snapping Turtle 2026 #31 (Chelydra serpentina osceola),399.99,299.99,25.0
2026-07-29T08:44:09.176473+00:00,American Reptile Distributors,american-reptile-distributors:albino-florida-snapping-turtle-2026-32-chelydra-serpentina-osceola,Albino Florida Snapping Turtle 2026 #32 (Chelydra serpentina osceola),399.99,299.99,25.0
2026-07-29T08:44:09.176473+00:00,American Reptile Distributors,american-reptile-distributors:albino-florida-snapping-turtle-2026-33-chelydra-serpentina-osceola,Albino Florida Snapping Turtle 2026 #33 (Chelydra serpentina osceola),399.99,299.99,25.0
2026-07-29T08:44:09.176473+00:00,American Reptile Distributors,american-reptile-distributors:albino-florida-snapping-turtle-2026-34-chelydra-serpentina-osceola,Albino Florida Snapping Turtle 2026 #34 (Chelydra serpentina osceola),399.99,299.99,25.0
2026-07-29T08:44:09.176473+00:00,American Reptile Distributors,american-reptile-distributors:albino-florida-snapping-turtle-2026-35-chelydra-serpentina-osceola,Albino Florida Snapping Turtle 2026 #35 (Chelydra serpentina osceola),399.99,299.99,25.0
2026-07-29T08:44:09.176473+00:00,Big Apple Herp,big-apple-herp:pied-ball-pythons-for-sale,Pied Ball Pythons for Sale – Multiple Morphs Available,269.95,259.95,3.7
2026-07-29T08:44:09.176473+00:00,Big Apple Herp,big-apple-herp:enchi-ghost-ball-pythons,Enchi Ghost Ball Pythons,239.0,119.95,49.8
2026-07-29T08:44:09.176473+00:00,Big Apple Herp,big-apple-herp:java-water-monitors-babies,Java Water Monitors,249.95,259.95,4.0
2026-07-29T08:44:09.176473+00:00,Big Apple Herp,big-apple-herp:pied-ball-python,Pied Ball Pythons High White,259.95,279.95,7.7
2026-07-29T08:44:09.176473+00:00,David's Beetles,davids-beetles:pre-order-larvae-caucasus-beetle-chalcosoma-chiron,LARVAE: Three-horned beetle (Chalcosoma chiron),42.0,45.0,7.1
2026-07-29T08:44:09.176473+00:00,David's Beetles,davids-beetles:larvae-japanese-rhino-beetle-trypoxylus-dichotoma,LARVAE: Japanese Rhino Beetle (Trypoxylus dichotoma),29.99,19.99,33.3
2026-07-29T08:44:09.176473+00:00,Coast2Coast Beetles,coast2coast-beetles:trypoxylus-dichotomus-tsunobosonu,Trypoxylus dichotomus tsunobosonu (Taiwan Rhino Beetle),19.99,15.0,25.0
2026-07-29T08:44:09.176473+00:00,AntGear,antgear:dorymyrmex-insanus,Crazy Pyramid Ant (Dorymyrmex insanus),39.99,24.99,37.5
2026-07-29T08:44:09.176473+00:00,AntGear,antgear:pheidole-militicida,Militant Big-Headed Ants (Pheidole militicida),54.99,59.99,9.1
2026-07-29T08:44:09.176473+00:00,Buckeye Myrmecology,buckeye-myrmecology:lasius-americanus,Lasius americanus,20.0,24.0,20.0
2026-08-02T08:26:47.078973+00:00,PanTerra Pets,panterra-pets:ghost-mantis,Ghost Mantis (P. paradoxa),18.99,21.99,15.8
2026-08-02T08:26:47.078973+00:00,PanTerra Pets,panterra-pets:fruit-fly-culturing-kit,Fruit Fly Culturing Kit,16.99,18.99,11.8
2026-08-02T08:26:47.078973+00:00,The Defiant Forest,the-defiant-forest:captive-bred-sulawesi-side-spotted-millipedes-marigold-yellow,Captive Bred Sulawesi Side Spotted Millipedes | Marigold Yellow,85.0,65.0,23.5
2026-08-02T08:26:47.078973+00:00,The Defiant Forest,the-defiant-forest:trinidad-chevron-tarantula-psalmopoeus-cambridgei,"Trinidad Chevron Tarantula, Psalmopoeus cambridgei",25.0,36.0,44.0
2026-08-02T08:26:47.078973+00:00,The Defiant Forest,the-defiant-forest:salmon-pink-bird-eater-lasiodora-parahybana,"Salmon Pink Bird-Eater, Lasiodora parahybana - Terrestrial Species",36.0,30.0,16.7
2026-08-02T08:26:47.078973+00:00,The Defiant Forest,the-defiant-forest:bi-color-avatar-millipedes-spirotreptida-sp-red-yellow-legs,"Captive Bred Bi-Color Avatar Millipedes, Salpidobolus sp. | Bright Yellow Legs & Antennae",85.0,65.0,23.5
2026-08-02T08:26:47.078973+00:00,The Defiant Forest,the-defiant-forest:mini-creeping-vine-fern-microgramma-vaccinifolia,"Creeping Micro Ferns, Microgramma vaccinifolia",9.5,12.5,31.6
2026-08-02T08:26:47.078973+00:00,The Defiant Forest,the-defiant-forest:scalloped-shingle-plant-marcgravia,"Scalloped Shingle Plant, Marcgravia sp.",9.5,12.5,31.6
2026-08-02T08:26:47.078973+00:00,The Defiant Forest,the-defiant-forest:neotropical-creeping-micro-ferns-microgramma-reptans,"Neotropical Creeping Micro-Ferns, Microgramma reptans",11.89,18.0,51.4
2026-08-02T08:26:47.078973+00:00,The Defiant Forest,the-defiant-forest:live-tissue-cultured-moss-unknown-species,"Live Cultured Tropical Moss, Unknown Species",14.0,18.5,32.1
2026-08-02T08:26:47.078973+00:00,The Defiant Forest,the-defiant-forest:thai-giant-orange-millipede-diplopoda-sp,"Captive Bred Giant Thai Orange Millipede, Thyropygus sp. Ban Chak Ngaeo",85.0,65.0,23.5
2026-08-02T08:26:47.078973+00:00,The Defiant Forest,the-defiant-forest:brazilian-blue-tarantula,"Brazilian Blue Tarantula, Lasiocyano sazamai - Terrestrial Species",39.0,33.0,15.4
2026-08-02T08:26:47.078973+00:00,Exotics Unlimited,exotics-unlimited:euathlus-sp-bronce-chilean-pink-flame,Euathlus sp. 'Bronce' (Chilean Pink Flame),165.0,160.0,3.0
2026-08-02T08:26:47.078973+00:00,Ty Dye Exotics,ty-dye-exotics:monocentropus-balfouri-socotra-island-blue-tarantula-for-sale-live-arrival-guarantee,Monocentropus balfouri - Socotra Island Blue Tarantula for Sale | Communal Species | Live Arrival Guarantee,49.99,45.69,8.6
2026-08-02T08:26:47.078973+00:00,Ty Dye Exotics,ty-dye-exotics:birupes-simoroxigorum-borneo-neon-blue-leg-tarantula-for-sale-live-arrival-guarantee,Birupes simoroxigorum - Borneo Neon Blue Leg Tarantula for Sale | Live Arrival Guarantee,57.99,84.59,45.9
2026-08-02T08:26:47.078973+00:00,Ty Dye Exotics,ty-dye-exotics:hogna-carolinensis-carolina-wolf-spider-largest-north-american-wolf-spider-live-arrival-guarantee,Hogna carolinensis – Carolina Wolf Spider | Largest North American Wolf Spider | Live Arrival Guarantee,27.99,21.79,22.2
2026-08-02T08:26:47.078973+00:00,Ty Dye Exotics,ty-dye-exotics:grammostola-grossa-guarani-giant-tarantula-docile-giant-new-world-species-live-arrival-guarantee,Grammostola grossa – Guarani Giant Tarantula | Docile Giant New World Species | Live Arrival Guarantee,107.99,93.29,13.6
2026-08-02T08:26:47.078973+00:00,Ty Dye Exotics,ty-dye-exotics:ybyrapora-diversipes-amazon-sapphire-pink-toe-tarantula-iridescent-blue-jewel-live-arrival-guarantee,Ybyrapora diversipes – Amazon Sapphire Pink Toe Tarantula | Iridescent Blue Jewel | Live Arrival Guarantee,97.99,85.59,12.7
2026-08-02T08:26:47.078973+00:00,Ty Dye Exotics,ty-dye-exotics:lasiocyano-sazimai-brazilian-blue-tarantula-sapphire-terrestrial-beauty-live-arrival-guarantee,Lasiocyano sazimai – Brazilian Blue Tarantula | Sapphire Terrestrial Beauty | Live Arrival Guarantee,31.99,44.99,40.6
2026-08-02T08:26:47.078973+00:00,Ty Dye Exotics,ty-dye-exotics:acanthoscurria-geniculata-brazilian-white-knee-tarantula-massive-terrestrial-species-live-arrival-guarantee,Acanthoscurria geniculata – Brazilian White Knee Tarantula | Massive Terrestrial Species | Live Arrival Guarantee,34.99,33.29,4.9
2026-08-02T08:26:47.078973+00:00,Ty Dye Exotics,ty-dye-exotics:grammostola-pulchripes-chaco-golden-knee-tarantula-for-sale-live-arrival-guarantee,Grammostola pulchripes - Chaco Golden Knee Tarantula for Sale | Live Arrival Guarantee,39.99,36.29,9.3
2026-08-02T08:26:47.078973+00:00,Ty Dye Exotics,ty-dye-exotics:avicularia-purpurea-purple-pink-toe-tarantula-for-sale-live-arrival-guarantee,Avicularia purpurea - Purple Pink Toe Tarantula for Sale | Live Arrival Guarantee,69.99,61.79,11.7
2026-08-02T08:26:47.078973+00:00,Meme's Worms,memes-worms:garden-tower-2™-50-plant-composting-vertical-garden-planter-dropship,"Garden Tower 2™, 50-Plant Composting Vertical Garden Planter (Dropship)",445.0,438.0,1.6
2026-08-02T08:26:47.078973+00:00,Meme's Worms,memes-worms:all-metal-round-hoop-house-kit,All-Metal Round Hoop House Kit,3081.24,3624.99,17.6
2026-08-02T08:26:47.078973+00:00,Meme's Worms,memes-worms:garden-tower®-2-premium-caster-wheel-kit-dropship,Garden Tower® 2 Premium Caster Wheel Kit (Dropship),125.0,119.0,4.8
2026-08-02T08:26:47.078973+00:00,Meme's Worms,memes-worms:garden-tower-2™-move-and-grow-bundle-dropship,Garden Tower 2™ Move and Grow Bundle (Dropship),535.0,528.0,1.3
2026-08-02T08:26:47.078973+00:00,DubiaRoaches.com,dubiaroaches:dubia-roaches-medium-500ct-auction-1,Dubia Roaches Medium 500ct Auction,32.0,47.0,46.9
2026-08-02T08:26:47.078973+00:00,DubiaRoaches.com,dubiaroaches:220w-heat-panel-reptile-habitat-auction-1,220w Heat Panel Reptile Habitat Auction,146.0,110.0,24.7
2026-08-02T08:26:47.078973+00:00,DubiaRoaches.com,dubiaroaches:18x18x24-33-gallon-arboreal-reptile-enclosure-v3-auction-19,18x18x24 (33 Gallon) Arboreal Reptile Enclosure V3 Auction,132.0,93.0,29.5
2026-08-02T08:26:47.078973+00:00,DubiaRoaches.com,dubiaroaches:large-mealworm-500ct-auction-1,Large Mealworm 500ct Auction,21.0,7.0,66.7
2026-08-02T08:26:47.078973+00:00,DubiaRoaches.com,dubiaroaches:large-calcigrubs-500ct-auction-18,Large CalciGrubs 500ct Auction,10.0,8.0,20.0
2026-08-02T08:26:47.078973+00:00,DubiaRoaches.com,dubiaroaches:hornworm-moth-pupa-sexed-pair-manduca-sexta-auction,Hornworm Moth Pupa Sexed Pair (Manduca sexta) Auction,2.0,3.0,50.0
2026-08-02T08:26:47.078973+00:00,Flow Hive,flow-hive:super-lifter-handles,Flow Super Lifter Handles,63.2,79.0,25.0
2026-08-02T08:26:47.078973+00:00,Flow Hive,flow-hive:garden-tools,Flow Garden Tools,47.2,59.0,25.0
2026-08-02T08:26:47.078973+00:00,Flow Hive,flow-hive:ant-guards,Flow Ant Guards,16.0,20.0,25.0
2026-08-02T08:26:47.078973+00:00,Flow Hive,flow-hive:bee-jacket-mesh,Flow Bee Jacket – Mesh,111.2,139.0,25.0
2026-08-02T08:26:47.078973+00:00,Flow Hive,flow-hive:bee-veil,Flow Veil,23.2,29.0,25.0
2026-08-02T08:26:47.078973+00:00,Fear Not Tarantulas,fear-not-tarantulas:avicularia-guyan-pinktoe-tarantula-for-sale-2026,"Avicularia avicularia (Guyan Pinktoe Tarantula) about 3/4"" - 1""",39.0,45.0,15.4
2026-08-02T08:26:47.078973+00:00,Fear Not Tarantulas,fear-not-tarantulas:ephebopus-cyanognathus-blue-fang-tarantula-for-sale-now,"Ephebopus cyanognathus (Blue Fang Tarantula) about  about 1"" - 1 1/4""",65.0,45.0,30.8
2026-08-02T08:26:47.078973+00:00,Fear Not Tarantulas,fear-not-tarantulas:pamphobeteus-mascara-tarantula-for-sale-1,"Pamphobeteus sp. mascara (Mascara Giant Birdeater Tarantula) about 1"" - 1 1/2""",79.0,39.0,50.6
2026-08-02T08:26:47.078973+00:00,Fear Not Tarantulas,fear-not-tarantulas:thrixopelma-sp-andes-fire-tarantula-for-sale,"Thrixopelma sp Andes Fire about 1/2"" - 3/4"" *NEW",174.0,99.0,43.1
2026-08-02T08:26:47.078973+00:00,Fear Not Tarantulas,fear-not-tarantulas:harpactira-dictator-tarantula-dictator-baboon,"Harpactira dictator (Dictator Baboon Tarantula) about  1"" - 1 1/4""",49.0,59.0,20.4
2026-08-02T08:26:47.078973+00:00,Fear Not Tarantulas,fear-not-tarantulas:hapalopus-guerilla-tarantula-for-sale,"Hapalopus guerreroi (Speckle Patch Guerilla Tarantula) about 1/2"" - 3/4""",45.0,59.0,31.1
2026-08-02T08:26:47.078973+00:00,Exotics Source,exotics-source:regal-jumping-spider-paprika,Regal Jumping Spider “Paprika”,95.0,75.0,21.1
2026-08-02T08:26:47.078973+00:00,Exotics Source,exotics-source:regal-jumping-spider-wheatly,Regal Jumping Spider “Wheatly”,75.0,95.0,26.7
2026-08-02T08:26:47.078973+00:00,Exotics Source,exotics-source:regal-jumping-spider-tater-tot,Regal Jumping Spider “Tater Tot”,95.0,75.0,21.1
2026-08-02T08:26:47.078973+00:00,Exotics Source,exotics-source:regal-jumping-spider-apricot,Regal Jumping Spider “Apricot”,75.0,95.0,26.7
2026-08-02T08:26:47.078973+00:00,Exotics Source,exotics-source:regal-jumping-spider-snow-white,"Regal Jumping Spider ""Snow White"" (High White)",250.0,150.0,40.0
2026-08-02T08:26:47.078973+00:00,Exotics Source,exotics-source:regal-jumping-spider-joker,"Regal Jumping Spider ""Joker"" (High White)",250.0,150.0,40.0
2026-08-02T08:26:47.078973+00:00,Exotics Source,exotics-source:regal-jumping-spider-ignisa,"Regal Jumping Spider ""Ignisa""",75.0,95.0,26.7
2026-08-02T08:26:47.078973+00:00,Exotics Source,exotics-source:regal-jumping-spider-cake,"Regal Jumping Spider ""Cake""",75.0,95.0,26.7
2026-08-02T08:26:47.078973+00:00,Exotics Source,exotics-source:regal-jumping-spider-charm,Regal Jumping Spider “Charm”,75.0,95.0,26.7
2026-08-02T08:26:47.078973+00:00,Exotics Source,exotics-source:regal-jumping-spider-butter-1,"Regal Jumping Spider ""Butter""",75.0,95.0,26.7
2026-08-02T08:26:47.078973+00:00,Exotics Source,exotics-source:custom-order,Custom Order,1065.0,60.0,94.4
2026-08-02T08:26:47.078973+00:00,Exotics Source,exotics-source:regal-jumping-spider-sapphire,"Regal Jumping Spider ""Sapphire"" (Rare)",250.0,200.0,20.0
2026-08-02T08:26:47.078973+00:00,Spider Shoppe,spider-shoppe:vancouver-pick-up-boa-constrictor-boa-luecistic-male,[Vancouver Pick-up] Boa constrictor (Boa) Moonglow Female,1998.0,1798.0,10.0
2026-08-02T08:26:47.078973+00:00,Spider Shoppe,spider-shoppe:heterodon-nasicus-hognose-snake-extreme-red-albino-female,Heterodon nasicus (Hognose Snake) 2025 Extreme Red Albino FEMALE,348.0,298.0,14.4
2026-08-02T08:26:47.078973+00:00,Spider Shoppe,spider-shoppe:heterodon-nasicus-hognose-snake-axanthic-het-albino-female-copy,Heterodon nasicus (Hognose Snake) Axanthic Het Albino MALE,248.0,398.0,60.5
2026-08-02T08:26:47.078973+00:00,Spider Shoppe,spider-shoppe:phiddipus-morpheus-bumble-bee-jumper-juvenile-sub-adult,Phidippus morpheus (Bumble Bee Jumper),38.0,48.0,26.3
2026-08-02T08:26:47.078973+00:00,Spider Shoppe,spider-shoppe:phiddipus-tyrelli,Phidippus tyrelli (Tyrells Tufted Jumper),38.0,42.0,10.5
2026-08-02T08:26:47.078973+00:00,US Invertebrate LLC,us-invertebrate:isopod-culture-kit-1,Isopod Culture Kit,8.0,10.0,25.0
2026-08-02T08:26:47.078973+00:00,Best Bee Brothers,best-bee-brothers:combo-1-1-ultimate-pro-carpenter-bee-trap-with-bee-vault-and-1-bee-licious-bee-bait-copy,COMBO #1 - 1 Ultimate Pro Carpenter Bee Trap with Bee Vault and 1 Bee-Licious Bee Bait,61.0,60.0,1.6
2026-08-02T08:26:47.078973+00:00,Best Bee Brothers,best-bee-brothers:ultimate-pro-carpenter-bee-trap-with-bee-vault-and-extra-large-external-receptacle-copy-2,"Ultimate Pro, Carpenter Bee Trap with Bee Vault and Extra Large External Receptacle",41.0,40.0,2.4
2026-08-02T08:26:47.078973+00:00,Best Bee Brothers,best-bee-brothers:ultimate-pro-pink-roof-carpenter-bee-trap-repair-kit-replacement-parts-4-pcs,Ultimate Pro Pink Roof Carpenter Bee Trap & Repair Kit (4 pcs),115.0,114.0,0.9
2026-08-02T08:26:47.078973+00:00,Best Bee Brothers,best-bee-brothers:ultimate-pro-white-roof-carpenter-bee-trap-repair-kit-replacement-parts-4-pcs,Ultimate Pro White Roof Carpenter Bee Trap & Repair Kit (4 pcs),115.0,114.0,0.9
2026-08-02T08:26:47.078973+00:00,Best Bee Brothers,best-bee-brothers:ultimate-pro-brown-roof-carpenter-bee-trap-repair-kit-replacement-parts-4-pcs,Ultimate Pro Brown Roof Carpenter Bee Trap & Repair Kit (4 pcs),115.0,114.0,0.9
2026-08-02T08:26:47.078973+00:00,Best Bee Brothers,best-bee-brothers:best-bee-brothers-ultimate-pro-black-roof-carpenter-bee-trap-repair-kit-replacement-parts-4-pcs,Ultimate Pro Black Roof Carpenter Bee Trap & Repair Kit (4 pcs),115.0,114.0,0.9
2026-08-02T08:26:47.078973+00:00,Best Bee Brothers,best-bee-brothers:ultimate-pro-carpenter-bee-trap-wasp-deterrent-hive-combo-kit-for-yard-patio-7-pcs,Ultimate Pro Carpenter Bee Trap & Wasp Deterrent Hive Combo Kit for Yard & Patio (7 pcs),111.0,110.0,0.9
2026-08-02T08:26:47.078973+00:00,Best Bee Brothers,best-bee-brothers:bee-licious-bee-bait-2-pack,Bee-Licious Bee Bait 2 Pack,41.0,40.0,2.4
2026-08-02T08:26:47.078973+00:00,Best Bee Brothers,best-bee-brothers:carpenter-bee-control-kit,Carpenter Bee Control Kit,138.0,137.0,0.7
2026-08-02T08:26:47.078973+00:00,Best Bee Brothers,best-bee-brothers:the-jet-setter-adventure-kit,Shake & Shield Bed Bug and No-See-Um Repellent - The Jet-Setter Adventure Kit (9 pcs),172.0,171.0,0.6
2026-08-02T08:26:47.078973+00:00,Best Bee Brothers,best-bee-brothers:the-weekender-adventure-kit,Shake & Shield Bed Bug and No-See-Um Repellent - The Weekender Adventure Kit (7 pcs),121.0,120.0,0.8
2026-08-02T08:26:47.078973+00:00,Best Bee Brothers,best-bee-brothers:the-overnighter-adventure-kit,Shake & Shield Bed Bug and No-See-Um Repellent - The Overnighter Adventure Kit (5 pcs),68.0,67.0,1.5
2026-08-02T08:26:47.078973+00:00,Best Bee Brothers,best-bee-brothers:carpenter-bee-turbo-trap-designer-gift-box,Carpenter Bee Turbo Trap 2.0 with Bee Vault Colored Roofs Gift Box,115.0,114.0,0.9
2026-08-02T08:26:47.078973+00:00,Best Bee Brothers,best-bee-brothers:carpenter-bee-turbo-trap-gift-box,Carpenter Bee Turbo Trap 2.0 with Bee Vault Gift Box,115.0,114.0,0.9
2026-08-02T08:26:47.078973+00:00,Best Bee Brothers,best-bee-brothers:carpenter-bee-turbo-trap,Carpenter Bee Turbo Trap 2.0 with Bee Vault,41.0,40.0,2.4
2026-08-02T08:26:47.078973+00:00,Best Bee Brothers,best-bee-brothers:hanging-carved-face-bee-lodge,Hanging Carved Face Bee Lodge,51.0,50.0,2.0
2026-08-02T08:26:47.078973+00:00,American Reptile Distributors,american-reptile-distributors:ornate-diamondback-terrapin-female-26703-malaclemys-terrapin-macrospilota,Ornate Diamondback Terrapin Female #26703 (Malaclemys terrapin macrospilota),249.99,199.99,20.0
2026-08-02T08:26:47.078973+00:00,American Reptile Distributors,american-reptile-distributors:ornate-diamondback-terrapin-female-26702-malaclemys-terrapin-macrospilota,Ornate Diamondback Terrapin Female #26702 (Malaclemys terrapin macrospilota),249.99,199.99,20.0
2026-08-02T08:26:47.078973+00:00,American Reptile Distributors,american-reptile-distributors:ornate-diamondback-terrapin-female-26701-malaclemys-terrapin-macrospilota,Ornate Diamondback Terrapin Female #26701 (Malaclemys terrapin macrospilota),249.99,199.99,20.0
2026-08-02T08:26:47.078973+00:00,American Reptile Distributors,american-reptile-distributors:pastel-clown-peacock-slider-baby-2026-1-trachemys-emolii,Pastel Clown Peacock Slider Baby 2026 #1 (Trachemys emolii),199.99,99.99,50.0
2026-08-02T08:26:47.078973+00:00,Big Apple Herp,big-apple-herp:butter-ball-pythons-for-sale,Butter Ball Pythons for Sale – Multiple Morphs Available,239.95,214.95,10.4
2026-08-02T08:26:47.078973+00:00,Big Apple Herp,big-apple-herp:ghost-ball-pythons-for-sale,Ghost Ball Pythons for Sale – Multiple Morphs Available,129.0,109.0,15.5
2026-08-02T08:26:47.078973+00:00,Big Apple Herp,big-apple-herp:fire-ball-pythons-for-sale,Fire Ball Pythons for Sale – Multiple Morphs Available,289.0,89.95,68.9
2026-08-02T08:26:47.078973+00:00,Big Apple Herp,big-apple-herp:green-basilisks,Green & Brown Basilisks,34.95,37.95,8.6
2026-08-02T08:26:47.078973+00:00,The Bio Dude,the-bio-dude:monocentropus-balfouri-socotra-island-blue-tarantula-for-sale-live-arrival-guarantee,Monocentropus balfouri - Socotra Island Blue Tarantula for Sale | TDE,49.99,45.69,8.6
2026-08-02T08:26:47.078973+00:00,The Bio Dude,the-bio-dude:4-pot-sansevieria-shorter-variety,"4"" Pot Sansevieria Shorter Variety",8.95,13.95,55.9
2026-08-02T08:26:47.078973+00:00,Imperial Reptiles,imperial-reptiles:banana-calico-ball-python-for-sale,Banana Calico Ball Python,149.99,189.99,26.7
2026-08-02T08:26:47.078973+00:00,Pangea Reptile,pangea-reptile:galapagos-mossy-dome,Galápagos Mossy Dome,20.99,18.99,9.5
2026-08-02T08:26:47.078973+00:00,Pangea Reptile,pangea-reptile:pangea-succulent-garden,Pangea Succulent Garden,12.99,7.98,38.6
2026-08-02T08:26:47.078973+00:00,Pangea Reptile,pangea-reptile:pangea-logo-t-shirt,Pangea Logo Tee,24.99,9.99,60.0
2026-08-02T08:26:47.078973+00:00,Pangea Reptile,pangea-reptile:zoo-med-repti-calcium-without-d3-2,Zoo Med Repti Calcium Without D3,8.99,6.99,22.2
2026-08-02T08:26:47.078973+00:00,Pangea Reptile,pangea-reptile:zoo-med-reptibreeze-substrate-bottom-tray-2,Zoo Med ReptiBreeze Substrate Bottom Tray,17.99,11.99,33.4
2026-08-02T08:26:47.078973+00:00,Pangea Reptile,pangea-reptile:redline-science-12-straight-non-locking-hemostats-2,"Redline Science 12"" Straight Non-Locking Hemostats",13.99,8.99,35.7
2026-08-02T08:26:47.078973+00:00,Pangea Reptile,pangea-reptile:exo-terra-terrasky-uv-uvb-led-terrarium-light-1,Exo Terra TerraSky UV - UVB LED Compact Terrarium Light,119.99,69.99,41.7
2026-08-02T08:26:47.078973+00:00,Pangea Reptile,pangea-reptile:exo-terra-terrasky-uv-uvb-led-terrarium-spot-lamp,Exo Terra TerraSky UV - UVB LED Terrarium Spot Lamp,59.99,39.99,33.3
2026-08-02T08:26:47.078973+00:00,Pangea Reptile,pangea-reptile:exo-terra-terrasky-uv-uvb-led-terrarium-light,Exo Terra TerraSky UV - UVB LED Terrarium Light,159.99,99.99,37.5
2026-08-02T08:26:47.078973+00:00,Pangea Reptile,pangea-reptile:zoo-med-eco-earth-coconut-chips,Zoo Med Eco Earth Coconut Chips,6.99,4.99,28.6
2026-08-02T08:26:47.078973+00:00,Pangea Reptile,pangea-reptile:new-age-pet-mojave-stacker,New Age Pet®  Mojave Stacker,79.99,59.99,25.0
2026-08-02T08:26:47.078973+00:00,Pangea Reptile,pangea-reptile:new-age-pet-48-lo-boy-versa-stand,"New Age Pet®  48"" Lo-Boy Versa Stand",284.99,249.99,12.3
2026-08-02T08:26:47.078973+00:00,Pangea Reptile,pangea-reptile:new-age-pet-24-mojave-reptile-lounge,"New Age Pet®  24"" Mojave Reptile Lounge",154.99,84.99,45.2
2026-08-02T08:26:47.078973+00:00,Pangea Reptile,pangea-reptile:new-age-pet-36-mojave-reptile-lounge,"New Age Pet®  36"" Mojave Reptile Lounge",259.99,161.99,37.7
2026-08-02T08:26:47.078973+00:00,Pangea Reptile,pangea-reptile:new-age-pet-48-mojave-reptile-lounge,"New Age Pet®  48"" Mojave Reptile Lounge",374.99,249.99,33.3
2026-08-02T08:26:47.078973+00:00,Pangea Reptile,pangea-reptile:new-age-pet-48-versa-stand,"New Age Pet®  48"" Versa Stand",448.99,249.99,44.3
2026-08-02T08:26:47.078973+00:00,Pangea Reptile,pangea-reptile:new-age-pet-36-versa-stand,"New Age Pet®  36"" Versa Stand",307.99,211.99,31.2
2026-08-02T08:26:47.078973+00:00,Pangea Reptile,pangea-reptile:reptile-systems-eco-halogen-basking-spotlight-25w-50w-75w-100w,Reptile Systems Eco Halogen Basking Spotlight,32.99,31.99,3.0
2026-08-02T08:26:47.078973+00:00,Pangea Reptile,pangea-reptile:male-xxx-crested-gecko-cr-2280,Male Extreme Harlequin Crested Gecko Cr-2280,449.99,199.99,55.6
2026-08-02T08:26:47.078973+00:00,Pangea Reptile,pangea-reptile:joshs-frogs-hydei-fruit-fly-media,Josh's Frogs Hydei Fruit Fly Media,13.99,9.99,28.6
2026-08-02T08:26:47.078973+00:00,Pangea Reptile,pangea-reptile:joshs-frogs-melanogaster-fruit-fly-media,Josh's Frogs Melanogaster Fruit Fly Media,12.99,8.99,30.8
2026-08-02T08:26:47.078973+00:00,Pangea Reptile,pangea-reptile:male-extreme-harlequin-crested-gecko-cr-2108,Male Extreme Harlequin Crested Gecko Cr-2108,549.99,274.99,50.0
2026-08-02T08:26:47.078973+00:00,Pangea Reptile,pangea-reptile:male-extreme-harlequin-crested-gecko-cr-2066,Male Extreme Harlequin Crested Gecko Cr-2066,599.99,399.99,33.3
2026-08-02T08:26:47.078973+00:00,Pangea Reptile,pangea-reptile:male-pinstripe-crested-gecko-cr-2019,Male Pinstripe Crested Gecko Cr-2019,299.99,199.99,33.3
2026-08-02T08:26:47.078973+00:00,Pangea Reptile,pangea-reptile:male-tricolor-extreme-crested-gecko-cr-2007,Male Tricolor Extreme Harlequin Crested Gecko Cr-2007,499.99,374.99,25.0
2026-08-02T08:26:47.078973+00:00,Pangea Reptile,pangea-reptile:female-extreme-harlequin-crested-gecko-cr-2004,Female XXX Crested Gecko Cr-2004,599.99,199.99,66.7
2026-08-02T08:26:47.078973+00:00,Pangea Reptile,pangea-reptile:male-extreme-harlequin-crested-gecko-cr-1932,Male Extreme Harlequin Crested Gecko Cr-1932,699.99,299.99,57.1
2026-08-02T08:26:47.078973+00:00,Pangea Reptile,pangea-reptile:medium-acrylic-enclosure-for-arachnids-and-invertebrates,Medium Acrylic Enclosure,39.99,29.99,25.0
2026-08-02T08:26:47.078973+00:00,Pangea Reptile,pangea-reptile:pangea-microdish-branch-mount-gecko-feeding-dish-large,Pangea MicroDish - Branch Mount Kit - Gecko Feeding Dish - Large,11.99,5.99,50.0
2026-08-02T08:26:47.078973+00:00,Pangea Reptile,pangea-reptile:pangea-microdish-extra-small-gecko-feeding-dish-sys1,Pangea MicroDish - Extra Small Dual Gecko Feeding Dish (SYS1),5.99,2.99,50.1
2026-08-02T08:26:47.078973+00:00,Pangea Reptile,pangea-reptile:pangea-microdish-small-gecko-feeding-dish-sys1,Pangea MicroDish - Small Gecko Feeding Dish (SYS1),5.99,2.99,50.1
2026-08-02T08:26:47.078973+00:00,Pangea Reptile,pangea-reptile:pangea-microdish-branch-mount-large-sys3,Pangea MicroDish - Branch Mount - Large (SYS3),5.99,2.99,50.1
2026-08-02T08:26:47.078973+00:00,Pangea Reptile,pangea-reptile:pangea-microdish-branch-mount-small-sys1,Pangea MicroDish - Branch Mount - Small (SYS1),5.99,2.99,50.1
2026-08-02T08:26:47.078973+00:00,Pangea Reptile,pangea-reptile:pangea-microdish-gecko-feeding-dish-large,Pangea MicroDish - Gecko Feeding Dish - Large (SYS3),6.99,2.99,57.2
2026-08-02T08:26:47.078973+00:00,Pangea Reptile,pangea-reptile:pangea-microdish-surface-mount-gecko-feeding-dish-small,Pangea MicroDish - Surface Mount - Small (SYS 1),5.99,2.99,50.1
2026-08-02T08:26:47.078973+00:00,Pangea Reptile,pangea-reptile:pangea-microdish-branch-mount-gecko-feeding-dish-dual-extra-small,Pangea MicroDish - Branch Mount Kit - Gecko Feeding Dish - Dual Extra Small,9.99,4.99,50.1
2026-08-02T08:26:47.078973+00:00,Pangea Reptile,pangea-reptile:pangea-microdish-branch-mount-gecko-feeding-dish-small,Pangea MicroDish - Branch Mount Kit - Gecko Feeding Dish - Small,9.99,4.99,50.1
2026-08-02T08:26:47.078973+00:00,Grow Organic,grow-organic:complete-soil-analysis,"Soil Test (S-103, Agricultural Soil)",74.99,83.99,12.0
2026-08-02T08:26:47.078973+00:00,JMZ Butterfly Farm,jmz-butterfly-farm:pipevine-swallowtail-caterpillars-or-chrysalis,Pipevine Swallowtail Caterpillars or Chrysalis,65.0,48.0,26.2
2026-08-02T08:26:47.078973+00:00,AntGear,antgear:large-outworld-with-removable-lid-mesh-vent,Large Outworld with Removable Lid &#038; Mesh Vent,29.99,24.99,16.7
2026-08-02T08:26:47.078973+00:00,AntGear,antgear:pogonomyrmex-maricopa,Maricopa Harvester Ant (Pogonomyrmex maricopa),29.99,39.99,33.3
2026-08-02T08:26:47.078973+00:00,AntGear,antgear:myrmecocystus-placodops-01,Bicolored Large Honeypot Ants (Myrmecocystus placodops 01),54.99,89.99,63.6
2026-08-02T08:26:47.078973+00:00,AntGear,antgear:pheidole-militicida,Militant Big-Headed Ants (Pheidole militicida),59.99,64.99,8.3
2026-08-02T08:26:47.078973+00:00,AntGear,antgear:fluon-escape-prevention,Fluon (PTFE Disp 30): Keep Ants From Escaping,12.99,16.99,30.8
2026-08-02T08:26:47.078973+00:00,AntGear,antgear:novomessor-cockerelli,Desert Long-Legged Ants (Novomessor cockerelli),34.99,39.99,14.3
2026-08-02T08:26:47.078973+00:00,AntGear,antgear:pogonomyrmex-californicus-bicolor,California Harvester (Pogonomyrmex californicus),72.99,62.99,13.7
2026-08-02T08:26:47.078973+00:00,AntGear,antgear:pogonomyrmex-barbatus,Red Harvester Ant (Pogonomyrmex barbatus),29.99,39.99,33.3
2026-08-02T08:26:47.078973+00:00,AntGear,antgear:camponotus-pudorosus,Camponotus pudorosus,24.99,44.99,80.0
2026-08-02T08:26:47.078973+00:00,AntGear,antgear:pogonomyrmex-rugosus,Rough Harvester Ant (Pogonomyrmex rugosus),24.99,34.99,40.0
2026-08-02T08:26:47.078973+00:00,AntGear,antgear:camponotus-ocreatus,Camponotus ocreatus,54.99,64.99,18.2
2026-08-02T08:26:47.078973+00:00,AntGear,antgear:pheidole-rhea,Massive Big-Headed Ants (Pheidole rhea),64.99,72.99,12.3
2026-08-05T08:39:04.708197+00:00,DubiaRoaches.com,dubiaroaches:large-mealworm-500ct-auction-2,Large Mealworm 500ct Auction,1.0,8.0,700.0
2026-08-05T08:39:04.708197+00:00,DubiaRoaches.com,dubiaroaches:medium-discoid-roaches-500ct-auction,Medium Discoid Roaches 500ct Auction,51.0,38.0,25.5
2026-08-05T08:39:04.708197+00:00,DubiaRoaches.com,dubiaroaches:125w-heat-panel-reptile-habitat-auction-1,125w Heat Panel Reptile Habitat Auction,129.0,165.0,27.9
2026-08-05T08:39:04.708197+00:00,DubiaRoaches.com,dubiaroaches:medium-superworm-500ct-auction,Medium Superworm 500ct Auction,12.0,13.0,8.3
2026-08-05T08:39:04.708197+00:00,DubiaRoaches.com,dubiaroaches:medium-hornworm-24ct-case-of-12-auction-1,Medium Hornworm 24ct (Case Of 12) Auction,13.0,22.0,69.2
2026-08-05T08:39:04.708197+00:00,DubiaRoaches.com,dubiaroaches:24x18x36-67-gallon-arboreal-auction-1,24x18x36 (67 Gallon) Arboreal Auction,200.0,1590.0,695.0
2026-08-05T08:39:04.708197+00:00,DubiaRoaches.com,dubiaroaches:large-discoid-250ct-auction-1,Large Discoid 250ct Auction,31.0,22.0,29.0
2026-08-05T08:39:04.708197+00:00,DubiaRoaches.com,dubiaroaches:large-hornworm-12ct-case-of-6-auction-2,Large Hornworm 12ct (Case Of 6) Auction,17.0,21.0,23.5
2026-08-05T08:39:04.708197+00:00,DubiaRoaches.com,dubiaroaches:x-small-dubia-roaches-500ct-auction-1,X-Small Dubia Roaches 500ct Auction,29.0,19.0,34.5
2026-08-05T08:39:04.708197+00:00,DubiaRoaches.com,dubiaroaches:dubia-roaches-medium-500ct-auction-3,Dubia Roaches Medium 500ct Auction,32.0,40.0,25.0
2026-08-05T08:39:04.708197+00:00,Fear Not Tarantulas,fear-not-tarantulas:euthycaelus-colonica-venezuela-orange-tarantula,"Euthycaelus colonica (Venezuela Orange & Bronze Tarantula) about 1/4"" - 1/3""",19.0,35.0,84.2
2026-08-05T08:39:04.708197+00:00,Fear Not Tarantulas,fear-not-tarantulas:hapalopus-guerreroi-speckle-patch-guerilla-tarantula-small,"Hapalopus guerreroi (Speckle Patch Guerilla Tarantula) about 1/3"" - 1/2""",25.0,45.0,80.0
2026-08-05T08:39:04.708197+00:00,Fear Not Tarantulas,fear-not-tarantulas:ephebopus-cyanognathus-blue-fang-tarantula-for-sale-now,"Ephebopus cyanognathus (Blue Fang Tarantula) about  about 1"" - 1 1/4""",45.0,69.0,53.3
2026-08-05T08:39:04.708197+00:00,Fear Not Tarantulas,fear-not-tarantulas:pamphobeteus-mascara-tarantula-for-sale-1,"Pamphobeteus sp. mascara (Mascara Giant Birdeater Tarantula) about 1"" - 1 1/2""",39.0,79.0,102.6
2026-08-05T08:39:04.708197+00:00,Fear Not Tarantulas,fear-not-tarantulas:ceratogyrus-darlingi-rear-horned-baboon-tarantula-for-sale-flash,"Ceratogyrus darlingi (Rear Horned Baboon Tarantula) about 3/4"" - 1""",35.0,19.0,45.7
2026-08-05T08:39:04.708197+00:00,Fear Not Tarantulas,fear-not-tarantulas:thrixopelma-sp-andes-fire-tarantula-for-sale,"Thrixopelma sp Andes Fire about 1/2"" - 3/4"" *NEW",99.0,174.0,75.8
2026-08-05T08:39:04.708197+00:00,Fear Not Tarantulas,fear-not-tarantulas:brachypelma-auratum-mexican-flame-knee,"Brachypelma auratum (Mexican Flame Knee Tarantula) about 1/2""",62.0,35.0,43.5
2026-08-05T08:39:04.708197+00:00,Fear Not Tarantulas,fear-not-tarantulas:tapinauchenius-sanctivincenti-tarantula-for-sale,"Tapinauchenius sanctivincenti (St. Vincent's Tree Spider) about 3/4"" - 1""",45.0,17.0,62.2
2026-08-05T08:39:04.708197+00:00,Fear Not Tarantulas,fear-not-tarantulas:hysterocrates-gigas-cameroon-red-baboon-spider,"Hysterocrates gigas (Cameroon Red Baboon Spider) 3/4"" - 1""",45.0,22.0,51.1
2026-08-05T08:39:04.708197+00:00,Spider Shoppe,spider-shoppe:euathlus-truculentus-green,Euathlus truculentus 'Green',348.0,124.0,64.4
2026-08-05T08:39:04.708197+00:00,Spider Shoppe,spider-shoppe:avicularia-sp-ecuador,Avicularia sp 'Ecuador',98.0,198.0,102.0
2026-08-05T08:39:04.708197+00:00,Spider Shoppe,spider-shoppe:mniarogekko-chahoua-new-caledonian-mossy-gecko-mainland-1,Mniarogekko chahoua (New Caledonian Mossy Gecko) Mainland,228.0,168.0,26.3
2026-08-05T08:39:04.708197+00:00,Spider Shoppe,spider-shoppe:chahoua-gecko-mniarogekko-chahoua-pine-island-proven-pair,Mniarogekko chahoua (New Caledonian Mossy Gecko) Pine Island PAIR,548.0,498.0,9.1
2026-08-05T08:39:04.708197+00:00,Spider Shoppe,spider-shoppe:aqueon-10-gallon-tank,Aqueon 10 Gallon Tank,24.0,38.98,62.4
2026-08-05T08:39:04.708197+00:00,Best Bee Brothers,best-bee-brothers:ultimate-pro-pink-roof-carpenter-bee-trap-repair-kit-replacement-parts-4-pcs,Ultimate Pro Pink Roof Carpenter Bee Trap & Repair Kit (4 pcs),114.0,115.0,0.9
2026-08-05T08:39:04.708197+00:00,Best Bee Brothers,best-bee-brothers:ultimate-pro-white-roof-carpenter-bee-trap-repair-kit-replacement-parts-4-pcs,Ultimate Pro White Roof Carpenter Bee Trap & Repair Kit (4 pcs),114.0,115.0,0.9
2026-08-05T08:39:04.708197+00:00,Best Bee Brothers,best-bee-brothers:ultimate-pro-brown-roof-carpenter-bee-trap-repair-kit-replacement-parts-4-pcs,Ultimate Pro Brown Roof Carpenter Bee Trap & Repair Kit (4 pcs),114.0,115.0,0.9
2026-08-05T08:39:04.708197+00:00,Best Bee Brothers,best-bee-brothers:best-bee-brothers-ultimate-pro-black-roof-carpenter-bee-trap-repair-kit-replacement-parts-4-pcs,Ultimate Pro Black Roof Carpenter Bee Trap & Repair Kit (4 pcs),114.0,115.0,0.9
2026-08-05T08:39:04.708197+00:00,Best Bee Brothers,best-bee-brothers:carpenter-bee-control-kit,Carpenter Bee Control Kit,137.0,138.0,0.7
2026-08-05T08:39:04.708197+00:00,Best Bee Brothers,best-bee-brothers:the-jet-setter-adventure-kit,Shake & Shield Bed Bug and No-See-Um Repellent - The Jet-Setter Adventure Kit (9 pcs),171.0,172.0,0.6
2026-08-05T08:39:04.708197+00:00,Best Bee Brothers,best-bee-brothers:the-overnighter-adventure-kit,Shake & Shield Bed Bug and No-See-Um Repellent - The Overnighter Adventure Kit (5 pcs),67.0,68.0,1.5
2026-08-05T08:39:04.708197+00:00,Best Bee Brothers,best-bee-brothers:carpenter-bee-turbo-trap-designer-gift-box,Carpenter Bee Turbo Trap 2.0 with Bee Vault Colored Roofs Gift Box,114.0,115.0,0.9
2026-08-05T08:39:04.708197+00:00,Best Bee Brothers,best-bee-brothers:carpenter-bee-turbo-trap-gift-box,Carpenter Bee Turbo Trap 2.0 with Bee Vault Gift Box,114.0,115.0,0.9
2026-08-05T08:39:04.708197+00:00,Micro Wilderness,micro-wilderness:grammostola-pulchra,Grammostola pulchra - Unsexed - Brazilian Black,149.99,99.99,33.3
2026-08-05T08:39:04.708197+00:00,Buddha Bugs,buddha-bugs:barylestis-occidentalis-west-african-huntsman-spider-for-sale,"Barylestis occidentalis (West African huntsman spider) 0.33""",20.0,15.0,25.0
2026-08-05T08:39:04.708197+00:00,Buddha Bugs,buddha-bugs:harpactira-baviana-purcells-baboon-tarantula-for-sale,"Harpactira baviana (Purcell's baboon tarantula) 1""",45.0,35.0,22.2
2026-08-05T08:39:04.708197+00:00,Buddha Bugs,buddha-bugs:ceratogyrus-sanderi-namibian-horned-baboon-for-sale,"Ceratogyrus sanderi (Namibian horned baboon tarantula) 0.75""",40.0,25.0,37.5
2026-08-05T08:39:04.708197+00:00,Big Apple Herp,big-apple-herp:emerald-black-tree-skinks,Emerald & Black Tree Skinks,64.95,144.95,123.2
2026-08-05T08:39:04.708197+00:00,Big Apple Herp,big-apple-herp:green-suriname-cornuta-horned-frogs,Suriname Horned Frogs (Multiple Morph Options),59.95,54.95,8.3
2026-08-05T08:39:04.708197+00:00,Big Apple Herp,big-apple-herp:peach-throat-monitors,Peach Throat Monitors,319.95,349.95,9.4
2026-08-05T08:39:04.708197+00:00,Big Apple Herp,big-apple-herp:scaleless-everglades-rat-snakes,Scaleless Everglades Rat Snakes,129.95,59.95,53.9
2026-08-05T08:39:04.708197+00:00,Big Apple Herp,big-apple-herp:musk-turtles-common,Musk Turtles (Common),24.95,27.95,12.0
2026-08-05T08:39:04.708197+00:00,James' Beetle Farm,james-beetle-farm:kinishi-cup,Kinishi Cup,24.99,19.99,20.0
2026-08-05T08:39:04.708197+00:00,Coast2Coast Beetles,coast2coast-beetles:77mm-goliathus-goliatus-adult-male,77mm Goliathus Goliatus Adult Male,200.0,150.0,25.0
2026-08-05T08:39:04.708197+00:00,Imperial Reptiles,imperial-reptiles:banana-lemonblast-ball-python,Banana Lemonblast Ball Python,189.99,149.99,21.1
2026-08-05T08:39:04.708197+00:00,Imperial Reptiles,imperial-reptiles:banana-champagne-ball-python-for-sale,Banana Champagne Ball Python,219.99,149.99,31.8
2026-08-05T08:39:04.708197+00:00,Imperial Reptiles,imperial-reptiles:banana-king-pin-ball-python-for-sale,Banana King Pin Ball Python,149.99,189.99,26.7
2026-08-05T08:39:04.708197+00:00,Imperial Reptiles,imperial-reptiles:banana-pastel-stripe-ball-python-for-sale,Banana Pastel Stripe Ball Python,249.99,149.99,40.0
2026-08-05T08:39:04.708197+00:00,Pangea Reptile,pangea-reptile:female-extreme-harlequin-crested-gecko-cr-2287,Female Extreme Harlequin Crested Gecko Cr-2287,649.99,349.99,46.2
2026-08-05T08:39:04.708197+00:00,Pangea Reptile,pangea-reptile:female-tricolor-extreme-crested-gecko-cr-2360,Female Tricolor Extreme Harlequin Crested Gecko Cr-2360,599.99,299.99,50.0
2026-08-05T08:39:04.708197+00:00,Pangea Reptile,pangea-reptile:male-extreme-harlequin-crested-gecko-cr-2349,Male Extreme Harlequin Crested Gecko Cr-2349,399.99,149.99,62.5
2026-08-05T08:39:04.708197+00:00,Pangea Reptile,pangea-reptile:male-extreme-harlequin-crested-gecko-cr-2289,Male Extreme Harlequin Crested Gecko Cr-2289,599.99,299.99,50.0
2026-08-05T08:39:04.708197+00:00,Pangea Reptile,pangea-reptile:male-pinstripe-crested-gecko-cr-2106,Male Extreme Harlequin Crested Gecko Cr-2106,599.99,249.99,58.3
2026-08-05T08:39:04.708197+00:00,Pangea Reptile,pangea-reptile:male-extreme-harlequin-crested-gecko-cr-1967,Male Extreme Harlequin Crested Gecko Cr-1967,849.99,299.99,64.7
2026-08-05T08:39:04.708197+00:00,Pangea Reptile,pangea-reptile:pangea-microdish-surface-mount-kit-gecko-feeding-dish-small,Pangea MicroDish - Surface Mount Kit - Gecko Feeding Dish - Small,9.99,4.99,50.1
2026-08-05T08:39:04.708197+00:00,Pangea Reptile,pangea-reptile:pangea-microdish-surface-mount-gecko-feeding-dish-dual-extra-small,Pangea MicroDish - Surface Mount Kit - Gecko Feeding Dish - Dual Extra Small,9.99,4.99,50.1
2026-08-05T08:39:04.708197+00:00,Pangea Reptile,pangea-reptile:male-red-phantom-crested-gecko-cr-1604,Male Red Phantom Crested Gecko Cr-1604,299.99,149.99,50.0
2026-08-05T08:39:04.708197+00:00,Pangea Reptile,pangea-reptile:male-super-dalmatian-crested-gecko-cr-1276,Male Dalmatian Crested Gecko Cr-1276,249.99,99.99,60.0
2026-08-05T08:39:04.708197+00:00,Pangea Reptile,pangea-reptile:male-lavender-pinstripe-crested-gecko-cr-1527,Male Quadstripe Crested Gecko Cr-1527,449.99,269.99,40.0
2026-08-05T08:39:04.708197+00:00,Pangea Reptile,pangea-reptile:male-extreme-crested-gecko-cr-1499,Male Extreme Harlequin Crested Gecko Cr-1499,474.99,229.99,51.6
2026-08-05T08:39:04.708197+00:00,Dubi Deli,dubi-deli:exo-terra-t-rex-skull,Exo Terra T-Rex Skull,18.99,24.99,31.6
2026-08-05T08:39:04.708197+00:00,AntGear,antgear:pogonomyrmex-bicolor,Bicolor Harvester Ant (Pogonomyrmex bicolor),24.99,39.99,60.0
2026-08-05T08:39:04.708197+00:00,AntGear,antgear:pheidole-militicida,Militant Big-Headed Ants (Pheidole militicida),64.99,89.99,38.5
2026-08-05T08:39:04.708197+00:00,AntGear,antgear:pogonomyrmex-barbatus,Red Harvester Ant (Pogonomyrmex barbatus),39.99,44.99,12.5
2026-08-05T08:39:04.708197+00:00,AntGear,antgear:camponotus-ocreatus,Camponotus ocreatus,64.99,54.99,15.4
2026-08-09T06:59:18.576187+00:00,The Defiant Forest,the-defiant-forest:red-spotted-white-tree-millipede-anadenobolus-arboreus-gundlachi-var-yellow-leg-antennae,"Captive Bred Spotted White Tree Millipede Yellow Leg, Anadenobolus arboreus gundlachi",35.0,33.0,5.7
2026-08-09T06:59:18.576187+00:00,The Defiant Forest,the-defiant-forest:tyrells-tufted-jumping-spiders-phidippus-tyrelli,"Tyrell's Tufted Jumping Spiders, Phidippus tyrelli | Wholesale Only",35.0,180.0,414.3
2026-08-09T06:59:18.576187+00:00,The Defiant Forest,the-defiant-forest:western-red-back-jumping-spider-phidippus-johnsoni,"Western Red-Back Jumping Spider, Phidippus johnsoni | Wholesale Only",35.0,180.0,414.3
2026-08-09T06:59:18.576187+00:00,The Defiant Forest,the-defiant-forest:orange-spotted-white-tree-millipede-anadenobolus-arboreus-gunlachi,Captive Bred Spotted White Tree Millipede Black Leg | Anadenobolus arboreus gundlachi,45.0,36.0,20.0
2026-08-09T06:59:18.576187+00:00,The Defiant Forest,the-defiant-forest:nicaraguan-curly-hair-tarantula,"Nicaraguan Curly Hair Tarantula, Tliltocatl albopilosus - Terrestrial Species",18.0,20.0,11.1
2026-08-09T06:59:18.576187+00:00,The Defiant Forest,the-defiant-forest:mexican-red-knee-tarantulas,"Mexican Red Knee Tarantula, Brachypelma hamorii - Terrestrial Species",49.0,45.0,8.2
2026-08-09T06:59:18.576187+00:00,Exotics Unlimited,exotics-unlimited:typhochlaena-seladonia-brazilian-jewel-tarantula,Typhochlaena seladonia (Brazilian Jewel Tarantula),245.0,399.0,62.9
2026-08-09T06:59:18.576187+00:00,Exotics Unlimited,exotics-unlimited:typhochleana-seladonia-brazilian-jewel-tarantula-around-0-75,"Typhochlaena seladonia (Brazilian Jewel Tarantula) 3/4-1"" & Pro Complete Setup Ready To Use",600.0,550.0,8.3
2026-08-09T06:59:18.576187+00:00,Exotics Unlimited,exotics-unlimited:copy-of-typhochlaena-seladonia-brazilian-jewel-0-25-pro-1-year-setup-ready-to-use-custom-3-sticker,"Typhochlaena seladonia (Brazilian Jewel Tarantula) 1""+ & Pro Complete Setup Ready To Use",450.0,650.0,44.4
2026-08-09T06:59:18.576187+00:00,Exotics Unlimited,exotics-unlimited:typhochlaena-seladonia-brazilian-jewel-5-8,"Typhochlaena seladonia (Brazilian Jewel Tarantula) 1/2-3/4"" & Pro Complete Setup Ready To Use",650.0,450.0,30.8
2026-08-09T06:59:18.576187+00:00,Exotics Unlimited,exotics-unlimited:monkey-ladder,Monkey Ladder,8.99,6.99,22.2
2026-08-09T06:59:18.576187+00:00,Ty Dye Exotics,ty-dye-exotics:ybyrapora-gamba-purple-diamond-pink-toe-tarantula-rare-arboreal-gem-live-arrival-guarantee,Ybyrapora gamba – Purple Diamond Pink Toe Tarantula | Rare Arboreal Gem | Live Arrival Guarantee,379.0,299.98,20.8
2026-08-09T06:59:18.576187+00:00,Ty Dye Exotics,ty-dye-exotics:theraphosidae-sp-colombia-colombian-crowned-tarantula-rare-undescribed-species-live-arrival-guarantee,Theraphosinae sp Colombia – Colombian Crowned Tarantula | Rare Undescribed Species | Live Arrival Guarantee,499.0,379.99,23.8
2026-08-09T06:59:18.576187+00:00,Ty Dye Exotics,ty-dye-exotics:phormictopus-sp-dominican-purple-dominican-purple-birdeater-tarantula-stunning-caribbean-species-live-arrival-guarantee,"Phormictopus sp. ""Dominican Purple"" – Dominican Purple Birdeater Tarantula | Stunning Caribbean Species | Live Arrival Guarantee",58.99,68.4,16.0
2026-08-09T06:59:18.576187+00:00,Ty Dye Exotics,ty-dye-exotics:latrodectus-hesperus-western-black-widow-spider-classic-north-american-species-live-arrival-guarantee,Latrodectus hesperus – Western Black Widow Spider | Classic North American Species | Live Arrival Guarantee,17.99,12.59,30.0
2026-08-09T06:59:18.576187+00:00,Ty Dye Exotics,ty-dye-exotics:pandinus-imperator-emperor-scorpion-perfect-beginner-species-live-arrival-guarantee,Pandinus imperator – Emperor Scorpion | Perfect Beginner Species | Live Arrival Guarantee,59.99,49.99,16.7
2026-08-09T06:59:18.576187+00:00,Ty Dye Exotics,ty-dye-exotics:peucetia-viridans-green-lynx-spider-stunning-north-american-species-live-arrival-guarantee,Peucetia viridans – Green Lynx Spider | Stunning North American Species | Live Arrival Guarantee,31.99,17.89,44.1
2026-08-09T06:59:18.576187+00:00,Ty Dye Exotics,ty-dye-exotics:heterometrus-silenus-asian-forest-scorpion-impressive-tropical-species-live-arrival-guarantee,Heterometrus silenus – Asian Forest Scorpion | Impressive Tropical Species | Live Arrival Guarantee,34.99,27.79,20.6
2026-08-09T06:59:18.576187+00:00,Ty Dye Exotics,ty-dye-exotics:aphonopelma-bicoloratum-mexican-blood-leg-terrestrial-tarantula,Aphonopelma bicoloratum - Mexican Blood Leg Tarantula for Sale | Live Arrival Guarantee,149.99,124.79,16.8
2026-08-09T06:59:18.576187+00:00,Ty Dye Exotics,ty-dye-exotics:scolopendra-dehaani-vietnamese-orange-leg-centipede-stunning-asian-species-live-arrival-guarantee,Scolopendra dehaani – Vietnamese Orange Leg Centipede | Stunning Asian Species | Live Arrival Guarantee,44.99,36.49,18.9
2026-08-09T06:59:18.576187+00:00,Ty Dye Exotics,ty-dye-exotics:scolopendra-dehaani-vietnamese-yellow-leg-centipede-stunning-asian-species-live-arrival-guarantee,Scolopendra dehaani – Vietnamese Yellow Leg Centipede | Stunning Asian Species | Live Arrival Guarantee,39.99,34.29,14.3
2026-08-09T06:59:18.576187+00:00,Ty Dye Exotics,ty-dye-exotics:scolopendra-japonica-yunnan-red-japanese-giant-centipede-vivid-red-asian-centipede-live-arrival-guarantee,Scolopendra japonica ‘Yunnan Red’ – Japanese Giant Centipede | Vivid Red Asian Centipede | Live Arrival Guarantee,74.99,63.69,15.1
2026-08-09T06:59:18.576187+00:00,Ty Dye Exotics,ty-dye-exotics:ceratogyrus-brachycephalus-greater-horned-baboon-tarantula-forward-facing-horn-live-arrival-guarantee,Ceratogyrus brachycephalus – Greater Horned Baboon Tarantula | Forward-Facing Horn | Live Arrival Guarantee,64.99,62.89,3.2
2026-08-09T06:59:18.576187+00:00,Ty Dye Exotics,ty-dye-exotics:mastigoproctus-giganteus-texas-giant-vinegaroon-impressive-desert-whipscorpion-live-arrival-guarantee,Mastigoproctus giganteus – Texas Giant Vinegaroon | Impressive Desert Whipscorpion | Live Arrival Guarantee,39.99,38.29,4.3
2026-08-09T06:59:18.576187+00:00,Ty Dye Exotics,ty-dye-exotics:nilus-sp-cameroon-cameroon-fish-eating-spider-rare-aquatic-hunter-live-arrival-guarantee,Nilus sp. Cameroon – Cameroon Fish Eating Spider | Rare Aquatic Hunter | Live Arrival Guarantee,34.99,29.99,14.3
2026-08-09T06:59:18.576187+00:00,Ty Dye Exotics,ty-dye-exotics:holothele-longipes-trinidad-pink-heavy-webbing-dwarf-beauty-live-arrival-guarantee,Holothele longipes – Trinidad Pink | Heavy Webbing Dwarf Beauty | Live Arrival Guarantee,27.99,26.79,4.3
2026-08-09T06:59:18.576187+00:00,Ty Dye Exotics,ty-dye-exotics:phidippus-audax-bold-jumping-spider-charismatic-pet-spider-live-arrival-guarantee,Phidippus audax – Bold Jumping Spider | Charismatic Pet Spider | Live Arrival Guarantee,16.49,18.98,15.1
2026-08-09T06:59:18.576187+00:00,Ty Dye Exotics,ty-dye-exotics:thrixopelma-pruriens-peruvian-green-velvet-tarantula-emerald-desert-jewel-live-arrival-guarantee,Ewok pruriens – Peruvian Green Velvet Tarantula | Emerald Desert Jewel | Live Arrival Guarantee,39.99,34.59,13.5
2026-08-09T06:59:18.576187+00:00,Ty Dye Exotics,ty-dye-exotics:phidippus-morpheus-dream-jumping-spider-bold-desert-jumper-live-arrival-guarantee,Phidippus morpheus – Dream Jumping Spider | Bold Desert Jumper | Live Arrival Guarantee,43.99,38.96,11.4
2026-08-09T06:59:18.576187+00:00,Ty Dye Exotics,ty-dye-exotics:kochiana-brunnipes-dwarf-pink-leg-tarantula-stunning-micro-new-world-species-live-arrival-guarantee,Kochiana brunnipes – Dwarf Pink Leg Tarantula | Stunning Micro New World Species | Live Arrival Guarantee,31.99,23.79,25.6
2026-08-09T06:59:18.576187+00:00,Ty Dye Exotics,ty-dye-exotics:cyriocosmus-aueri-peruvian-dwarf-red-leg-tarantula-tiny-jewel-with-ruby-legs-live-arrival-guarantee,Cyriocosmus aueri – Peruvian Dwarf Red Leg Tarantula | Tiny Jewel with Ruby Legs | Live Arrival Guarantee,41.99,34.79,17.1
2026-08-09T06:59:18.576187+00:00,Ty Dye Exotics,ty-dye-exotics:hapalopus-guerreroi-speckle-patch-tarantula-for-sale-live-arrival-guarantee,Hapalopus guerreroi - Speckle Patch Tarantula for Sale | Live Arrival Guarantee,43.99,41.89,4.8
2026-08-09T06:59:18.576187+00:00,Ty Dye Exotics,ty-dye-exotics:lasiodora-parahybana-brazilian-salmon-pink-birdeater-massive-new-world-giant-live-arrival-guarantee,Lasiodora parahybana – Brazilian Salmon Pink Birdeater | Massive New World Giant | Live Arrival Guarantee,27.99,23.89,14.6
2026-08-09T06:59:18.576187+00:00,Ty Dye Exotics,ty-dye-exotics:phormictopus-sp-dominican-purple-dominican-purple-birdeater-tarantula-stunning-caribbean-species-live-arrival-guarantee-1,Phormingochilus arboricola – Borneo Black Tarantula | Rare Arboreal Species | Live Arrival Guarantee,49.99,33.89,32.2
2026-08-09T06:59:18.576187+00:00,Ty Dye Exotics,ty-dye-exotics:phormingochilus-sp-sabah-red-crimson-purple-bat-eater-tarantula-rare-malaysian-species-live-arrival-guarantee,Phormingochilus sp Sabah Red – Crimson Purple Bat Eater Tarantula | Rare Malaysian Species | Live Arrival Guarantee,99.99,107.99,8.0
2026-08-09T06:59:18.576187+00:00,Ty Dye Exotics,ty-dye-exotics:pelinobius-muticus-king-baboon-tarantula-massive-african-species-live-arrival-guarantee,Pelinobius muticus – King Baboon Tarantula | Massive African Species | Live Arrival Guarantee,49.99,39.89,20.2
2026-08-09T06:59:18.576187+00:00,Ty Dye Exotics,ty-dye-exotics:ornithoctoninae-sp-phan-cay-red-purple-blaze-tree-spider-old-world-live-arrival-guarantee,Ornithoctoninae sp. Phan Cay Red – Purple Blaze Tree Spider | Old World | Live Arrival Guarantee,99.99,94.99,5.0
2026-08-09T06:59:18.576187+00:00,Ty Dye Exotics,ty-dye-exotics:ornithoctoninae-sp-phan-cay-blue-cobalt-tree-spider-rare-blue-arboreal-live-arrival-guarantee,"Ornithoctoninae sp. ""Phan Cay Blue"" – Cobalt Tree Spider | Rare Blue Arboreal | Live Arrival Guarantee",99.99,89.79,10.2
2026-08-09T06:59:18.576187+00:00,Ty Dye Exotics,ty-dye-exotics:scolopendra-sp-sulawesi-flame-centipede,Scolopendra sp. 'Sulawesi Flame' – Sulawesi Flame Centipede | Red Orange Yellow Fire Centipede | Live Arrival Guarantee,139.99,120.89,13.6
2026-08-09T06:59:18.576187+00:00,Ty Dye Exotics,ty-dye-exotics:scolopendra-dehaani-malaysian-cherry-red-centipede,Scolopendra dehaani – Malaysian Cherry Red Centipede | All-Cherry Giant with Black Banding | Live Arrival Guarantee,124.99,88.79,29.0
2026-08-09T06:59:18.576187+00:00,Ty Dye Exotics,ty-dye-exotics:scolopendra-sp-lowland-jewel-centipede,Scolopendra sp. 'Lowland Jewel' – Lowland Jewel Centipede | Chocolate Body Orange-to-Blue Gradient Legs | Live Arrival Guarantee,174.99,145.89,16.6
2026-08-09T06:59:18.576187+00:00,Ty Dye Exotics,ty-dye-exotics:ethmostigmus-sp-borneo-blue-centipede,Ethmostigmus sp. 'Borneo Blue' – Borneo Blue Centipede | Electric Blue Giant Centipede | Live Arrival Guarantee,124.99,121.89,2.5
2026-08-09T06:59:18.576187+00:00,Ty Dye Exotics,ty-dye-exotics:scolopendra-sp-buton-black-centipede,Scolopendra sp. 'Buton Black' – Buton Black Centipede | Chocolate-to-Black Giant with Cherry Head | Live Arrival Guarantee,249.99,145.69,41.7
2026-08-09T06:59:18.576187+00:00,Ty Dye Exotics,ty-dye-exotics:scolopendra-sp-sumatran-purple-centipede,Scolopendra sp. 'Sumatran Purple' – Sumatran Purple Centipede | Purple Giant | Red Rosie | Live Arrival Guarantee,249.99,137.24,45.1
2026-08-09T06:59:18.576187+00:00,Ty Dye Exotics,ty-dye-exotics:scolopendra-sp-java-black-mt-merapi-giant-centipede,Scolopendra sp. 'Java Black' – Mt. Merapi Giant Centipede | Jet-Black Volcanic Giant | Live Arrival Guarantee,174.99,149.99,14.3
2026-08-09T06:59:18.576187+00:00,Ty Dye Exotics,ty-dye-exotics:scolopendra-sp-white-beard-giant-white-beard-centipede-monster-10-species-live-arrival-guarantee,"Scolopendra sp White Beard – Giant White Beard Centipede | Monster 10""+ Species | Live Arrival Guarantee",199.99,173.74,13.1
2026-08-09T06:59:18.576187+00:00,Ty Dye Exotics,ty-dye-exotics:theraphosinae-sp-mandarina-orange-blush-tarantula-rare-colorful-new-world-species-live-arrival-guarantee,Theraphosinae sp. Mandarina – Orange Blush Tarantula | Rare Colorful New World Species | Live Arrival Guarantee,225.0,149.99,33.3
2026-08-09T06:59:18.576187+00:00,Ty Dye Exotics,ty-dye-exotics:davus-pentaloris-guatemalan-tiger-rump-tarantula-for-sale-live-arrival-guarantee,Davus pentaloris - Guatemalan Tiger Rump Tarantula for Sale | Live Arrival Guarantee,34.99,19.89,43.2
2026-08-09T06:59:18.576187+00:00,Ty Dye Exotics,ty-dye-exotics:scolopendra-multidens-red-chinese-beauty-centipede-red-head-red-legs-dark-body-live-arrival-guarantee,"Scolopendra multidens ‘Red’ – Chinese Beauty Centipede | Red Head, Red Legs & Dark Body | Live Arrival Guarantee",59.99,45.89,23.5
2026-08-09T06:59:18.576187+00:00,Ty Dye Exotics,ty-dye-exotics:scolopendra-cf-viridicornis-brown-nordeste-do-brazil-amazon-tricolor-centipede-incredibly-rare-giant-south-american-species-live-arrival-guarantee,Scolopendra cf. viridicornis ‘Brown – Nordeste do Brazil’ – Amazon Tricolor Centipede | Incredibly Rare Giant South American Species | Live Arrival Guarantee,1179.0,669.79,43.2
2026-08-09T06:59:18.576187+00:00,Ty Dye Exotics,ty-dye-exotics:hapalotremus-hananqheswa-high-valley-blue-tarantula-rare-iridescent-new-world-species-live-arrival-guarantee,Hapalotremus hananqheswa – High Valley Blue Tarantula | Rare Iridescent New World Species | Live Arrival Guarantee,124.99,107.89,13.7
2026-08-09T06:59:18.576187+00:00,Ty Dye Exotics,ty-dye-exotics:euathlus-manicatus-black-chilean-black-flame-tarantula-rare-dwarf-new-world-species-live-arrival-guarantee,Euathlus manicatus ‘Black’ – Chilean Black Flame Tarantula | Rare Dwarf New World Species | Live Arrival Guarantee,143.89,142.59,0.9
2026-08-09T06:59:18.576187+00:00,Ty Dye Exotics,ty-dye-exotics:melopoeus-albostriatus-thai-purple-zebra-tarantula-stunning-striped-asian-earth-tiger-live-arrival-guarantee,Melopoeus albostriatus – Thai Purple Zebra Tarantula (Cyriopagopus albostriatus) | Stunning Striped Asian Earth Tiger | Live Arrival Guarantee,99.99,77.69,22.3
2026-08-09T06:59:18.576187+00:00,Ty Dye Exotics,ty-dye-exotics:ceratogyrus-meridionalis-zimbabwe-grey-baboon-tarantula-rare-horned-old-world-species-live-arrival-guarantee,Ceratogyrus meridionalis – Zimbabwe Grey Baboon Tarantula | Rare Horned Old World Species | Live Arrival Guarantee,39.99,32.39,19.0
2026-08-09T06:59:18.576187+00:00,Ty Dye Exotics,ty-dye-exotics:omothymus-sp-valhalla-emerald-shadow-tree-spider-live-arrival-guarantee,Omothymus sp Valhalla – Emerald Shadow Tree Spider (Cyriopagopus sp Valhalla) | Rare Emerald Green Old World Arboreal | Live Arrival Guarantee,197.99,189.79,4.1
2026-08-09T06:59:18.576187+00:00,Ty Dye Exotics,ty-dye-exotics:phormictopus-sp-sierra-de-bahoruco-midnight-nebula-birdeater-tarantula-starlit-caribbean-giant-live-arrival-guarantee,Phormictopus sp Sierra de Bahoruco – Midnight Nebula Birdeater Tarantula | Starlit Caribbean Giant | Live Arrival Guarantee,149.99,169.49,13.0
2026-08-09T06:59:18.576187+00:00,Ty Dye Exotics,ty-dye-exotics:pterinochilus-murinus-kigoma-kigoma-obt-dark-baboon-beauty-live-arrival-guarantee,Pterinochilus murinus 'Kigoma' – Kigoma OBT | Dark Baboon Beauty | Live Arrival Guarantee,53.99,41.99,22.2
2026-08-09T06:59:18.576187+00:00,Ty Dye Exotics,ty-dye-exotics:ceratogyrus-darlingi-rear-horned-baboon,Ceratogyrus darlingi - Rear Horned Baboon Tarantula for Sale | Live Arrival Guarantee,41.99,34.49,17.9
2026-08-09T06:59:18.576187+00:00,Ty Dye Exotics,ty-dye-exotics:pterinochilus-lugardi-dodoma-baboon-tarantula-tanzanian-bronze-warrior-live-arrival-guarantee,Pterinochilus lugardi – Dodoma Baboon Tarantula | Tanzanian Bronze Warrior | Live Arrival Guarantee,37.99,32.39,14.7
2026-08-09T06:59:18.576187+00:00,Ty Dye Exotics,ty-dye-exotics:phoneutria-depilata-panama-wandering-spider-medically-significant-venom-live-arrival-guarantee,Phoneutria depilata – Panama Wandering Spider | Medically Significant Venom | Live Arrival Guarantee,47.79,41.92,12.3
2026-08-09T06:59:18.576187+00:00,Ty Dye Exotics,ty-dye-exotics:pamphobeteus-sp-machala-colombian-purple-bloom-birdeater-tarantula-purple-velvet-giant-live-arrival-guarantee,Pamphobeteus sp Machala – Purple Bloom Birdeater Tarantula | Purple Velvet Giant | Live Arrival Guarantee,84.99,74.79,12.0
2026-08-09T06:59:18.576187+00:00,Ty Dye Exotics,ty-dye-exotics:avicularia-avicularia-m6-metallic-pink-toe-tarantula-shimmering-morphotype-live-arrival-guarantee,Avicularia avicularia M6 – Metallic Pink Toe Tarantula | Shimmering Morphotype | Live Arrival Guarantee,54.99,47.79,13.1
2026-08-09T06:59:18.576187+00:00,Ty Dye Exotics,ty-dye-exotics:aphonopelma-chalcodes-arizona-blonde-tarantula-live-arrival-guarantee,Aphonopelma chalcodes – Arizona Blonde Tarantula | Among the Most Handleable Tarantulas | Live Arrival Guarantee,29.99,25.0,16.6
2026-08-09T06:59:18.576187+00:00,Ty Dye Exotics,ty-dye-exotics:aphonopelma-anax-texas-black-and-tan-tarantula-hardy-southwestern-species-live-arrival-guarantee,Aphonopelma anax – Texas Black and Tan Tarantula | Hardy Southwestern Species | Live Arrival Guarantee,59.99,49.99,16.7
2026-08-09T06:59:18.576187+00:00,Ty Dye Exotics,ty-dye-exotics:psalmopoeus-victori-darth-maul-tarantula-mexican-half-half-stunning-arboreal-species-live-arrival-guarantee,Psalmopoeus victori – Darth Maul Tarantula | Mexican Half & Half | Stunning Arboreal Species | Live Arrival Guarantee,54.99,45.79,16.7
2026-08-09T06:59:18.576187+00:00,Ty Dye Exotics,ty-dye-exotics:scolopendra-sp-ruby-red-hispaniolan-red-giant-centipede-massive-caribbean-species-live-arrival-guarantee,Scolopendra sp Ruby Red – Hispaniolan Red Giant Centipede | Massive Caribbean Species | Live Arrival Guarantee,224.99,191.79,14.8
2026-08-09T06:59:18.576187+00:00,Ty Dye Exotics,ty-dye-exotics:pterinochilus-murinus-usambara-orange-baboon-tarantula-rcf-red-color-form-live-arrival-guarantee,Pterinochilus murinus 'Usambara' – Orange Baboon Tarantula | RCF Red Color Form | Live Arrival Guarantee,34.99,24.89,28.9
2026-08-09T06:59:18.576187+00:00,Ty Dye Exotics,ty-dye-exotics:psalmopoeus-irminia-venezuelan-suntiger-tarantula-stunning-arboreal-species-live-arrival-guarantee,Psalmopoeus irminia – Venezuelan Suntiger Tarantula | Stunning Arboreal Species | Live Arrival Guarantee,34.99,26.69,23.7
2026-08-09T06:59:18.576187+00:00,Ty Dye Exotics,ty-dye-exotics:psalmopoeus-cambridgei-trinidad-chevron-tarantula-fast-arboreal-species-live-arrival-guarantee,Psalmopoeus cambridgei – Trinidad Chevron Tarantula | Fast Arboreal Species | Live Arrival Guarantee,34.99,21.79,37.7
2026-08-09T06:59:18.576187+00:00,Ty Dye Exotics,ty-dye-exotics:ornithoctoninae-sp-vietnam-silver-vietnam-silver-earth-tiger-tarantula-rare-metallic-species-live-arrival-guarantee,"Ornithoctoninae sp. ""Vietnam Silver"" – Vietnam Silver Earth Tiger Tarantula | Rare Metallic Species | Live Arrival Guarantee",74.99,63.79,14.9
2026-08-09T06:59:18.576187+00:00,Ty Dye Exotics,ty-dye-exotics:omothymus-violaceopes-singapore-blue-tarantula-stunning-blue-species-live-arrival-guarantee,Omothymus violaceopes – Singapore Blue Tarantula | Stunning Blue Species | Live Arrival Guarantee,54.99,39.99,27.3
2026-08-09T06:59:18.576187+00:00,Ty Dye Exotics,ty-dye-exotics:ischnocolus-vanandelae-omani-golden-tiger-tarantula-for-sale-live-arrival-guarantee,Ischnocolus vanandelae - Omani Golden Tiger Tarantula for Sale | Live Arrival Guarantee,57.99,52.29,9.8
2026-08-09T06:59:18.576187+00:00,Ty Dye Exotics,ty-dye-exotics:homoeomma-orellanai-chilean-yellow-flame-tarantula-for-sale-live-arrival-guarantee,Homoeomma orellanai - Chilean Yellow Flame Tarantula for Sale | Live Arrival Guarantee,174.99,94.59,45.9
2026-08-09T06:59:18.576187+00:00,Ty Dye Exotics,ty-dye-exotics:homoeomma-chilense-chilean-flame-tarantula-for-sale-live-arrival-guarantee,Homoeomma chilense - Chilean Flame Tarantula for Sale | Live Arrival Guarantee,129.99,124.99,3.8
2026-08-09T06:59:18.576187+00:00,Ty Dye Exotics,ty-dye-exotics:harpactira-pulchripes-golden-blue-leg-baboon-tarantula-for-sale-live-arrival-guarantee,Harpactira pulchripes - Golden Blue Leg Baboon Tarantula for Sale | Live Arrival Guarantee,54.99,43.79,20.4
2026-08-09T06:59:18.576187+00:00,Ty Dye Exotics,ty-dye-exotics:grammostola-pulchra-brazilian-black-tarantula-for-sale-live-arrival-guarantee,Grammostola pulchra - Brazilian Black Tarantula for Sale (Grammostola quirogai) | Live Arrival Guarantee,87.99,74.29,15.6
2026-08-09T06:59:18.576187+00:00,Ty Dye Exotics,ty-dye-exotics:grammostola-rosea-rcf-chilean-rose-hair-red-tarantula-for-sale-live-arrival-guarantee,Grammostola rosea RCF - Chilean Rose Hair 'Red' Tarantula for Sale | Live Arrival Guarantee,74.99,71.29,4.9
2026-08-09T06:59:18.576187+00:00,Ty Dye Exotics,ty-dye-exotics:davus-sp-panama-lava-spider-tarantula-for-sale-live-arrival-guarantee,Davus sp Panama - Lava Spider Tarantula for Sale | Live Arrival Guarantee,134.99,118.79,12.0
2026-08-09T06:59:18.576187+00:00,Ty Dye Exotics,ty-dye-exotics:melopoeus-lividus-cobalt-blue-tarantula-live-arrival-guarantee,Melopoeus lividus – Cobalt Blue Tarantula (Cyriopagopus lividus) | Electric Blue Old World Fossorial | Live Arrival Guarantee,44.99,36.99,17.8
2026-08-09T06:59:18.576187+00:00,Nature's Good Guys,natures-good-guys:ladybug-garden-pack,"Garden Variety Pack - 1,500 Ladybugs & 1,000 Green Lacewings",17.5,21.25,21.4
2026-08-09T06:59:18.576187+00:00,Meme's Worms,memes-worms:5000-red-wiggler-composting-worms-for-sale,5LBS Pure Red Wiggler Composting Worms For Sale - FREE SHIPPING (Approx. 5000 Worms),279.99,295.99,5.7
2026-08-09T06:59:18.576187+00:00,DubiaRoaches.com,dubiaroaches:copy-of-large-hornworm-12ct-case-of-6-auction-1,Large Hornworm 12ct (Case Of 6) Auction,10.0,32.0,220.0
2026-08-09T06:59:18.576187+00:00,DubiaRoaches.com,dubiaroaches:large-calcigrubs-500ct-auction-23,Large CalciGrubs 500ct Auction,8.0,9.0,12.5
2026-08-09T06:59:18.576187+00:00,DubiaRoaches.com,dubiaroaches:xl-dubia-roaches-250ct-auction-2,XL Dubia Roaches 250ct Auction,32.0,35.0,9.4
2026-08-09T06:59:18.576187+00:00,DubiaRoaches.com,dubiaroaches:18x18x24-33-gallon-arboreal-reptile-enclosure-v3-auction,18x18x24 (33 Gallon) Arboreal Reptile Enclosure V3 Auction,7676.0,100.0,98.7
2026-08-09T06:59:18.576187+00:00,DubiaRoaches.com,dubiaroaches:x-small-dubia-roaches-500ct-auction-2,X-Small Dubia Roaches 500ct Auction,19.0,22.0,15.8
2026-08-09T06:59:18.576187+00:00,DubiaRoaches.com,dubiaroaches:125w-heat-panel-reptile-habitat-auction-2,125w Heat Panel Reptile Habitat Auction,165.0,151.0,8.5
2026-08-09T06:59:18.576187+00:00,Fear Not Tarantulas,fear-not-tarantulas:brachypelma-boehmei-mexican-fireleg-tarantula-spiderling,"Brachypelma boehmei (Mexican Fireleg Tarantula) about 1/3"" - 1/2"" Tarantula APPRECIATION!",42.0,27.0,35.7
2026-08-09T06:59:18.576187+00:00,Fear Not Tarantulas,fear-not-tarantulas:euthycaelus-colonica-venezuela-orange-tarantula,"Euthycaelus colonica (Venezuela Orange & Bronze Tarantula) about 1/4"" - 1/3""",35.0,19.0,45.7
2026-08-09T06:59:18.576187+00:00,Fear Not Tarantulas,fear-not-tarantulas:hapalopus-guerreroi-speckle-patch-guerilla-tarantula-small,"Hapalopus guerreroi (Speckle Patch Guerilla Tarantula) about 1/3"" - 1/2""",45.0,25.0,44.4
2026-08-09T06:59:18.576187+00:00,Fear Not Tarantulas,fear-not-tarantulas:pseudhapalopus-sp-blue-colombian-blue-dwarf-tarantula-1-𝐋𝐀𝐑𝐆𝐄𝐑-💙💙,"Pseudhapalopus sp Blue (Colombian Blue Dwarf)  Tarantula about 1/8""",99.0,45.0,54.5
2026-08-09T06:59:18.576187+00:00,Fear Not Tarantulas,fear-not-tarantulas:pterinopelma-sazimai-iridescent-blue-2-unsexed,"Lasiocyano sazimai (Iridescent Blue) about 1/4"" - 1/3"" TARANTULA APPRECIATION!",35.0,19.0,45.7
2026-08-09T06:59:18.576187+00:00,Fear Not Tarantulas,fear-not-tarantulas:sicarius-thomisoides-six-eyed-sand-spider-for-sale,"Sicarius thomisoides (Six-Eyed Sand Spider) about 1"" +",47.0,55.0,17.0
2026-08-09T06:59:18.576187+00:00,Fear Not Tarantulas,fear-not-tarantulas:heterothele-gabonensis-tarantula-for-sale,"Heterothele gabonensis (Gabon Blue Dwarf Baboon Tarantula) about 1/2"" - 3/4""",34.0,22.0,35.3
2026-08-09T06:59:18.576187+00:00,Fear Not Tarantulas,fear-not-tarantulas:orphnaecus-sp-rizal-blue-tarantula,"Orphnaecus sp Rizal Blue  about 1""",55.0,65.0,18.2
2026-08-09T06:59:18.576187+00:00,Fear Not Tarantulas,fear-not-tarantulas:omothymus-violaceopes-singapore-blue-tarantula-for-sale,"Omothymus violaceopes (Singapore Blue Tarantula) about 1"" - 1 1/4""",49.0,29.0,40.8
2026-08-09T06:59:18.576187+00:00,Fear Not Tarantulas,fear-not-tarantulas:psalmopoeus-reduncus-costa-rican-orange-mouth-tarantula-1,"Psalmopoeus reduncus (Costa Rican Orange Mouth Tarantula) about 3/4"" - 1""",39.0,15.0,61.5
2026-08-09T06:59:18.576187+00:00,Fear Not Tarantulas,fear-not-tarantulas:augacephalus-ezendami-mozambique-golden-starburst-baboon-tarantula-for-sale,"Augacephalus ezendami (Mozambique Golden Starburst Baboon) about 3/4""",45.0,39.0,13.3
2026-08-09T06:59:18.576187+00:00,Fear Not Tarantulas,fear-not-tarantulas:fufius-gold-spider-for-sale,"Fufius lanicius (Gold Digger Dwarf Spider) About 3/4""",45.0,55.0,22.2
2026-08-09T06:59:18.576187+00:00,Fear Not Tarantulas,fear-not-tarantulas:urupelma-peruvianun-tarantula-for-sale,"Urupelma  peruvianum ex Homoeomma (Peruvian Blue Tarantula) about 3/4""-1""",74.0,49.0,33.8
2026-08-09T06:59:18.576187+00:00,Fear Not Tarantulas,fear-not-tarantulas:kochiana-brunnipes-tarantula-dwarf-pink-leg-for-sale,"Kochiana brunnipes (Dwarf Pink Leg Tarantula) about or very near 1/4""",39.0,22.0,43.6
2026-08-09T06:59:18.576187+00:00,Fear Not Tarantulas,fear-not-tarantulas:lasiodora-parahybana-brazilian-salmon-pink-birdeater-tarantula,"Lasiodora parahybana - (Brazilian Salmon Pink Birdeater Tarantula) about 1/4"" - 1/2""",35.0,22.0,37.1
2026-08-09T06:59:18.576187+00:00,Fear Not Tarantulas,fear-not-tarantulas:avicularia-juruensis-m1-urticans-green-tarantula,"Avicularia juruensis M1 (Urticans Green Tarantula) about 1"" - 1 1/4""",89.0,99.0,11.2
2026-08-09T06:59:18.576187+00:00,Fear Not Tarantulas,fear-not-tarantulas:theraphosidae-sp-dorado-tarantula-for-sale,"Theraphosidae sp dorado (Golden Royalty Tarantula) about 1/2""-3/4"" ONE PER SHIPMENT FOR THE SALE!",120.0,65.0,45.8
2026-08-09T06:59:18.576187+00:00,Fear Not Tarantulas,fear-not-tarantulas:davus-sp-mazunte-tarantula-for-sale,"Davus sp mazunte (Mazunte Tiger Rump) about 1/2""+ *NEW",99.0,125.0,26.3
2026-08-09T06:59:18.576187+00:00,Fear Not Tarantulas,fear-not-tarantulas:brachypelma-auratum-mexican-flame-knee,"Brachypelma auratum (Mexican Flame Knee Tarantula) about 1/2""",35.0,62.0,77.1
2026-08-09T06:59:18.576187+00:00,Fear Not Tarantulas,fear-not-tarantulas:psalmopoeus-cambridgei-trinidad-chevron-tarantula-for-sale,"Psalmopoeus cambridgei  (Trinidad Chevron Tarantula) about 3/4"" - 1""",42.0,19.0,54.8
2026-08-09T06:59:18.576187+00:00,Fear Not Tarantulas,fear-not-tarantulas:harpactira-dictator-tarantula-dictator-baboon,"Harpactira dictator (Dictator Baboon Tarantula) about  1"" - 1 1/4""",59.0,29.0,50.8
2026-08-09T06:59:18.576187+00:00,Fear Not Tarantulas,fear-not-tarantulas:hysterocrates-gigas-cameroon-red-baboon-spider,"Hysterocrates gigas (Cameroon Red Baboon Spider) 3/4"" - 1""",22.0,45.0,104.5
2026-08-09T06:59:18.576187+00:00,Fear Not Tarantulas,fear-not-tarantulas:psalmopoeus-irminia-venezuelan-suntiger-tarantula-1,"Psalmopoeus irminia (Venezuelan Suntiger Tarantula) about 1"" +",45.0,19.0,57.8
2026-08-09T06:59:18.576187+00:00,Fear Not Tarantulas,fear-not-tarantulas:cilantica-sp-kali,"Cilantica sp Kali (Kali Earth Tiger) about 1 1/4"" - 1 1/2"" Very similar to psychedelicus *RARE",115.0,59.0,48.7
2026-08-09T06:59:18.576187+00:00,Exotics Source,exotics-source:regal-jumping-spider-alaska,"Regal Jumping Spider ""Alaska”",150.0,75.0,50.0
2026-08-09T06:59:18.576187+00:00,Exotics Source,exotics-source:regal-jumping-spider-marley,"Regal Jumping Spider ""Marley""",95.0,75.0,21.1
2026-08-09T06:59:18.576187+00:00,Exotics Source,exotics-source:regal-jumping-spider-poppy,Regal Jumping Spider “Poppy”,95.0,75.0,21.1
2026-08-09T06:59:18.576187+00:00,Exotics Source,exotics-source:regal-jumping-spider-sterling,Regal Jumping Spider “Sterling”,75.0,95.0,26.7
2026-08-09T06:59:18.576187+00:00,Exotics Source,exotics-source:regal-jumping-spider-apricot-leaf,Regal Jumping Spider “Apricot Leaf”,95.0,75.0,21.1
2026-08-09T06:59:18.576187+00:00,Exotics Source,exotics-source:regal-jumping-spider-raspberry,"Regal Jumping Spider ""Raspberry""",95.0,75.0,21.1
2026-08-09T06:59:18.576187+00:00,Exotics Source,exotics-source:regal-jumping-spider-hocus,"Regal Jumping Spider ""Hocus""",95.0,75.0,21.1
2026-08-09T06:59:18.576187+00:00,Exotics Source,exotics-source:regal-jumping-spider-punkin,"Regal Jumping Spider ""Punkin""",95.0,75.0,21.1
2026-08-09T06:59:18.576187+00:00,Exotics Source,exotics-source:regal-jumping-spider-espresso,"Regal Jumping Spider ""Espresso""",75.0,95.0,26.7
2026-08-09T06:59:18.576187+00:00,Exotics Source,exotics-source:regal-jumping-spider-manzana,"Regal Jumping Spider ""Manzana""",75.0,95.0,26.7
2026-08-09T06:59:18.576187+00:00,Exotics Source,exotics-source:regal-jumping-spider-sahara-1,"Regal Jumping Spider ""Sahara""",75.0,95.0,26.7
2026-08-09T06:59:18.576187+00:00,Exotics Source,exotics-source:regal-jumping-spider-white-truffle,Regal Jumping Spider “White Truffle”,150.0,95.0,36.7
2026-08-09T06:59:18.576187+00:00,Exotics Source,exotics-source:regal-jumping-spider-cereal-milk,Regal Jumping Spider “Cereal Milk”,95.0,75.0,21.1
2026-08-09T06:59:18.576187+00:00,Exotics Source,exotics-source:regal-jumping-spider-whisper,"Regal Jumping Spider ""Whisper""",95.0,75.0,21.1
2026-08-09T06:59:18.576187+00:00,Exotics Source,exotics-source:regal-jumping-spider-grace,"Regal Jumping Spider ""Grace""",75.0,95.0,26.7
2026-08-09T06:59:18.576187+00:00,Exotics Source,exotics-source:regal-jumping-spider-toxic,"Regal Jumping Spider ""Toxic"" (High White)",75.0,150.0,100.0
2026-08-09T06:59:18.576187+00:00,Exotics Source,exotics-source:regal-jumping-spider-cutie,"Regal Jumping Spider ""Cutie""",95.0,75.0,21.1
2026-08-09T06:59:18.576187+00:00,Exotics Source,exotics-source:regal-jumping-spider-fern,Regal Jumping Spider “Fern”,95.0,75.0,21.1
2026-08-09T06:59:18.576187+00:00,Exotics Source,exotics-source:regal-jumping-spider-violet,"Regal Jumping Spider ""Violet""",95.0,75.0,21.1
2026-08-09T06:59:18.576187+00:00,Exotics Source,exotics-source:regal-jumping-spider-frostberry,"Regal Jumping Spider ""Frostberry""",95.0,75.0,21.1
2026-08-09T06:59:18.576187+00:00,Exotics Source,exotics-source:jumping-spider-cornbread,"Regal Jumping Spider ""Cornbread""",75.0,95.0,26.7
2026-08-09T06:59:18.576187+00:00,Exotics Source,exotics-source:regal-jumping-spider-joy,"Regal Jumping Spider ""Joy""",95.0,75.0,21.1
2026-08-09T06:59:18.576187+00:00,Exotics Source,exotics-source:regal-jumping-spider-strawberry,"Regal Jumping Spider ""Strawberry""",75.0,95.0,26.7
2026-08-09T06:59:18.576187+00:00,Exotics Source,exotics-source:regal-jumping-spider-candy,"Regal Jumping Spider ""Candy""",95.0,75.0,21.1
2026-08-09T06:59:18.576187+00:00,Exotics Source,exotics-source:regal-jumping-spider-lavender-for-sale,"Regal Jumping Spider ""Lavender""",95.0,75.0,21.1
2026-08-09T06:59:18.576187+00:00,Exotics Source,exotics-source:regal-jumping-spider-teddy,"Regal Jumping Spider ""Teddy""",95.0,75.0,21.1
2026-08-09T06:59:18.576187+00:00,Exotics Source,exotics-source:regal-jumping-spider-cookie,"Regal Jumping Spider ""Cookie""",95.0,75.0,21.1
2026-08-09T06:59:18.576187+00:00,Exotics Source,exotics-source:regal-jumping-spider-spooky,"Regal Jumping Spider ""Spooky""",95.0,75.0,21.1
2026-08-09T06:59:18.576187+00:00,Spider Shoppe,spider-shoppe:vancouver-pick-up-phidippus-regius-regal-jumping-spider,[Vancouver Pick-up] Phidippus regius (Regal Jumping Spider),34.0,38.0,11.8
2026-08-09T06:59:18.576187+00:00,Spider Shoppe,spider-shoppe:vancouver-pick-up-harpactira-pulchripes-golden-blue-legged-baboon,[Vancouver Pick-up] Harpactira pulchripes (Golden Blue-Legged Baboon),98.0,48.0,51.0
2026-08-09T06:59:18.576187+00:00,Spider Shoppe,spider-shoppe:pterinochilus-murinus-usambara-orange-starburst-baboon-copy,[Vancouver Pick-up] Pterinochilus murinus 'Usambara' (Orange Starburst Baboon),44.0,28.0,36.4
2026-08-09T06:59:18.576187+00:00,Tropical Isopods,tropical-isopods:cubaris-sp-mercury,"Cubaris sp. “Mercury""",300.0,200.0,33.3
2026-08-09T06:59:18.576187+00:00,Tropical Isopods,tropical-isopods:cubaris-sp-dandelion-copy,"Cubaris sp. “Longan""",375.0,300.0,20.0
2026-08-09T06:59:18.576187+00:00,Tropical Isopods,tropical-isopods:cubaris-sp-cherry-blossom,Cubaris sp. “Cherry Blossom”,100.0,75.0,25.0
2026-08-09T06:59:18.576187+00:00,Tropical Isopods,tropical-isopods:cubaris-iriomotensis-miyako-for-sale,Cubaris Iriomotensis “Miyako”,10.0,20.0,100.0
2026-08-09T06:59:18.576187+00:00,Tropical Isopods,tropical-isopods:cubaris-sp-soil-isopod-for-sale,"Troglodillo ""Soil""",15.0,20.0,33.3
2026-08-09T06:59:18.576187+00:00,Tropical Isopods,tropical-isopods:porcellio-sevilla-isopod-for-sale,"Porcellio Sp. ""Sevilla""",15.0,30.0,100.0
2026-08-09T06:59:18.576187+00:00,Tropical Isopods,tropical-isopods:cubaris-sp-white-pigeon-isopod-for-sale,"Cubaris sp. ""White Pigeon""",25.0,35.0,40.0
2026-08-09T06:59:18.576187+00:00,Tropical Isopods,tropical-isopods:armadillidium-kluugi-montenegro-for-sale,Armadillidium Klugii “Montenegro”,13.0,20.0,53.8
2026-08-09T06:59:18.576187+00:00,Holy-Poly Isopods,holy-poly-isopods:hpi-rocks-tee-2,HPI Rocks Tee,19.99,29.99,50.0
2026-08-09T06:59:18.576187+00:00,Holy-Poly Isopods,holy-poly-isopods:angry-monk-tee-2,Angry Monk Tee,19.99,29.99,50.0
2026-08-09T06:59:18.576187+00:00,Holy-Poly Isopods,holy-poly-isopods:peppers-pods-tee,Peppers & Pods Tee,19.99,29.99,50.0
2026-08-09T06:59:18.576187+00:00,Holy-Poly Isopods,holy-poly-isopods:the-podfather-tee-3,The Podfather Tee,19.99,29.99,50.0
2026-08-09T06:59:18.576187+00:00,Holy-Poly Isopods,holy-poly-isopods:podfather-circle-sticker-2,Podfather Circle Sticker (2”),1.0,3.99,299.0
2026-08-09T06:59:18.576187+00:00,Holy-Poly Isopods,holy-poly-isopods:the-podfather-crossbody-bag,The Podfather - Crossbody bag,26.99,34.99,29.6
2026-08-09T06:59:18.576187+00:00,Holy-Poly Isopods,holy-poly-isopods:rocks-jigsaw-puzzle,Holy-Poly Rocks!!! Jigsaw puzzle,21.0,24.99,19.0
2026-08-09T06:59:18.576187+00:00,Holy-Poly Isopods,holy-poly-isopods:hairy-podder-jigsaw-puzzle,Hairy Podder Jigsaw Puzzle,21.0,24.99,19.0
2026-08-09T06:59:18.576187+00:00,Holy-Poly Isopods,holy-poly-isopods:the-podfather-beanie,The Podfather Beanie,19.99,24.99,25.0
2026-08-09T06:59:18.576187+00:00,Holy-Poly Isopods,holy-poly-isopods:new-podder-tee,Hairy Podder Tee,19.99,29.99,50.0
2026-08-09T06:59:18.576187+00:00,Holy-Poly Isopods,holy-poly-isopods:hpi-convention-cinch-bag,Drawstring Cinch Bags,7.0,12.99,85.6
2026-08-09T06:59:18.576187+00:00,Holy-Poly Isopods,holy-poly-isopods:holy-poly-rocks-crossbody-bag,Holy-Poly Rocks!!! - Crossbody bag,26.99,34.99,29.6
2026-08-09T06:59:18.576187+00:00,Holy-Poly Isopods,holy-poly-isopods:the-angry-monk-crossbody-bag,The Angry Monk - Crossbody bag,26.99,34.99,29.6
2026-08-09T06:59:18.576187+00:00,Holy-Poly Isopods,holy-poly-isopods:peppers-pods-crossbody-bag,Peppers & Pods - Crossbody bag,26.99,34.99,29.6
2026-08-09T06:59:18.576187+00:00,Holy-Poly Isopods,holy-poly-isopods:holy-poly-rocks-kids-tee,Holy-Poly Rocks!!! - Kids Tee,18.99,24.99,31.6
2026-08-09T06:59:18.576187+00:00,Holy-Poly Isopods,holy-poly-isopods:the-angry-monk-kids-tee,The Angry Monk - Kids Tee,18.99,24.99,31.6
2026-08-09T06:59:18.576187+00:00,Holy-Poly Isopods,holy-poly-isopods:sticker-bundle,Sticker Pack Bundle,3.0,11.99,299.7
2026-08-09T06:59:18.576187+00:00,Holy-Poly Isopods,holy-poly-isopods:holy-poly-rocks-sticker-2-5x2-5,Holy-Poly Rocks!!! Sticker (2.5x2.5),0.75,2.99,298.7
2026-08-09T06:59:18.576187+00:00,Holy-Poly Isopods,holy-poly-isopods:the-podfather-sticker-2-5x2-5,The Podfather Sticker (2.5x2.5),0.75,2.99,298.7
2026-08-09T06:59:18.576187+00:00,Holy-Poly Isopods,holy-poly-isopods:bring-the-heat-sticker-2x3,Peppers & Pods Sticker (2.5x2.5),0.75,2.99,298.7
2026-08-09T06:59:18.576187+00:00,Holy-Poly Isopods,holy-poly-isopods:superpods-sticker-4x3,SuperPods Sticker (2x3),0.75,2.99,298.7
2026-08-09T06:59:18.576187+00:00,Holy-Poly Isopods,holy-poly-isopods:holy-poly-snapback-hat,Holy-Poly Snapback Hat,19.99,24.99,25.0
2026-08-09T06:59:18.576187+00:00,Holy-Poly Isopods,holy-poly-isopods:jigsaw-puzzle-2,Peppers & Pods - Jigsaw Puzzle,21.0,24.99,19.0
2026-08-09T06:59:18.576187+00:00,Holy-Poly Isopods,holy-poly-isopods:the-podfather-jigsaw-puzzle,The Podfather Jigsaw puzzle,21.0,24.99,19.0
2026-08-09T06:59:18.576187+00:00,Holy-Poly Isopods,holy-poly-isopods:superpods-jigsaw-puzzle,SuperPods Jigsaw puzzle,21.0,24.99,19.0
2026-08-09T06:59:18.576187+00:00,Holy-Poly Isopods,holy-poly-isopods:jigsaw-puzzle-1,The Angry Monk - Jigsaw puzzle,21.0,24.99,19.0
2026-08-09T06:59:18.576187+00:00,Holy-Poly Isopods,holy-poly-isopods:hpi-brings-the-heat-youth-fleece-hoodie,Peppers & Pods - Youth Fleece Hoodie,24.99,39.99,60.0
2026-08-09T06:59:18.576187+00:00,Holy-Poly Isopods,holy-poly-isopods:superpods-youth-fleece-hoodie,SuperPods - Youth Fleece Hoodie,24.99,39.99,60.0
2026-08-09T06:59:18.576187+00:00,Holy-Poly Isopods,holy-poly-isopods:holy-poly-rocks-youth-fleece-hoodie,Holy-Poly Rocks!!! - Youth Fleece Hoodie,24.99,39.99,60.0
2026-08-09T06:59:18.576187+00:00,Holy-Poly Isopods,holy-poly-isopods:the-pest-blue-mug,The Pest - Blue Mug,14.95,19.99,33.7
2026-08-09T06:59:18.576187+00:00,Holy-Poly Isopods,holy-poly-isopods:tote-bag-2,The Pest - Tote bag,19.99,24.99,25.0
2026-08-09T06:59:18.576187+00:00,Holy-Poly Isopods,holy-poly-isopods:the-pest-tee,The Pest T-Shirt,19.99,29.99,50.0
2026-08-09T06:59:18.576187+00:00,Holy-Poly Isopods,holy-poly-isopods:womens-relaxed-t-shirt-2,The Angry Monk - Women's Relaxed T-Shirt,19.99,29.99,50.0
2026-08-09T06:59:18.576187+00:00,Holy-Poly Isopods,holy-poly-isopods:womens-relaxed-t-shirt,The Podfather - Women's Relaxed Style Tee,19.99,29.99,50.0
2026-08-09T06:59:18.576187+00:00,Holy-Poly Isopods,holy-poly-isopods:the-pod-boss-hoodie,The Podfather Hoodie,25.99,44.99,73.1
2026-08-09T06:59:18.576187+00:00,Holy-Poly Isopods,holy-poly-isopods:superpods-belt-bag,SuperPods Belt Bag,25.99,34.99,34.6
2026-08-09T06:59:18.576187+00:00,Holy-Poly Isopods,holy-poly-isopods:the-podfather-belt-bag,The Podfather Belt Bag,25.99,34.99,34.6
2026-08-09T06:59:18.576187+00:00,Holy-Poly Isopods,holy-poly-isopods:drawstring-bag-1,SuperPods Drawstring bag,19.99,27.99,40.0
2026-08-09T06:59:18.576187+00:00,Holy-Poly Isopods,holy-poly-isopods:superpods-white-glossy-mug,SuperPods - White Glossy Mug,14.95,19.99,33.7
2026-08-09T06:59:18.576187+00:00,Holy-Poly Isopods,holy-poly-isopods:unisex-hoodie-2,Holy-Poly Rocks!!! - Unisex Hoodie,25.99,44.99,73.1
2026-08-09T06:59:18.576187+00:00,Holy-Poly Isopods,holy-poly-isopods:black-glossy-mug,The Podfather - Black Glossy Mug,14.95,19.99,33.7
2026-08-09T06:59:18.576187+00:00,Holy-Poly Isopods,holy-poly-isopods:hpi-logo-unisex-hoodie,HPI Logo - Unisex Hoodie,25.99,44.99,73.1
2026-08-09T06:59:18.576187+00:00,Holy-Poly Isopods,holy-poly-isopods:the-podfather-large-tote-bag,The Podfather - Large Tote Bag,21.99,29.99,36.4
2026-08-09T06:59:18.576187+00:00,Holy-Poly Isopods,holy-poly-isopods:the-monk-white-glossy-mug,The Angry Monk - White Glossy Mug,14.95,19.99,33.7
2026-08-09T06:59:18.576187+00:00,Holy-Poly Isopods,holy-poly-isopods:the-monk-baby-jersey-tee,The Angry Monk - Baby Jersey Tee,16.99,22.99,35.3
2026-08-09T06:59:18.576187+00:00,Holy-Poly Isopods,holy-poly-isopods:womens-relaxed-t-shirt-1,Peppers & Pods - Women's Relaxed Style Tee,19.99,29.99,50.0
2026-08-09T06:59:18.576187+00:00,Holy-Poly Isopods,holy-poly-isopods:white-glossy-mug-2,Peppers & Pods - White Glossy Mug,14.95,19.99,33.7
2026-08-09T06:59:18.576187+00:00,Holy-Poly Isopods,holy-poly-isopods:white-glossy-mug-1,Holy-Poly Rocks!!! - White Glossy Mug,14.95,19.99,33.7
2026-08-09T06:59:18.576187+00:00,Holy-Poly Isopods,holy-poly-isopods:unisex-hoodie,Peppers & Pods Hoodie,25.99,44.99,73.1
2026-08-09T06:59:18.576187+00:00,Holy-Poly Isopods,holy-poly-isopods:white-glossy-mug,HPI White Glossy Mug,13.95,19.99,43.3
2026-08-09T06:59:18.576187+00:00,Holy-Poly Isopods,holy-poly-isopods:youth-short-sleeve-t-shirt,SuperPods Youth Tee,18.99,24.99,31.6
2026-08-09T06:59:18.576187+00:00,Holy-Poly Isopods,holy-poly-isopods:tote-bag-1,Peppers & Pods - Tote bag,19.99,24.99,25.0
2026-08-09T06:59:18.576187+00:00,Holy-Poly Isopods,holy-poly-isopods:drawstring-bag,Holy-Poly Rocks!!! Drawstring bag,19.99,27.99,40.0
2026-08-09T06:59:18.576187+00:00,Holy-Poly Isopods,holy-poly-isopods:tote-bag,HPI Logo - Tote bag,19.99,24.99,25.0
2026-08-09T06:59:18.576187+00:00,Holy-Poly Isopods,holy-poly-isopods:cuffed-beanie,HPI Cuffed Beanie,19.99,24.99,25.0
2026-08-09T06:59:18.576187+00:00,Holy-Poly Isopods,holy-poly-isopods:toddler-short-sleeve-tee,SuperPods - Toddler Tee,16.99,22.99,35.3
2026-08-09T06:59:18.576187+00:00,Holy-Poly Isopods,holy-poly-isopods:holy-poly-logo-sticker-4x3,Holy-Poly Logo Sticker (4x3),1.0,3.99,299.0
2026-08-09T06:59:18.576187+00:00,I Heart Bugs,i-heart-bugs:rams-horn-seed-pod-copy-1,Sponge Mushroom Caps,2.95,4.45,50.8
2026-08-09T06:59:18.576187+00:00,Best Bee Brothers,best-bee-brothers:combo-2-2-ultimate-pro-carpenter-bee-traps-with-bee-vault-and-1-bee-licious-bee-bait-copy,COMBO #2 - 2 Ultimate Pro Carpenter Bee Traps with Bee Vault and 1 Bee-Licious Bee Bait,89.0,88.0,1.1
2026-08-09T06:59:18.576187+00:00,Best Bee Brothers,best-bee-brothers:hand-poured-citronella-soy-candles-clean-burning-summer-scent-pack-copy,Hand Poured Citronella Soy Candles - Clean-Burning - Summer Scent Pack,62.0,61.0,1.6
2026-08-09T06:59:18.576187+00:00,Best Bee Brothers,best-bee-brothers:ultimate-pro-pink-roof-carpenter-bee-trap-repair-kit-replacement-parts-4-pcs,Ultimate Pro Pink Roof Carpenter Bee Trap & Repair Kit (4 pcs),115.0,114.0,0.9
2026-08-09T06:59:18.576187+00:00,Best Bee Brothers,best-bee-brothers:ultimate-pro-white-roof-carpenter-bee-trap-repair-kit-replacement-parts-4-pcs,Ultimate Pro White Roof Carpenter Bee Trap & Repair Kit (4 pcs),115.0,114.0,0.9
2026-08-09T06:59:18.576187+00:00,Best Bee Brothers,best-bee-brothers:ultimate-pro-brown-roof-carpenter-bee-trap-repair-kit-replacement-parts-4-pcs,Ultimate Pro Brown Roof Carpenter Bee Trap & Repair Kit (4 pcs),115.0,114.0,0.9
2026-08-09T06:59:18.576187+00:00,Best Bee Brothers,best-bee-brothers:best-bee-brothers-ultimate-pro-black-roof-carpenter-bee-trap-repair-kit-replacement-parts-4-pcs,Ultimate Pro Black Roof Carpenter Bee Trap & Repair Kit (4 pcs),115.0,114.0,0.9
2026-08-09T06:59:18.576187+00:00,Best Bee Brothers,best-bee-brothers:ultimate-pro-carpenter-bee-trap-repair-kit-replacement-parts-for-outdoor-use-4-pcs,Ultimate Pro Carpenter Bee Trap & Repair Kit (4 pcs),106.0,105.0,0.9
2026-08-09T06:59:18.576187+00:00,Best Bee Brothers,best-bee-brothers:ultimate-pro-carpenter-bee-trap-wasp-deterrent-hive-combo-kit-for-yard-patio-7-pcs,Ultimate Pro Carpenter Bee Trap & Wasp Deterrent Hive Combo Kit for Yard & Patio (7 pcs),110.0,109.0,0.9
2026-08-09T06:59:18.576187+00:00,Best Bee Brothers,best-bee-brothers:ultimate-pro-carpenter-bee-trap-wasp-deterrent-hive-combo-kit-outdoor-pest-control-5-pcs,Ultimate Pro Carpenter Bee Trap & Wasp Deterrent Hive Combo Kit Outdoor Pest Control (5 pcs),99.0,98.0,1.0
2026-08-09T06:59:18.576187+00:00,Best Bee Brothers,best-bee-brothers:bed-bug-no-see-um-repellent-dorm-room-essentials-adventure-kit-copy,"Shake & Shield Bed Bug & No-See-Um Repellent - Dorm Room Essentials, Adventure Kit (6 pcs)",113.0,112.0,0.9
2026-08-09T06:59:18.576187+00:00,Best Bee Brothers,best-bee-brothers:bed-bug-mosquito-repellent-dorm-room-essentials-adventure-kit,"Shake & Shield Bed Bug & Mosquito Repellent - Dorm Room Essentials, Adventure Kit (6 pcs)",113.0,112.0,0.9
2026-08-09T06:59:18.576187+00:00,Best Bee Brothers,best-bee-brothers:the-firecracker-adventure-kit,"Shake & Shield Mosquito Repellent, Summer Survival Adventure Kit (6 pcs)",86.0,85.0,1.2
2026-08-09T06:59:18.576187+00:00,Best Bee Brothers,best-bee-brothers:carpenter-bee-control-kit,Carpenter Bee Control Kit,138.0,136.0,1.4
2026-08-09T06:59:18.576187+00:00,Best Bee Brothers,best-bee-brothers:the-jet-setter-adventure-kit,Shake & Shield Bed Bug and No-See-Um Repellent - The Jet-Setter Adventure Kit (9 pcs),172.0,170.0,1.2
2026-08-09T06:59:18.576187+00:00,Best Bee Brothers,best-bee-brothers:the-weekender-adventure-kit,Shake & Shield Bed Bug and No-See-Um Repellent - The Weekender Adventure Kit (7 pcs),120.0,119.0,0.8
2026-08-09T06:59:18.576187+00:00,Best Bee Brothers,best-bee-brothers:the-overnighter-adventure-kit,Shake & Shield Bed Bug and No-See-Um Repellent - The Overnighter Adventure Kit (5 pcs),68.0,67.0,1.5
2026-08-09T06:59:18.576187+00:00,Best Bee Brothers,best-bee-brothers:carpenter-bee-turbo-trap-designer-gift-box,Carpenter Bee Turbo Trap 2.0 with Bee Vault Colored Roofs Gift Box,115.0,114.0,0.9
2026-08-09T06:59:18.576187+00:00,Best Bee Brothers,best-bee-brothers:carpenter-bee-turbo-trap-gift-box,Carpenter Bee Turbo Trap 2.0 with Bee Vault Gift Box,115.0,114.0,0.9
2026-08-09T06:59:18.576187+00:00,FangzTV,fangztv:phormictopus-sp-dominican-purple-1,Phormictopus sp 'Dominican Purple 1'',60.0,65.0,8.3
2026-08-09T06:59:18.576187+00:00,Buddha Bugs,buddha-bugs:heterothele-villosella-tanzanian-chestnut-tarantula-for-sale,"Heterothele villosella (Tanzanian chestnut tarantula) 0.33""",15.0,20.0,33.3
2026-08-09T06:59:18.576187+00:00,Big Apple Herp,big-apple-herp:firebelly-toads-for-sale,Fire Bellied Toads,59.95,69.95,16.7
2026-08-09T06:59:18.576187+00:00,Big Apple Herp,big-apple-herp:adult-bearded-dragons-for-sale,ADULT Mixed Colored Bearded Dragons,89.95,59.95,33.4
2026-08-09T06:59:18.576187+00:00,Big Apple Herp,big-apple-herp:helmeted-iguanas,Helmeted Iguanas,74.95,69.95,6.7
2026-08-09T06:59:18.576187+00:00,Big Apple Herp,big-apple-herp:hermit-crabs-for-sale,Hermit Crabs,23.95,24.95,4.2
2026-08-09T06:59:18.576187+00:00,Big Apple Herp,big-apple-herp:emerald-tree-boas,Emerald Tree Boas,549.95,529.95,3.6
2026-08-09T06:59:18.576187+00:00,Big Apple Herp,big-apple-herp:brazilian-rainbow-boas,Colombian Rainbow Boas,144.95,319.95,120.7
2026-08-09T06:59:18.576187+00:00,Big Apple Herp,big-apple-herp:suriname-red-tail-boas,Suriname Red Tail Boas,309.95,319.95,3.2
2026-08-09T06:59:18.576187+00:00,David's Beetles,davids-beetles:adults-speciosus-stag-beetle-rhaetulus-crenatus-speciosus,ADULTS:  Speciosus stag beetle  (Rhaetulus crenatus speciosus),90.0,80.0,11.1
2026-08-09T06:59:18.576187+00:00,David's Beetles,davids-beetles:pre-order-larvae-goliath-beetle-goliathus-goliatus,LARVAE: Goliath beetle (Goliathus goliatus),35.0,19.99,42.9
2026-08-09T06:59:18.576187+00:00,The Bio Dude,the-bio-dude:lasiodora-parahybana-brazilian-salmon-pink-birdeater-massive-new-world-giant-live-arrival-guarantee,Lasiodora parahybana – Brazilian Salmon Pink Birdeater | Massive New World Giant | TDE,27.99,23.89,14.6
2026-08-09T06:59:18.576187+00:00,The Bio Dude,the-bio-dude:davus-pentaloris-guatemalan-tiger-rump-tarantula-for-sale-live-arrival-guarantee,Davus pentaloris - Guatemalan Tiger Rump Tarantula for Sale | TDE,34.99,19.89,43.2
2026-08-09T06:59:18.576187+00:00,The Bio Dude,the-bio-dude:grammostola-pulchra-brazilian-black-tarantula-for-sale-grammostola-quirogai-live-arrival-guarantee,Grammostola pulchra - Brazilian Black Tarantula for Sale (Grammostola quirogai) | TDE,87.99,74.29,15.6
2026-08-09T06:59:18.576187+00:00,The Bio Dude,the-bio-dude:homoeomma-chilense-chilean-flame-tarantula-for-sale-live-arrival-guarantee,Homoeomma chilense - Chilean Flame Tarantula for Sale | TDE,129.99,124.99,3.8
2026-08-09T06:59:18.576187+00:00,The Bio Dude,the-bio-dude:grammostola-rosea-rcf-chilean-rose-hair-red-tarantula-for-sale-live-arrival-guarantee,Grammostola rosea RCF - Chilean Rose Hair 'Red' Tarantula for Sale | TDE,74.99,71.29,4.9
2026-08-09T06:59:18.576187+00:00,The Bio Dude,the-bio-dude:ceratogyrus-darlingi-rear-horned-baboon-tarantula-for-sale-live-arrival-guarantee,Ceratogyrus darlingi - Rear Horned Baboon Tarantula for Sale | TDE,41.99,34.49,17.9
2026-08-09T06:59:18.576187+00:00,The Bio Dude,the-bio-dude:homoeomma-orellanai-chilean-yellow-flame-tarantula-for-sale-live-arrival-guarantee,Homoeomma orellanai - Chilean Yellow Flame Tarantula for Sale | TDE,174.99,94.59,45.9
2026-08-09T06:59:18.576187+00:00,The Bio Dude,the-bio-dude:pelinobius-muticus-king-baboon-tarantula-massive-african-species-live-arrival-guarantee,Pelinobius muticus – King Baboon Tarantula | Massive African Species | TDE,49.99,39.89,20.2
2026-08-09T06:59:18.576187+00:00,The Bio Dude,the-bio-dude:melopoeus-lividus-cobalt-blue-tarantula-cyriopagopus-lividus-electric-blue-old-world-fossorial-live-arrival-guarantee,Melopoeus lividus – Cobalt Blue Tarantula (Cyriopagopus lividus) | Electric Blue Old World Fossorial | TDE,44.99,36.99,17.8
2026-08-09T06:59:18.576187+00:00,The Bio Dude,the-bio-dude:davus-sp-panama-lava-spider-tarantula-for-sale-live-arrival-guarantee,Davus sp Panama - Lava Spider Tarantula for Sale | TDE,134.99,118.79,12.0
2026-08-09T06:59:18.576187+00:00,The Bio Dude,the-bio-dude:ornithoctoninae-sp-vietnam-silver-vietnam-silver-earth-tiger-tarantula-rare-metallic-species-live-arrival-guarantee,"Ornithoctoninae sp. ""Vietnam Silver"" – Vietnam Silver Earth Tiger Tarantula | Rare Metallic Species | TDE",74.99,63.79,14.9
2026-08-09T06:59:18.576187+00:00,The Bio Dude,the-bio-dude:scolopendra-multidens-red-chinese-beauty-centipede-red-head-red-legs-dark-body-live-arrival-guarantee,"Scolopendra multidens ‘Red’ – Chinese Beauty Centipede | Red Head, Red Legs & Dark Body | TDE",59.99,45.89,23.5
2026-08-09T06:59:18.576187+00:00,The Bio Dude,the-bio-dude:pterinochilus-murinus-usambara-orange-baboon-tarantula-rcf-red-color-form-live-arrival-guarantee,Pterinochilus murinus 'Usambara' – Orange Baboon Tarantula | RCF Red Color Form | TDE,34.99,24.89,28.9
2026-08-09T06:59:18.576187+00:00,The Bio Dude,the-bio-dude:pamphobeteus-sp-machala-purple-bloom-birdeater-tarantula-purple-velvet-giant-live-arrival-guarantee,Pamphobeteus sp Machala – Purple Bloom Birdeater Tarantula | Purple Velvet Giant | TDE,84.99,74.79,12.0
2026-08-09T06:59:18.576187+00:00,The Bio Dude,the-bio-dude:ethmostigmus-sp-borneo-blue-borneo-blue-centipede-electric-blue-giant-centipede-live-arrival-guarantee,Ethmostigmus sp. 'Borneo Blue' – Borneo Blue Centipede | Electric Blue Giant Centipede | TDE,124.99,121.89,2.5
2026-08-09T06:59:18.576187+00:00,The Bio Dude,the-bio-dude:ewok-pruriens-peruvian-green-velvet-tarantula-emerald-desert-jewel-live-arrival-guarantee,Ewok pruriens – Peruvian Green Velvet Tarantula | Emerald Desert Jewel | TDE,39.99,34.59,13.5
2026-08-09T06:59:18.576187+00:00,The Bio Dude,the-bio-dude:avicularia-avicularia-m6-metallic-pink-toe-tarantula-shimmering-morphotype-live-arrival-guarantee,Avicularia avicularia M6 – Metallic Pink Toe Tarantula | Shimmering Morphotype | TDE,54.99,47.79,13.1
2026-08-09T06:59:18.576187+00:00,The Bio Dude,the-bio-dude:phormingochilus-sp-sabah-red-crimson-purple-bat-eater-tarantula-rare-malaysian-species-live-arrival-guarantee,Phormingochilus sp Sabah Red – Crimson Purple Bat Eater Tarantula | Rare Malaysian Species | TDE,99.99,107.99,8.0
2026-08-09T06:59:18.576187+00:00,The Bio Dude,the-bio-dude:scolopendra-dehaani-malaysian-cherry-red-centipede-all-cherry-giant-with-black-banding-live-arrival-guarantee,Scolopendra dehaani – Malaysian Cherry Red Centipede | All-Cherry Giant with Black Banding | TDE,124.99,88.79,29.0
2026-08-09T06:59:18.576187+00:00,Imperial Reptiles,imperial-reptiles:zero-african-fat-tail-gecko-for-sale,Zero African Fat Tail Gecko Baby,124.99,99.99,20.0
2026-08-09T06:59:18.576187+00:00,Frognose Exotics,frognose-exotics:black-cherry-centipede,Black Cherry Centipede,59.99,44.99,25.0
2026-08-09T06:59:18.576187+00:00,Frognose Exotics,frognose-exotics:green-river-diving-huntsman-spider,Green River Diving Huntsman Spider,79.99,59.99,25.0
2026-08-09T06:59:18.576187+00:00,Frognose Exotics,frognose-exotics:coenobita-brevimanus,Coenobita brevimanus,19.99,14.99,25.0
2026-08-09T06:59:18.576187+00:00,Frognose Exotics,frognose-exotics:scolopendra-toraja-normal,Scolopendra Toraja - normal,99.99,74.99,25.0
2026-08-09T06:59:18.576187+00:00,Frognose Exotics,frognose-exotics:penang-freshwater-crab-stoliczia-stoliczkana,Penang Freshwater Crab (Stoliczia stoliczkana),49.99,37.99,24.0
2026-08-09T06:59:18.576187+00:00,Frognose Exotics,frognose-exotics:scolopendra-toraja-red,Scolopendra Toraja - Red,219.99,164.99,25.0
2026-08-09T06:59:18.576187+00:00,Frognose Exotics,frognose-exotics:giant-african-millipede-archispirostreptus-gigas,Giant African Millipede (Archispirostreptus gigas),49.99,37.99,24.0
2026-08-09T06:59:18.576187+00:00,Frognose Exotics,frognose-exotics:gigathele-hungae-spiderling,Giant Funnel-Web Spider(Gigathele hungae / Macrothele hungae) Spiderling,99.99,74.99,25.0
2026-08-09T06:59:18.576187+00:00,Frognose Exotics,frognose-exotics:black-dragon-centipede-2i,Black Dragon Centipede (5i),59.99,44.99,25.0
2026-08-09T06:59:18.576187+00:00,Frognose Exotics,frognose-exotics:buton-island-giant-centipede,Buton Island Black Centipede,219.99,164.99,25.0
2026-08-09T06:59:18.576187+00:00,Frognose Exotics,frognose-exotics:acanthophrynus-coronatus,Acanthophrynus coronatus Tailless Whip Scorpion,79.99,59.99,25.0
2026-08-09T06:59:18.576187+00:00,Frognose Exotics,frognose-exotics:haitian-giant-centipede-scolopendra-alternans,Hispaniola Red Giant (Scolopendra alternans) 4-5 inch Yearling Juveniles,219.99,164.99,25.0
2026-08-09T06:59:18.576187+00:00,Frognose Exotics,frognose-exotics:coconut-crab-birgus-latro,Coconut Crab (Birgus latro),399.99,349.99,12.5
2026-08-09T06:59:18.576187+00:00,Frognose Exotics,frognose-exotics:gecarcoidea-lalandii,Purple Land Crab (Gecarcoidea humei),89.99,67.99,24.4
2026-08-09T06:59:18.576187+00:00,Frognose Exotics,frognose-exotics:black-java-giant-centipede,Scolopendra Sp Java Black Giant,199.99,149.99,25.0
2026-08-09T06:59:18.576187+00:00,Frognose Exotics,frognose-exotics:scolopendra-subspinipes-piceoflava,Scolopendra piceoflava - normal,99.99,74.99,25.0
2026-08-09T06:59:18.576187+00:00,Grow Organic,grow-organic:organocide-2-5-gallon,Organocide Concentrate (2.5 Gallon),101.99,226.99,122.6
2026-08-09T06:59:18.576187+00:00,JMZ Butterfly Farm,jmz-butterfly-farm:pipevine-swallowtail-caterpillars-or-chrysalis,Pipevine Swallowtail Caterpillars or Chrysalis,48.0,75.0,56.2
2026-08-09T06:59:18.576187+00:00,Sagebrush Butterflies,sagebrush-butterflies:oregon-swallowtail-chrysalis-live-butterfly-oregon-only,Oregon Swallowtail Chrysalis -- LIVE BUTTERFLY,17.0,15.0,11.8
2026-08-09T06:59:18.576187+00:00,Sagebrush Butterflies,sagebrush-butterflies:professional-butterfly-net,Professional Butterfly Net,29.0,31.0,6.9
2026-08-09T06:59:18.576187+00:00,Sagebrush Butterflies,sagebrush-butterflies:12-inch-cube-rearing-and-release-cage,12 inch Cube Rearing and Release Cage,13.0,15.0,15.4
2026-08-09T06:59:18.576187+00:00,Sagebrush Butterflies,sagebrush-butterflies:parasite-resistant-rearing-and-release-cages,24 inch Tall Rearing and Release Cage,18.0,19.0,5.6
2026-08-12T07:27:15.827933+00:00,USMANTIS,usmantis:hymenopus-coronatus-orchid-flower-mantis,"Hymenopus coronatus - Orchid Flower mantis ""Kung Fu Mantis""",55.0,65.0,18.2
2026-08-12T07:27:15.827933+00:00,USMANTIS,usmantis:hymenopus-coronatus-orchid-mantis,Hymenopus coronatus Orchid mantis,55.0,65.0,18.2
2026-08-12T07:27:15.827933+00:00,Exotics Unlimited,exotics-unlimited:typhochlaena-seladonia-brazilian-jewel-tarantula,Typhochlaena seladonia (Brazilian Jewel Tarantula),399.0,450.0,12.8
2026-08-12T07:27:15.827933+00:00,Exotics Unlimited,exotics-unlimited:caribena-versicolor-antilles-pink-toe-tarantula,Caribena versicolor (Antilles Pink Toe Tarantula),49.0,65.0,32.7
2026-08-12T07:27:15.827933+00:00,DubiaRoaches.com,dubiaroaches:medium-superworm-500ct-auction-2,Medium Superworm 500ct Auction,13.0,15.0,15.4
2026-08-12T07:27:15.827933+00:00,DubiaRoaches.com,dubiaroaches:large-hornworm-12ct-case-of-6-auction-5,Large Hornworm 12ct (Case Of 6) Auction,32.0,28.0,12.5
2026-08-12T07:27:15.827933+00:00,DubiaRoaches.com,dubiaroaches:medium-discoid-roaches-500ct-auction-1,Medium Discoid Roaches 500ct Auction,38.0,41.0,7.9
2026-08-12T07:27:15.827933+00:00,DubiaRoaches.com,dubiaroaches:dubia-roaches-250ct-auction-3,Dubia Roaches 250ct Auction,35.0,37.0,5.7
2026-08-12T07:27:15.827933+00:00,DubiaRoaches.com,dubiaroaches:large-discoid-250ct-auction-5,Large Discoid 250ct Auction,14.0,12.0,14.3
2026-08-12T07:27:15.827933+00:00,DubiaRoaches.com,dubiaroaches:18x18x24-33-gallon-arboreal-reptile-enclosure-v3-auction-2,18x18x24 (33 Gallon) Arboreal Reptile Enclosure V3 Auction,7676.0,105.0,98.6
2026-08-12T07:27:15.827933+00:00,DubiaRoaches.com,dubiaroaches:zoo-med-super-deluxe-10-stainless-steel-feeding-tongs-auction-6,Zoo Med Super Deluxe 10″ Stainless Steel Feeding Tongs Auction,4.0,3.0,25.0
2026-08-12T07:27:15.827933+00:00,DubiaRoaches.com,dubiaroaches:x-small-dubia-roaches-500ct-auction-3,X-Small Dubia Roaches 500ct Auction,19.0,21.0,10.5
2026-08-12T07:27:15.827933+00:00,DubiaRoaches.com,dubiaroaches:medium-hornworm-24ct-case-of-12-auction-2,Medium Hornworm 24ct (Case Of 12) Auction,22.0,27.0,22.7
2026-08-12T07:27:15.827933+00:00,DubiaRoaches.com,dubiaroaches:24x18x36-67-gallon-arboreal-auction-3,24x18x36 (67 Gallon) Arboreal Auction,1590.0,172.0,89.2
2026-08-12T07:27:15.827933+00:00,DubiaRoaches.com,dubiaroaches:dubia-roaches-medium-500ct-auction-6,Dubia Roaches Medium 500ct Auction,47.0,39.0,17.0
2026-08-12T07:27:15.827933+00:00,DubiaRoaches.com,dubiaroaches:80w-heat-panel-reptile-habitat-auction-5,80w Heat Panel Reptile Habitat Auction,86.0,101.0,17.4
2026-08-12T07:27:15.827933+00:00,Fear Not Tarantulas,fear-not-tarantulas:brachypelma-boehmei-mexican-fireleg-tarantula-spiderling,"Brachypelma boehmei (Mexican Fireleg Tarantula) about 1/3"" - 1/2""",27.0,42.0,55.6
2026-08-12T07:27:15.827933+00:00,Fear Not Tarantulas,fear-not-tarantulas:pterinopelma-sazimai-iridescent-blue-2-unsexed,"Lasiocyano sazimai (Iridescent Blue) about 1/4"" - 1/3""",19.0,35.0,84.2
2026-08-12T07:27:15.827933+00:00,Fear Not Tarantulas,fear-not-tarantulas:heterothele-villosella-tanzanian-chestnut-baboon-tarantula-2,"Heterothele villosella (Tanzanian Chestnut Baboon Tarantula) a beautiful dwarf about  1/4""",18.0,42.0,133.3
2026-08-12T07:27:15.827933+00:00,Fear Not Tarantulas,fear-not-tarantulas:euthycaelus-colonica-venezuela-orange-tarantula,"Euthycaelus colonica (Venezuela Orange & Bronze Tarantula) about 1/4"" - 1/3""",19.0,35.0,84.2
2026-08-12T07:27:15.827933+00:00,Fear Not Tarantulas,fear-not-tarantulas:hapalopus-guerreroi-speckle-patch-guerilla-tarantula-small,"Hapalopus guerreroi (Speckle Patch Guerilla Tarantula) about 1/3"" - 1/2""",25.0,45.0,80.0
2026-08-12T07:27:15.827933+00:00,Fear Not Tarantulas,fear-not-tarantulas:heterothele-gabonensis-tarantula-for-sale,"Heterothele gabonensis (Gabon Blue Dwarf Baboon Tarantula) about 1/2"" - 3/4""",22.0,42.0,90.9
2026-08-12T07:27:15.827933+00:00,Fear Not Tarantulas,fear-not-tarantulas:omothymus-violaceopes-singapore-blue-tarantula-for-sale,"Omothymus violaceopes (Singapore Blue Tarantula) about 1"" - 1 1/4""",29.0,49.0,69.0
2026-08-12T07:27:15.827933+00:00,Fear Not Tarantulas,fear-not-tarantulas:psalmopoeus-reduncus-costa-rican-orange-mouth-tarantula-1,"Psalmopoeus reduncus (Costa Rican Orange Mouth Tarantula) about 3/4"" - 1""",15.0,39.0,160.0
2026-08-12T07:27:15.827933+00:00,Fear Not Tarantulas,fear-not-tarantulas:augacephalus-ezendami-mozambique-golden-starburst-baboon-tarantula-for-sale,"Augacephalus ezendami (Mozambique Golden Starburst Baboon) about 3/4""",39.0,45.0,15.4
2026-08-12T07:27:15.827933+00:00,Fear Not Tarantulas,fear-not-tarantulas:urupelma-peruvianun-tarantula-for-sale,"Urupelma  peruvianum ex Homoeomma (Peruvian Blue Tarantula) about 3/4""-1""",49.0,74.0,51.0
2026-08-12T07:27:15.827933+00:00,Fear Not Tarantulas,fear-not-tarantulas:kochiana-brunnipes-tarantula-dwarf-pink-leg-for-sale,"Kochiana brunnipes (Dwarf Pink Leg Tarantula) about or very near 1/4""",22.0,39.0,77.3
2026-08-12T07:27:15.827933+00:00,Fear Not Tarantulas,fear-not-tarantulas:lasiodora-parahybana-brazilian-salmon-pink-birdeater-tarantula,"Lasiodora parahybana - (Brazilian Salmon Pink Birdeater Tarantula) about 1/4"" - 1/2""",22.0,35.0,59.1
2026-08-12T07:27:15.827933+00:00,Fear Not Tarantulas,fear-not-tarantulas:theraphosidae-sp-dorado-tarantula-for-sale,"Theraphosidae sp dorado (Golden Royalty Tarantula) about 1/2""-3/4"" ONE PER SHIPMENT FOR THE SALE!",65.0,120.0,84.6
2026-08-12T07:27:15.827933+00:00,Fear Not Tarantulas,fear-not-tarantulas:psalmopoeus-cambridgei-trinidad-chevron-tarantula-for-sale,"Psalmopoeus cambridgei  (Trinidad Chevron Tarantula) about 3/4"" - 1""",19.0,42.0,121.1
2026-08-12T07:27:15.827933+00:00,Fear Not Tarantulas,fear-not-tarantulas:harpactira-dictator-tarantula-dictator-baboon,"Harpactira dictator (Dictator Baboon Tarantula) about  1"" - 1 1/4""",29.0,75.0,158.6
2026-08-12T07:27:15.827933+00:00,Fear Not Tarantulas,fear-not-tarantulas:tapinauchenius-sanctivincenti-tarantula-for-sale,"Tapinauchenius sanctivincenti (St. Vincent's Tree Spider) about 3/4"" - 1""",17.0,45.0,164.7
2026-08-12T07:27:15.827933+00:00,Fear Not Tarantulas,fear-not-tarantulas:psalmopoeus-irminia-venezuelan-suntiger-tarantula-1,"Psalmopoeus irminia (Venezuelan Suntiger Tarantula) about 1"" +",19.0,45.0,136.8
2026-08-12T07:27:15.827933+00:00,Fear Not Tarantulas,fear-not-tarantulas:cilantica-sp-kali,"Cilantica sp Kali (Kali Earth Tiger) about 1 1/4"" - 1 1/2"" Very similar to psychedelicus *RARE",59.0,115.0,94.9
2026-08-12T07:27:15.827933+00:00,Exotics Source,exotics-source:regal-jumping-spider-frostmint,"Regal Jumping Spider ""Frostmint"" (High White)",125.0,150.0,20.0
2026-08-12T07:27:15.827933+00:00,Exotics Source,exotics-source:regal-jumping-spider-ivy,Regal Jumping Spider “Ivy”,95.0,75.0,21.1
2026-08-12T07:27:15.827933+00:00,Exotics Source,exotics-source:regal-jumping-spider-bonbon,Regal Jumping Spider “Bonbon”,95.0,75.0,21.1
2026-08-12T07:27:15.827933+00:00,Exotics Source,exotics-source:regal-jumping-spider-cookie-dough,Regal Jumping Spider “Cookie Dough”,95.0,75.0,21.1
2026-08-12T07:27:15.827933+00:00,Exotics Source,exotics-source:regal-jumping-spider-sable,Regal Jumping Spider “Sable”,95.0,75.0,21.1
2026-08-12T07:27:15.827933+00:00,Exotics Source,exotics-source:regal-jumping-spider-duskwillow,Regal Jumping Spider “Duskwillow”,95.0,75.0,21.1
2026-08-12T07:27:15.827933+00:00,Exotics Source,exotics-source:regal-jumping-spider-gooseberry,Regal Jumping Spider “Gooseberry”,95.0,75.0,21.1
2026-08-12T07:27:15.827933+00:00,Exotics Source,exotics-source:regal-jumping-spider-jupiter,"Regal Jumping Spider ""Jupiter""",95.0,75.0,21.1
2026-08-12T07:27:15.827933+00:00,Exotics Source,exotics-source:regal-jumping-spider-nova,Regal Jumping Spider “Nova”,95.0,75.0,21.1
2026-08-12T07:27:15.827933+00:00,Exotics Source,exotics-source:regal-jumping-spider-blossom,"Regal Jumping Spider ""Blossom""",95.0,75.0,21.1
2026-08-12T07:27:15.827933+00:00,Exotics Source,exotics-source:regal-jumping-spider-palmetto,Regal Jumping Spider “Palmetto”,95.0,75.0,21.1
2026-08-12T07:27:15.827933+00:00,Exotics Source,exotics-source:regal-jumping-spider-stardust,"Regal Jumping Spider ""Stardust""",95.0,75.0,21.1
2026-08-12T07:27:15.827933+00:00,Exotics Source,exotics-source:regal-jumping-spider-royal,"Regal Jumping Spider ""Royal""",95.0,75.0,21.1
2026-08-12T07:27:15.827933+00:00,Exotics Source,exotics-source:regal-jumping-spider-wildberry,"Regal Jumping Spider ""Wildberry""",95.0,75.0,21.1
2026-08-12T07:27:15.827933+00:00,Exotics Source,exotics-source:regal-jumping-spider-cashew,"Regal Jumping Spider ""Cashew""",95.0,75.0,21.1
2026-08-12T07:27:15.827933+00:00,Exotics Source,exotics-source:regal-jumping-spider-sourdough,"Regal Jumping Spider ""Sourdough""",75.0,95.0,26.7
2026-08-12T07:27:15.827933+00:00,Exotics Source,exotics-source:regal-jumping-spider-dragon-fruit,"Regal Jumping Spider ""Dragon Fruit""",95.0,75.0,21.1
2026-08-12T07:27:15.827933+00:00,Exotics Source,exotics-source:regal-jumping-spider-bessy,"Regal Jumping Spider ""Bessy""",95.0,75.0,21.1
2026-08-12T07:27:15.827933+00:00,Exotics Source,exotics-source:regal-jumping-spider-peach-for-sale,"Regal Jumping Spider ""Peach""",95.0,75.0,21.1
2026-08-12T07:27:15.827933+00:00,Exotics Source,exotics-source:regal-jumping-spider-jazz,"Regal Jumping Spider ""Jazz""",95.0,75.0,21.1
2026-08-12T07:27:15.827933+00:00,Exotics Source,exotics-source:regal-jumping-spider-paradise,"Regal Jumping Spider ""Paradise""",95.0,75.0,21.1
2026-08-12T07:27:15.827933+00:00,Exotics Source,exotics-source:regal-jumping-spider-citrine,"Regal Jumping Spider ""Citrine""",95.0,75.0,21.1
2026-08-12T07:27:15.827933+00:00,Holy-Poly Isopods,holy-poly-isopods:green-laser-isopods-cubaris-sp,Green Laser Isopods (Cubaris sp.),23.0,25.0,8.7
2026-08-12T07:27:15.827933+00:00,Big Apple Herp,big-apple-herp:rough-green-snakes,Rough Green Snakes,34.95,39.95,14.3
2026-08-12T07:27:15.827933+00:00,Big Apple Herp,big-apple-herp:red-tegus,Red Argentine Tegus,339.95,299.95,11.8
2026-08-12T07:27:15.827933+00:00,Big Apple Herp,big-apple-herp:gargoyle-geckos,Gargoyle  Geckos,139.95,144.95,3.6
2026-08-12T07:27:15.827933+00:00,Big Apple Herp,big-apple-herp:savannah-monitors,Savannah Monitors,39.95,49.95,25.0
2026-08-12T07:27:15.827933+00:00,Big Apple Herp,big-apple-herp:central-american-wood-turtles,Wood Turtles,59.95,54.95,8.3
2026-08-12T07:27:15.827933+00:00,Imperial Reptiles,imperial-reptiles:mai-tai-western-hognose-for-sale,Mai Tai Western Hognose,549.99,499.99,9.1
2026-08-12T07:27:15.827933+00:00,Imperial Reptiles,imperial-reptiles:red-tiger-bearded-dragon-for-sale,Red Tiger Bearded Dragon Baby,199.99,149.99,25.0
2026-08-12T07:27:15.827933+00:00,JMZ Butterfly Farm,jmz-butterfly-farm:limited-batch-species,Limited Batch Species — Rare & Seasonal Butterflies,25.0,16.0,36.0
2026-08-12T07:27:15.827933+00:00,JMZ Butterfly Farm,jmz-butterfly-farm:monarch-caterpillars-or-chrysalis,Monarch Caterpillars or Chrysalis,85.0,49.99,41.2
2026-08-12T07:27:15.827933+00:00,AntGear,antgear:test-tube-dock-for-moving-colonies,Test Tube Dock for Moving Colonies,23.99,29.99,25.0
2026-08-12T07:27:15.827933+00:00,AntGear,antgear:test-tube-setup-kit,Pre-Made Test Tube Setup Kit: Stress-Free Colony Transfers,9.99,10.99,10.0
2026-08-12T07:27:15.827933+00:00,AntGear,antgear:fluon-escape-prevention,Fluon (PTFE Disp 30): Keep Ants From Escaping,16.99,9.99,41.2
2026-08-12T07:27:15.827933+00:00,AntGear,antgear:mini-round-house-tubs-and-tubes,Mini-Round-House &#8211; A Test Tube Outworld,15.99,19.99,25.0
2026-08-12T07:27:15.827933+00:00,AntGear,antgear:pogo-occidentalis,Western Harvester Ants (Pogonomyrmex occidentalis),69.99,39.99,42.9
2026-08-12T07:27:15.827933+00:00,AntGear,antgear:ant-vacuum,Rechargeable AntVac for Maintaining Captive Ants,32.99,42.99,30.3
2026-08-12T07:27:15.827933+00:00,AntGear,antgear:test-tubes,Test Tubes,4.99,5.99,20.0
2026-08-12T07:27:15.827933+00:00,AntGear,antgear:leafcutter-food-sample-bags,Leafcutter Flowers,13.99,14.99,7.1
2026-08-16T06:41:52.027217+00:00,The Defiant Forest,the-defiant-forest:giant-sunfire-millipede-undescribed-sp-indonesia,Giant Sunfire Millipede for Sale | Indonesian Diplopoda Species,85.0,50.0,41.2
2026-08-16T06:41:52.027217+00:00,The Defiant Forest,the-defiant-forest:giant-indo-red-leg-millipede-undescribed-sp,"Captive Bred Giant Red Leg Tree Millipede, Balustreptus falcatus | Available Winter 2026",89.0,95.0,6.7
2026-08-16T06:41:52.027217+00:00,The Defiant Forest,the-defiant-forest:vivarium-naturals-large-10-gallon-millipede-starter-kit-comes-with-4-millipedes-of-your-choice,Vivarium Naturals - Large 20 Gallon Millipede Starter Kit  Comes with 3 Millipedes of your choice,76.46,79.89,4.5
2026-08-16T06:41:52.027217+00:00,The Defiant Forest,the-defiant-forest:vivarium-naturals-large-10-gallon-millipede-starter-kit,Vivarium Naturals - Large 20 Gallon Millipede Starter Kit,53.96,55.16,2.2
2026-08-16T06:41:52.027217+00:00,Exotics Unlimited,exotics-unlimited:grammostola-pulchra-brazilian-black-tarantula,Grammostola pulchra (Brazilian Black Tarantula),86.0,95.0,10.5
2026-08-16T06:41:52.027217+00:00,Exotics Unlimited,exotics-unlimited:grammostola-pulchra-brazilian-black-tarantula-0-75-1,"Grammostola pulchra (Brazilian Black Tarantula) 0.75-1""",86.0,95.0,10.5
2026-08-16T06:41:52.027217+00:00,Meme's Worms,memes-worms:bulk-eisenia-andrei-red-wiggler-composting-worms,Bulk Pure Red Wiggler Composting Worms - FREE SHIPPING,279.99,299.99,7.1
2026-08-16T06:41:52.027217+00:00,DubiaRoaches.com,dubiaroaches:large-discoid-250ct-auction-6,Large Discoid 250ct Auction,14.0,36.0,157.1
2026-08-16T06:41:52.027217+00:00,DubiaRoaches.com,dubiaroaches:medium-hornworm-24ct-case-of-12-auction-3,Medium Hornworm 24ct (Case Of 12) Auction,36.0,63.0,75.0
2026-08-16T06:41:52.027217+00:00,DubiaRoaches.com,dubiaroaches:x-small-dubia-roaches-500ct-auction-4,X-Small Dubia Roaches 500ct Auction,21.0,23.0,9.5
2026-08-16T06:41:52.027217+00:00,DubiaRoaches.com,dubiaroaches:4x2x2-v3-120-gallon-auction-3,4x2x2 V3 (120 Gallon) Auction,290.0,256.0,11.7
2026-08-16T06:41:52.027217+00:00,DubiaRoaches.com,dubiaroaches:dubia-roaches-medium-500ct-auction-7,Dubia Roaches Medium 500ct Auction,41.0,35.0,14.6
2026-08-16T06:41:52.027217+00:00,DubiaRoaches.com,dubiaroaches:125w-heat-panel-reptile-habitat-auction-5,125w Heat Panel Reptile Habitat Auction,140.0,175.0,25.0
2026-08-16T06:41:52.027217+00:00,Exotics Source,exotics-source:regal-jumping-spider-lucky,Regal Jumping Spider “Lucky”,95.0,75.0,21.1
2026-08-16T06:41:52.027217+00:00,Exotics Source,exotics-source:regal-jumping-spider-blaze,"Regal Jumping Spider ""Blaze""",95.0,75.0,21.1
2026-08-16T06:41:52.027217+00:00,Exotics Source,exotics-source:regal-jumping-spider-glowpetal,"Regal Jumping Spider ""Glowpetal""",95.0,75.0,21.1
2026-08-16T06:41:52.027217+00:00,Exotics Source,exotics-source:regal-jumping-spider-fantasy,"Regal Jumping Spider ""Fantasy""",95.0,75.0,21.1
2026-08-16T06:41:52.027217+00:00,Exotics Source,exotics-source:regal-jumping-spider-snowball,"Regal Jumping Spider ""Snowball""",95.0,75.0,21.1
2026-08-16T06:41:52.027217+00:00,Exotics Source,exotics-source:regal-jumping-spider-saffron,"Regal Jumping Spider ""Saffron""",95.0,75.0,21.1
2026-08-16T06:41:52.027217+00:00,Exotics Source,exotics-source:regal-jumping-spider-vanilla,"Regal Jumping Spider ""Vanilla""",95.0,75.0,21.1
2026-08-16T06:41:52.027217+00:00,Exotics Source,exotics-source:regal-jumping-spider-jelly-bean,"Regal Jumping Spider ""Jelly Bean""",95.0,75.0,21.1
2026-08-16T06:41:52.027217+00:00,Exotics Source,exotics-source:regal-jumping-spider-gelato,"Regal Jumping Spider ""Gelato""",95.0,75.0,21.1
2026-08-16T06:41:52.027217+00:00,Exotics Source,exotics-source:regal-jumping-spider-mimosa,Regal Jumping Spider “Mimosa”,95.0,75.0,21.1
2026-08-16T06:41:52.027217+00:00,Exotics Source,exotics-source:regal-jumping-spider-jade,"Regal Jumping Spider ""Jade""",95.0,75.0,21.1
2026-08-16T06:41:52.027217+00:00,Exotics Source,exotics-source:regal-jumping-spider-sprinkle,"Regal Jumping Spider ""Sprinkle""",95.0,75.0,21.1
2026-08-16T06:41:52.027217+00:00,Exotics Source,exotics-source:regal-jumping-spider-rainbow,"Regal Jumping Spider ""Rainbow""",95.0,75.0,21.1
2026-08-16T06:41:52.027217+00:00,Exotics Source,exotics-source:regal-jumping-spider-pomegranate,"Regal Jumping Spider ""Pomegranate""",95.0,75.0,21.1
2026-08-16T06:41:52.027217+00:00,Exotics Source,exotics-source:regal-jumping-spider-love,"Regal Jumping Spider ""Love""",95.0,75.0,21.1
2026-08-16T06:41:52.027217+00:00,Exotics Source,exotics-source:regal-jumping-spider-artichoke,"Regal Jumping Spider ""Artichoke""",150.0,75.0,50.0
2026-08-16T06:41:52.027217+00:00,Exotics Source,exotics-source:regal-jumping-spider-dandelion,"Regal Jumping Spider ""Dandelion""",95.0,75.0,21.1
2026-08-16T06:41:52.027217+00:00,Exotics Source,exotics-source:regal-jumping-spider-neon,"Regal Jumping Spider ""Neon""",150.0,75.0,50.0
2026-08-16T06:41:52.027217+00:00,Spider Shoppe,spider-shoppe:centruroides-margaritatus-central-american-bark-scorpion,Centruroides margaritatus (Central American Bark Scorpion),34.0,12.0,64.7
2026-08-16T06:41:52.027217+00:00,Spider Shoppe,spider-shoppe:pangea-microdish-branch-mount-magnetic-bowl,MicroDish - Surface Mount Kit - Gecko Feeding Dish - Dual Extra Small,13.98,9.98,28.6
2026-08-16T06:41:52.027217+00:00,Spider Shoppe,spider-shoppe:heteropoda-davidbowie-orange-huntsman-4-female,Heteropoda davidbowie (Orange Huntsman),124.0,30.0,75.8
2026-08-16T06:41:52.027217+00:00,Spider Shoppe,spider-shoppe:scorpiops-validus-yunnan-rock-scorpion-1-2,Scorpiops validus (Yunnan Rock Scorpion),48.0,8.0,83.3
2026-08-16T06:41:52.027217+00:00,I Heart Bugs,i-heart-bugs:maple-leaf-litter-leaves-1-gallon-3-25-oz-copy,Catappa Terminalia Indian Almond Leaves - 25 mixed-sized leaves,5.95,11.95,100.8
2026-08-16T06:41:52.027217+00:00,Best Bee Brothers,best-bee-brothers:ultimate-pro-pink-roof-carpenter-bee-trap-repair-kit-replacement-parts-4-pcs,Ultimate Pro Pink Roof Carpenter Bee Trap & Repair Kit (4 pcs),114.0,113.0,0.9
2026-08-16T06:41:52.027217+00:00,Best Bee Brothers,best-bee-brothers:ultimate-pro-white-roof-carpenter-bee-trap-repair-kit-replacement-parts-4-pcs,Ultimate Pro White Roof Carpenter Bee Trap & Repair Kit (4 pcs),114.0,113.0,0.9
2026-08-16T06:41:52.027217+00:00,Best Bee Brothers,best-bee-brothers:ultimate-pro-brown-roof-carpenter-bee-trap-repair-kit-replacement-parts-4-pcs,Ultimate Pro Brown Roof Carpenter Bee Trap & Repair Kit (4 pcs),114.0,113.0,0.9
2026-08-16T06:41:52.027217+00:00,Best Bee Brothers,best-bee-brothers:best-bee-brothers-ultimate-pro-black-roof-carpenter-bee-trap-repair-kit-replacement-parts-4-pcs,Ultimate Pro Black Roof Carpenter Bee Trap & Repair Kit (4 pcs),114.0,113.0,0.9
2026-08-16T06:41:52.027217+00:00,Best Bee Brothers,best-bee-brothers:mosquito-treeline-tranquil-adventure-kit,"Shake & Shield Mosquito Repellent, Treeline Tranquil - Adventure Kit - 4 pcs",56.0,55.0,1.8
2026-08-16T06:41:52.027217+00:00,Best Bee Brothers,best-bee-brothers:the-coastline-calm-adventure-kit,"Shake & Shield No-See-Um Repellent, Adventure Kit - 4 pcs",56.0,55.0,1.8
2026-08-16T06:41:52.027217+00:00,Best Bee Brothers,best-bee-brothers:the-jet-setter-adventure-kit,Shake & Shield Bed Bug and No-See-Um Repellent - The Jet-Setter Adventure Kit (9 pcs),170.0,169.0,0.6
2026-08-16T06:41:52.027217+00:00,Best Bee Brothers,best-bee-brothers:carpenter-bee-turbo-trap-designer-gift-box,Carpenter Bee Turbo Trap 2.0 with Bee Vault Colored Roofs Gift Box,114.0,113.0,0.9
2026-08-16T06:41:52.027217+00:00,Best Bee Brothers,best-bee-brothers:shake-shield-combo-citrus-carpenter-bee-repellent,Citrus Carpenter Bee Repellent Spray - Combo,56.0,55.0,1.8
2026-08-16T06:41:52.027217+00:00,Best Bee Brothers,best-bee-brothers:carpenter-bee-turbo-trap-gift-box,Carpenter Bee Turbo Trap 2.0 with Bee Vault Gift Box,114.0,113.0,0.9
2026-08-16T06:41:52.027217+00:00,Micro Wilderness,micro-wilderness:aphonopelma-vorhiesi-unsexed-tucson-bronze,Aphonopelma vorhiesi (Madrean Red Rump Tarantula) - female- Tucson Bronze,149.99,179.99,20.0
2026-08-16T06:41:52.027217+00:00,Buddha Bugs,buddha-bugs:heteropoda-lunula-malaysian-purple-huntsman-spider-for-sale,"Heteropoda lunula (purple huntsman spider) 0.75""-1""",40.0,45.0,12.5
2026-08-16T06:41:52.027217+00:00,Big Apple Herp,big-apple-herp:eastern-box-turtles,Eastern & Florida Box Turtles,229.95,269.95,17.4
2026-08-16T06:41:52.027217+00:00,Big Apple Herp,big-apple-herp:lavendar-white-sided-black-rat-snakes,Lavendar White Sided Black Rat Snakes,119.95,124.95,4.2
2026-08-16T06:41:52.027217+00:00,Big Apple Herp,big-apple-herp:amazon-milk-frogs,Amazon Milk Frogs,79.95,64.95,18.8
2026-08-16T06:41:52.027217+00:00,Big Apple Herp,big-apple-herp:northern-blue-tongue-skinks,Northern Blue Tongue Skinks,1099.95,239.95,78.2
2026-08-16T06:41:52.027217+00:00,Big Apple Herp,big-apple-herp:white-sided-black-rat-snakes,White Sided Black Rat Snakes,64.95,74.95,15.4
2026-08-16T06:41:52.027217+00:00,Big Apple Herp,big-apple-herp:amazon-tree-boas-normal-phase,Amazon Tree Boas,109.95,74.95,31.8
2026-08-16T06:41:52.027217+00:00,Big Apple Herp,big-apple-herp:red-iguanas,CB El Salvador Red Iguanas,64.95,67.95,4.6
2026-08-16T06:41:52.027217+00:00,Big Apple Herp,big-apple-herp:blue-iguanas,CB El Salvador Blue Iguanas & Exotic Colors,134.95,129.95,3.7
2026-08-16T06:41:52.027217+00:00,Big Apple Herp,big-apple-herp:hermanns-tortoises,Hermann's Tortoises,219.95,199.95,9.1
2026-08-16T06:41:52.027217+00:00,David's Beetles,davids-beetles:adults-three-horned-beetle-chalcosoma-chiron,ADULTS: Three-horned beetle  (Chalcosoma chiron),100.0,150.0,50.0
2026-08-16T06:41:52.027217+00:00,David's Beetles,davids-beetles:cyclommatus-metallifer,LARVAE: Metallic stag beetle (Cyclommatus metallifer),29.99,25.0,16.6
2026-08-16T06:41:52.027217+00:00,The Bio Dude,the-bio-dude:new-caledonia-giant-gecko-rhacodactylus-leachianus-bioactive-vivarium-kit,New Caledonia Giant Gecko (Rhacodactylus leachianus) Bioactive Vivarium Kit,289.95,314.95,8.6
2026-08-16T06:41:52.027217+00:00,The Bio Dude,the-bio-dude:red-foot-tortoise-bioactive-kit,Red Foot Tortoise (Chelonoidis carbonaria) Bioactive Vivarium Kit,214.95,264.95,23.3
2026-08-16T06:41:52.027217+00:00,The Bio Dude,the-bio-dude:sulcata-tortoise-bioactive-kit,Sulcata Tortoise (Centrochelys sulcata) Bioactive Vivarium Kit,259.95,309.95,19.2
2026-08-16T06:41:52.027217+00:00,Frognose Exotics,frognose-exotics:scolopendra-hardwickei,Indian Tiger Centipede (Scolopendra hardwickei),625.0,449.0,28.2
2026-08-16T06:41:52.027217+00:00,Frognose Exotics,frognose-exotics:black-cherry-centipede,Black Cherry Centipede,44.99,59.99,33.3
2026-08-16T06:41:52.027217+00:00,Frognose Exotics,frognose-exotics:green-river-diving-huntsman-spider,Green River Diving Huntsman Spider,59.99,79.99,33.3
2026-08-16T06:41:52.027217+00:00,Frognose Exotics,frognose-exotics:coenobita-brevimanus,Coenobita brevimanus,14.99,19.99,33.4
2026-08-16T06:41:52.027217+00:00,Frognose Exotics,frognose-exotics:scolopendra-toraja-normal,Scolopendra Toraja - normal,74.99,99.99,33.3
2026-08-16T06:41:52.027217+00:00,Frognose Exotics,frognose-exotics:penang-freshwater-crab-stoliczia-stoliczkana,Penang Freshwater Crab (Stoliczia stoliczkana),37.99,49.99,31.6
2026-08-16T06:41:52.027217+00:00,Frognose Exotics,frognose-exotics:scolopendra-toraja-red,Scolopendra Toraja - Red,164.99,219.99,33.3
2026-08-16T06:41:52.027217+00:00,Frognose Exotics,frognose-exotics:giant-african-millipede-archispirostreptus-gigas,Giant African Millipede (Archispirostreptus gigas),37.99,49.99,31.6
2026-08-16T06:41:52.027217+00:00,Frognose Exotics,frognose-exotics:gigathele-hungae-spiderling,Giant Funnel-Web Spider(Gigathele hungae / Macrothele hungae) Spiderling,74.99,99.99,33.3
2026-08-16T06:41:52.027217+00:00,Frognose Exotics,frognose-exotics:black-dragon-centipede-2i,Black Dragon Centipede (5i),44.99,59.99,33.3
2026-08-16T06:41:52.027217+00:00,Frognose Exotics,frognose-exotics:buton-island-giant-centipede,Buton Island Black Centipede,164.99,219.99,33.3
2026-08-16T06:41:52.027217+00:00,Frognose Exotics,frognose-exotics:acanthophrynus-coronatus,Acanthophrynus coronatus Tailless Whip Scorpion,59.99,79.99,33.3
2026-08-16T06:41:52.027217+00:00,Frognose Exotics,frognose-exotics:haitian-giant-centipede-scolopendra-alternans,Hispaniola Red Giant (Scolopendra alternans) 4-5 inch Yearling Juveniles,164.99,219.99,33.3
2026-08-16T06:41:52.027217+00:00,Frognose Exotics,frognose-exotics:coconut-crab-birgus-latro,Coconut Crab (Birgus latro),349.99,399.99,14.3
2026-08-16T06:41:52.027217+00:00,Frognose Exotics,frognose-exotics:gecarcoidea-lalandii,Purple Land Crab (Gecarcoidea humei),67.99,89.99,32.4
2026-08-16T06:41:52.027217+00:00,Frognose Exotics,frognose-exotics:black-java-giant-centipede,Scolopendra Sp Java Black Giant,149.99,199.99,33.3
2026-08-16T06:41:52.027217+00:00,Frognose Exotics,frognose-exotics:scolopendra-subspinipes-piceoflava,Scolopendra piceoflava - normal,74.99,99.99,33.3
2026-08-16T06:41:52.027217+00:00,Pangea Reptile,pangea-reptile:male-extreme-harlequin-crested-gecko-cr-2142,Male Extreme Harlequin Crested Gecko Cr-2142,499.99,249.99,50.0
2026-08-16T06:41:52.027217+00:00,Pangea Reptile,pangea-reptile:male-white-wall-pinstripe-crested-gecko-cr-2613,Male White Wall Pinstripe Crested Gecko Cr-2613,399.99,199.99,50.0
2026-08-16T06:41:52.027217+00:00,Pangea Reptile,pangea-reptile:female-extreme-harlequin-crested-gecko-cr-2348,Female Extreme Harlequin Crested Gecko Cr-2348,499.99,249.99,50.0
2026-08-16T06:41:52.027217+00:00,Pangea Reptile,pangea-reptile:female-extreme-harlequin-crested-gecko-cr-2215,Female Extreme Harlequin Crested Gecko Cr-2215,599.99,299.99,50.0
2026-08-16T06:41:52.027217+00:00,Pangea Reptile,pangea-reptile:female-extreme-harlequin-crested-gecko-cr-2131,Female Extreme Harlequin Crested Gecko Cr-2131,399.99,299.99,25.0
2026-08-16T06:41:52.027217+00:00,Pangea Reptile,pangea-reptile:male-xxx-crested-gecko-cr-1980,Male XXX Crested Gecko Cr-1980,749.99,299.99,60.0
2026-08-16T06:41:52.027217+00:00,Pangea Reptile,pangea-reptile:male-extreme-harlequin-crested-gecko-cr-1936,Male White Wall Crested Gecko Cr-1936,449.99,199.99,55.6
2026-08-16T06:41:52.027217+00:00,Pangea Reptile,pangea-reptile:female-extreme-harlequin-crested-gecko-cr-1928,Female Extreme Harlequin Crested Gecko Cr-1928,649.99,374.99,42.3
2026-08-16T06:41:52.027217+00:00,Pangea Reptile,pangea-reptile:female-extreme-harlequin-crested-gecko-cr-1926,Female Extreme Harlequin Crested Gecko Cr-1926,1199.99,399.99,66.7
2026-08-16T06:41:52.027217+00:00,Pangea Reptile,pangea-reptile:female-harlequin-crested-gecko-cr-1916,Female Harlequin Crested Gecko Cr-1916,349.99,149.99,57.1
2026-08-16T06:41:52.027217+00:00,Pangea Reptile,pangea-reptile:female-harlequin-crested-gecko-cr-1889,Female Harlequin Crested Gecko Cr-1889,349.99,199.99,42.9
2026-08-16T06:41:52.027217+00:00,Pangea Reptile,pangea-reptile:male-tricolor-xxx-crested-gecko-cr-1844,Female Tricolor XXX Crested Gecko Cr-1844,999.99,399.99,60.0
2026-08-16T06:41:52.027217+00:00,Pangea Reptile,pangea-reptile:female-tricolor-extreme-crested-gecko-cr-1823,Female Tricolor Extreme Crested Gecko Cr-1823,649.99,349.99,46.2
2026-08-16T06:41:52.027217+00:00,Pangea Reptile,pangea-reptile:male-extreme-harlequin-crested-gecko-cr-1720,Male Extreme Harlequin Crested Gecko Cr-1720,599.99,249.99,58.3
2026-08-16T06:41:52.027217+00:00,Pangea Reptile,pangea-reptile:male-reverse-pinstripe-crested-gecko-cr-1643,Male Reverse Pinstripe Crested Gecko Cr-1643,299.99,99.99,66.7
2026-08-16T06:41:52.027217+00:00,Pangea Reptile,pangea-reptile:female-extreme-crested-gecko-cr-1635,Female Tricolor Extreme Harlequin Crested Gecko Cr-1635,499.99,249.99,50.0
2026-08-16T06:41:52.027217+00:00,Pangea Reptile,pangea-reptile:female-extreme-crested-gecko-cr-1634,Female Extreme Harlequin Crested Gecko Cr-1634,599.99,349.99,41.7
2026-08-16T06:41:52.027217+00:00,Pangea Reptile,pangea-reptile:male-lavender-extreme-crested-gecko-cr-1633,Male Extreme Harlequin Crested Gecko Cr-1633,374.99,249.99,33.3
2026-08-16T06:41:52.027217+00:00,Pangea Reptile,pangea-reptile:female-pinstripe-crested-gecko-cr-1629,Female Pinstripe Crested Gecko Cr-1629,399.99,99.99,75.0
2026-08-16T06:41:52.027217+00:00,Pangea Reptile,pangea-reptile:male-phantom-crested-gecko-cr-1620,Male Phantom Crested Gecko Cr-1620,499.99,124.99,75.0
2026-08-16T06:41:52.027217+00:00,Pangea Reptile,pangea-reptile:female-tricolor-extreme-crested-gecko-cr-1616,Female Tricolor Extreme Harlequin Crested Gecko Cr-1616,999.99,349.99,65.0
2026-08-16T06:41:52.027217+00:00,Pangea Reptile,pangea-reptile:male-tricolor-extreme-crested-gecko-cr-1612,Male Tricolor Harlequin Crested Gecko Cr-1612,399.99,199.99,50.0
2026-08-16T06:41:52.027217+00:00,Pangea Reptile,pangea-reptile:male-harlequin-crested-gecko-cr-1607,Male Harlequin Crested Gecko Cr-1607,649.99,199.99,69.2
2026-08-16T06:41:52.027217+00:00,Pangea Reptile,pangea-reptile:male-extreme-harlequin-crested-gecko-cr-1601,Male Extreme Harlequin Crested Gecko Cr-1601,599.99,299.99,50.0
2026-08-16T06:41:52.027217+00:00,Pangea Reptile,pangea-reptile:female-extreme-crested-gecko-cr-1446,Female Extreme Harlequin Crested Gecko Cr-1446,499.99,249.99,50.0
2026-08-16T06:41:52.027217+00:00,Grow Organic,grow-organic:malabar-spinach-seeds-organic,Malabar Spinach Seeds (Organic),3.95,5.2,31.6
2026-08-16T06:41:52.027217+00:00,Grow Organic,grow-organic:african-ashwagandha-seeds-organic,African Ecotype Ashwagandha Seeds (Organic),4.95,6.49,31.1
2026-08-16T06:41:52.027217+00:00,Grow Organic,grow-organic:andrographis-seeds-organic,Andrographis Seeds (Organic),5.95,7.89,32.6
2026-08-16T06:41:52.027217+00:00,Grow Organic,grow-organic:balloonflower-seeds-organic,Balloonflower Seeds (Organic),3.95,5.2,31.6
2026-08-16T06:41:52.027217+00:00,Grow Organic,grow-organic:balm-of-gilead-seeds-organic,Balm of Gilead Seeds (Organic),4.95,6.49,31.1
2026-08-16T06:41:52.027217+00:00,Grow Organic,grow-organic:hidcote-lavender-seeds-organic,Hidcote Lavender Seeds (Organic),4.95,6.49,31.1
2026-08-16T06:41:52.027217+00:00,Grow Organic,grow-organic:hops-seeds-organic,Hops Seeds (Organic),4.95,6.49,31.1
2026-08-16T06:41:52.027217+00:00,Grow Organic,grow-organic:pitcher-sage-seeds-organic,Pitcher Sage Seeds (Organic),4.95,6.49,31.1
2026-08-16T06:41:52.027217+00:00,Grow Organic,grow-organic:styrian-pumpkin-seeds-organic,Styrian Pumpkin Seeds (Organic),3.95,5.2,31.6
2026-08-16T06:41:52.027217+00:00,JMZ Butterfly Farm,jmz-butterfly-farm:queen-butterfly-caterpillars-or-chrysalis,Queen Butterfly Caterpillars Or Chrysalis,75.0,59.99,20.0
2026-08-16T06:41:52.027217+00:00,JMZ Butterfly Farm,jmz-butterfly-farm:monarch-caterpillars-or-chrysalis,Monarch Caterpillars or Chrysalis,49.99,54.99,10.0
2026-08-16T06:41:52.027217+00:00,AntGear,antgear:large-outworld-with-removable-lid-mesh-vent,Large Outworld with Removable Lid &#038; Mesh Vent,24.99,19.99,20.0
2026-08-16T06:41:52.027217+00:00,Ants Alive,ants-alive:ant-colony-rejuvenation-kit,Ant Colony Rejuvenation Kit (Ants + Food + Sand),10.99,11.99,9.1
2026-08-16T06:41:52.027217+00:00,Ants Alive,ants-alive:live-ants-super-supply-about-60,Live Ants &#8211; Super Supply (About 60),7.98,9.96,24.8
2026-08-19T06:47:36.303043+00:00,Ty Dye Exotics,ty-dye-exotics:monocentropus-balfouri-socotra-island-blue-tarantula-for-sale-live-arrival-guarantee,Monocentropus balfouri - Socotra Island Blue Tarantula for Sale | Communal Species | Live Arrival Guarantee,45.69,48.69,6.6
2026-08-19T06:47:36.303043+00:00,Ty Dye Exotics,ty-dye-exotics:cyriocosmus-elegans-trinidad-dwarf-tarantula-adorable-heart-butt-dwarf-live-arrival-guarantee,Cyriocosmus elegans – Trinidad Dwarf Tarantula | Adorable Heart Butt Dwarf | Live Arrival Guarantee,43.99,47.99,9.1
2026-08-19T06:47:36.303043+00:00,Nature's Good Guys,natures-good-guys:thrips-control-garden-pack,Thrips Control Garden Pack - 200 Orius + 25k Cucumeris with Hanging Boxes + 25 Million Beneficial Nematodes,78.99,70.99,10.1
2026-08-19T06:47:36.303043+00:00,DubiaRoaches.com,dubiaroaches:80w-heat-panel-reptile-habitat-auction-8,80w Heat Panel Reptile Habitat Auction,56.0,105.0,87.5
2026-08-19T06:47:36.303043+00:00,DubiaRoaches.com,dubiaroaches:dubia-roaches-medium-500ct-auction-10,Dubia Roaches Medium 500ct Auction,22.0,45.0,104.5
2026-08-19T06:47:36.303043+00:00,DubiaRoaches.com,dubiaroaches:medium-superworm-500ct-auction-5,Medium Superworm 500ct Auction,15.0,12.0,20.0
2026-08-19T06:47:36.303043+00:00,DubiaRoaches.com,dubiaroaches:24x18x36-67-gallon-arboreal-auction-5,24x18x36 (67 Gallon) Arboreal Auction,200.0,185.0,7.5
2026-08-19T06:47:36.303043+00:00,DubiaRoaches.com,dubiaroaches:large-hornworm-12ct-case-of-6-auction-8,Large Hornworm 12ct (Case Of 6) Auction,11.0,20.0,81.8
2026-08-19T06:47:36.303043+00:00,DubiaRoaches.com,dubiaroaches:large-mealworm-500ct-auction-3,Large Mealworm 500ct Auction,5.0,17.0,240.0
2026-08-19T06:47:36.303043+00:00,DubiaRoaches.com,dubiaroaches:medium-hornworm-24ct-case-of-12-auction-5,Medium Hornworm 24ct (Case Of 12) Auction,13.0,61.0,369.2
2026-08-19T06:47:36.303043+00:00,DubiaRoaches.com,dubiaroaches:hornworm-moth-pupa-sexed-pair-manduca-sexta-auction-6,Hornworm Moth Pupa Sexed Pair (Manduca sexta) Auction,8.0,3.0,62.5
2026-08-19T06:47:36.303043+00:00,DubiaRoaches.com,dubiaroaches:large-discoid-250ct-auction-11,Large Discoid 250ct Auction,35.0,16.0,54.3
2026-08-19T06:47:36.303043+00:00,DubiaRoaches.com,dubiaroaches:18x18x24-33-gallon-arboreal-reptile-enclosure-v3-auction-4,18x18x24 (33 Gallon) Arboreal Reptile Enclosure V3 Auction,111.0,170.0,53.2
2026-08-19T06:47:36.303043+00:00,DubiaRoaches.com,dubiaroaches:x-small-dubia-roaches-500ct-auction-5,X-Small Dubia Roaches 500ct Auction,23.0,9.0,60.9
2026-08-19T06:47:36.303043+00:00,DubiaRoaches.com,dubiaroaches:large-discoid-250ct-auction-10,Large Discoid 250ct Auction,36.0,28.0,22.2
2026-08-19T06:47:36.303043+00:00,Flow Hive,flow-hive:hive-stand,Flow Hive Stand,109.0,110.0,0.9
2026-08-19T06:47:36.303043+00:00,Fear Not Tarantulas,fear-not-tarantulas:pseudoglomeris-magnifica-magnificent-emerald-roach-for-sale,"Corydidarum magnifica (Magnificent Emerald Roach) 1/4"" - 1/3"" mixed nymphs.  We include a vial of bee pollen! *CANNOT BE SHIPPED TO FLORIDA*",129.0,135.0,4.7
2026-08-19T06:47:36.303043+00:00,Exotics Source,exotics-source:regal-jumping-spider-baja,"Regal Jumping Spider ""Baja”",150.0,125.0,16.7
2026-08-19T06:47:36.303043+00:00,Exotics Source,exotics-source:regal-jumping-spider-cotton,"Regal Jumping Spider ""Cotton""",125.0,75.0,40.0
2026-08-19T06:47:36.303043+00:00,Exotics Source,exotics-source:regal-jumping-spider-iris-for-sale,"Regal Jumping Spider ""Iris""",95.0,75.0,21.1
2026-08-19T06:47:36.303043+00:00,Exotics Source,exotics-source:regal-jumping-spider-sunblush,"Regal Jumping Spider ""Sunblush""",95.0,75.0,21.1
2026-08-19T06:47:36.303043+00:00,Exotics Source,exotics-source:regal-jumping-spider-juniper,"Regal Jumping Spider ""Juniper""",95.0,75.0,21.1
2026-08-19T06:47:36.303043+00:00,Exotics Source,exotics-source:regal-jumping-spider-casper,"Regal Jumping Spider ""Casper""",125.0,65.0,48.0
2026-08-19T06:47:36.303043+00:00,Exotics Source,exotics-source:regal-jumping-spider-juice-for-sale,"Regal Jumping Spider ""Juice""",95.0,75.0,21.1
2026-08-19T06:47:36.303043+00:00,Exotics Source,exotics-source:regal-jumping-spider-apple-for-sale,"Regal Jumping Spider ""Apple"" (High White)",95.0,125.0,31.6
2026-08-19T06:47:36.303043+00:00,Exotics Source,exotics-source:regal-jumping-spider-muffin,"Regal Jumping Spider ""Muffin""",95.0,75.0,21.1
2026-08-19T06:47:36.303043+00:00,Spider Shoppe,spider-shoppe:vancouver-pick-up-tapinauchenius-rasti-carribean-diamond,[Vancouver Pick-up] Tapinauchenius rasti (Carribean Diamond),29.0,42.0,44.8
2026-08-19T06:47:36.303043+00:00,Best Bee Brothers,best-bee-brothers:the-jet-setter-adventure-kit,Shake & Shield Bed Bug and No-See-Um Repellent - The Jet-Setter Adventure Kit (9 pcs),169.0,170.0,0.6
2026-08-19T06:47:36.303043+00:00,Micro Wilderness,micro-wilderness:tlitocatl-khalenbergi-veracruz-red-rump-tarantula-unsexed-pureblood-lines,Tlitocatl Khalenbergi- Veracruz Red Rump Tarantula- unsexed- Pure bloodlines,32.99,59.99,81.8
2026-08-19T06:47:36.303043+00:00,Buddha Bugs,buddha-bugs:tarantula-cribs-treehouse-switch-small,"Tarantula Cribs treehouse switch small 4""x 4""x 6"" LOCAL PICKUP ONLY",48.0,55.0,14.6
2026-08-19T06:47:36.303043+00:00,Buddha Bugs,buddha-bugs:phormingochilus-sp-rufus-peach-earth-tiger-tarantula-for-sale,"Aspinochilus rufus, formerly Phormingochilus sp. 'rufus' (peach earth tiger tarantula) 0.75""",25.0,35.0,40.0
2026-08-19T06:47:36.303043+00:00,Big Apple Herp,big-apple-herp:veiled-chameleons,Veiled Chameleons,47.95,34.95,27.1
2026-08-19T06:47:36.303043+00:00,Big Apple Herp,big-apple-herp:goliath-bird-eating,Goliath Bird Eating Tarantula,139.95,89.95,35.7
2026-08-19T06:47:36.303043+00:00,Coast2Coast Beetles,coast2coast-beetles:goliathus-goliatus-adult-male,86mm Goliathus Goliatus Adult Male,200.0,175.0,12.5
2026-08-19T06:47:36.303043+00:00,The Bio Dude,the-bio-dude:monocentropus-balfouri-socotra-island-blue-tarantula-for-sale-live-arrival-guarantee,Monocentropus balfouri - Socotra Island Blue Tarantula for Sale | TDE,45.69,48.69,6.6
2026-08-19T06:47:36.303043+00:00,The Bio Dude,the-bio-dude:morelia-bredli-python-22,Morelia Bredli Python - Missy,599.95,399.99,33.3
2026-08-19T06:47:36.303043+00:00,The Bio Dude,the-bio-dude:morelia-bredli-python-19,Morelia Bredli Python - Lila,599.95,399.99,33.3
2026-08-19T06:47:36.303043+00:00,The Bio Dude,the-bio-dude:morelia-bredli-python-18,Morelia Bredli Python - Indy,599.95,399.99,33.3
2026-08-19T06:47:36.303043+00:00,The Bio Dude,the-bio-dude:morelia-bredli-python-15,Morelia Bredli Python - Pom Pom,599.95,399.99,33.3
2026-08-19T06:47:36.303043+00:00,Pangea Reptile,pangea-reptile:female-harlequin-crested-gecko-cr-1886,Female Harlequin Crested Gecko Cr-1886,449.99,99.99,77.8
2026-08-19T06:47:36.303043+00:00,Pangea Reptile,pangea-reptile:male-extreme-harlequin-crested-gecko-cr-2036,Male Extreme Harlequin Crested Gecko Cr-2036,349.99,149.99,57.1
2026-08-19T06:47:36.303043+00:00,Pangea Reptile,pangea-reptile:male-harlequin-crested-gecko-cr-2072,Male Harlequin Crested Gecko Cr-2072,299.99,74.99,75.0
2026-08-19T06:47:36.303043+00:00,Pangea Reptile,pangea-reptile:female-dark-phantom-crested-gecko-cr-1862,Female Dark Phantom Crested Gecko Cr-1862,499.99,99.99,80.0
2026-08-19T06:47:36.303043+00:00,Pangea Reptile,pangea-reptile:male-xxx-crested-gecko-cr-1882,Male XXX Crested Gecko Cr-1882,799.99,249.99,68.8
2026-08-19T06:47:36.303043+00:00,Pangea Reptile,pangea-reptile:male-xxx-crested-gecko-cr-2059,Male XXX Crested Gecko Cr-2059,349.99,99.99,71.4
2026-08-19T06:47:36.303043+00:00,Pangea Reptile,pangea-reptile:male-extreme-harlequin-crested-gecko-cr-2044,Male Harlequin Crested Gecko Cr-2044,349.99,124.99,64.3
2026-08-19T06:47:36.303043+00:00,Pangea Reptile,pangea-reptile:male-extreme-harlequin-crested-gecko-cr-2009,Male Extreme Harlequin Crested Gecko Cr-2009,299.99,99.99,66.7
2026-08-19T06:47:36.303043+00:00,Pangea Reptile,pangea-reptile:male-tricolor-extreme-crested-gecko-cr-2093,Male Tricolor Extreme Harlequin Crested Gecko Cr-2093,799.99,349.99,56.3
2026-08-19T06:47:36.303043+00:00,Pangea Reptile,pangea-reptile:male-harlequin-crested-gecko-cr-2087,Male Harlequin Crested Gecko Cr-2087,349.99,174.99,50.0
2026-08-19T06:47:36.303043+00:00,Pangea Reptile,pangea-reptile:male-dark-patternless-crested-gecko-cr-2089,Male Dark Phantom Crested Gecko Cr-2089,549.99,99.99,81.8
2026-08-19T06:47:36.303043+00:00,Pangea Reptile,pangea-reptile:male-harlequin-pinstripe-crested-gecko-cr-2081,Male Harlequin Pinstripe Crested Gecko Cr-2081,349.99,124.99,64.3
2026-08-19T06:47:36.303043+00:00,Pangea Reptile,pangea-reptile:male-quad-stripe-crested-gecko-cr-2085,Male White Wall Crested Gecko Cr-2085,499.99,174.99,65.0
2026-08-19T06:47:36.303043+00:00,Pangea Reptile,pangea-reptile:male-red-phantom-crested-gecko-cr-2088,Male Red Phantom Crested Gecko Cr-2088,349.99,99.99,71.4
2026-08-19T06:47:36.303043+00:00,Pangea Reptile,pangea-reptile:male-extreme-harlequin-crested-gecko-cr-2091,Male Extreme Harlequin Crested Gecko Cr-2091,499.99,299.99,40.0
2026-08-19T06:47:36.303043+00:00,Pangea Reptile,pangea-reptile:male-extreme-harlequin-crested-gecko-cr-2092,Male Extreme Harlequin Crested Gecko Cr-2092,499.99,174.99,65.0
2026-08-19T06:47:36.303043+00:00,Pangea Reptile,pangea-reptile:male-extreme-harlequin-crested-gecko-cr-2095,Male Extreme Harlequin Crested Gecko Cr-2095,599.99,299.99,50.0
2026-08-19T06:47:36.303043+00:00,Pangea Reptile,pangea-reptile:male-extreme-crested-gecko-cr-2097,Male Harlequin Crested Gecko Cr-2097,699.99,274.99,60.7
2026-08-19T06:47:36.303043+00:00,Pangea Reptile,pangea-reptile:male-extreme-harlequin-crested-gecko-cr-2057,Male Extreme Harlequin Crested Gecko Cr-2057,499.99,174.99,65.0
2026-08-19T06:47:36.303043+00:00,Pangea Reptile,pangea-reptile:male-super-dalmatian-crested-gecko-cr-2060,Male Super Dalmatian Crested Gecko Cr-2060,1199.99,299.99,75.0
2026-08-19T06:47:36.303043+00:00,Pangea Reptile,pangea-reptile:male-white-wall-crested-gecko-cr-2062,Male White Wall Crested Gecko Cr-2062,449.99,149.99,66.7
2026-08-19T06:47:36.303043+00:00,Pangea Reptile,pangea-reptile:male-tricolor-extreme-crested-gecko-cr-2063,Male Tricolor Extreme Harlequin Crested Gecko Cr-2063,599.99,299.99,50.0
2026-08-19T06:47:36.303043+00:00,Pangea Reptile,pangea-reptile:male-extreme-harlequin-crested-gecko-cr-2066,Male Extreme Harlequin Crested Gecko Cr-2066,399.99,174.99,56.3
2026-08-19T06:47:36.303043+00:00,Pangea Reptile,pangea-reptile:male-white-wall-crested-gecko-cr-2069,Male White Wall Crested Gecko Cr-2069,299.99,124.99,58.3
2026-08-19T06:47:36.303043+00:00,Pangea Reptile,pangea-reptile:male-extreme-harlequin-crested-gecko-cr-2070,Male Extreme Harlequin Crested Gecko Cr-2070,599.99,249.99,58.3
2026-08-19T06:47:36.303043+00:00,Pangea Reptile,pangea-reptile:male-extreme-harlequin-crested-gecko-cr-2071,Male Extreme Harlequin Crested Gecko Cr-2071,399.99,99.99,75.0
2026-08-19T06:47:36.303043+00:00,Pangea Reptile,pangea-reptile:male-extreme-crested-gecko-cr-2077,Male Extreme Harlequin Crested Gecko Cr-2077,399.99,174.99,56.3
2026-08-19T06:47:36.303043+00:00,Pangea Reptile,pangea-reptile:male-xxx-crested-gecko-cr-2056,Male XXX Crested Gecko Cr-2056,549.99,299.99,45.5
2026-08-19T06:47:36.303043+00:00,Pangea Reptile,pangea-reptile:male-harlequin-crested-gecko-cr-2055,Male Harlequin Crested Gecko Cr-2055,249.99,124.99,50.0
2026-08-19T06:47:36.303043+00:00,Pangea Reptile,pangea-reptile:male-xxx-crested-gecko-cr-2053,Male XXX Crested Gecko Cr-2053,549.99,199.99,63.6
2026-08-19T06:47:36.303043+00:00,Pangea Reptile,pangea-reptile:male-extreme-harlequin-crested-gecko-cr-2052,Male Extreme Harlequin Crested Gecko Cr-2052,499.99,149.99,70.0
2026-08-19T06:47:36.303043+00:00,Pangea Reptile,pangea-reptile:male-xxx-crested-gecko-cr-2051,Male XXX Crested Gecko Cr-2051,499.99,199.99,60.0
2026-08-19T06:47:36.303043+00:00,Pangea Reptile,pangea-reptile:male-xxx-crested-gecko-cr-2049,Male XXX Crested Gecko Cr-2049,749.99,224.99,70.0
2026-08-19T06:47:36.303043+00:00,Pangea Reptile,pangea-reptile:male-xxx-crested-gecko-cr-2048,Male XXX Crested Gecko Cr-2048,599.99,174.99,70.8
2026-08-19T06:47:36.303043+00:00,Pangea Reptile,pangea-reptile:male-xxx-crested-gecko-cr-2046,Male XXX Crested Gecko Cr-2046,549.99,149.99,72.7
2026-08-19T06:47:36.303043+00:00,Pangea Reptile,pangea-reptile:male-pinstripe-crested-gecko-cr-2045,Male Pinstripe Crested Gecko Cr-2045,299.99,149.99,50.0
2026-08-19T06:47:36.303043+00:00,Pangea Reptile,pangea-reptile:male-xxx-crested-gecko-cr-2043,Male XXX Crested Gecko Cr-2043,849.99,274.99,67.6
2026-08-19T06:47:36.303043+00:00,Pangea Reptile,pangea-reptile:male-red-extreme-crested-gecko-cr-2041,Male Red Extreme Harlequin Crested Gecko Cr-2041,749.99,249.99,66.7
2026-08-19T06:47:36.303043+00:00,Pangea Reptile,pangea-reptile:male-extreme-harlequin-crested-gecko-cr-2038,Male Extreme Harlequin Crested Gecko Cr-2038,299.99,124.99,58.3
2026-08-19T06:47:36.303043+00:00,Pangea Reptile,pangea-reptile:male-harlequin-crested-gecko-cr-2033,Male Harlequin Crested Gecko Cr-2033,249.99,74.99,70.0
2026-08-19T06:47:36.303043+00:00,Pangea Reptile,pangea-reptile:male-xxx-crested-gecko-cr-2031,Male XXX Crested Gecko Cr-2031,299.99,99.99,66.7
2026-08-19T06:47:36.303043+00:00,Pangea Reptile,pangea-reptile:female-tricolor-xxx-crested-gecko-cr-2030,Female Tricolor XXX Crested Gecko Cr-2030,849.99,299.99,64.7
2026-08-19T06:47:36.303043+00:00,Pangea Reptile,pangea-reptile:male-extreme-harlequin-crested-gecko-cr-2028,Male Extreme Harlequin Crested Gecko Cr-2028,699.99,249.99,64.3
2026-08-19T06:47:36.303043+00:00,Pangea Reptile,pangea-reptile:male-white-wall-crested-gecko-cr-2027,Male White Wall Crested Gecko Cr-2027,274.99,124.99,54.5
2026-08-19T06:47:36.303043+00:00,Pangea Reptile,pangea-reptile:male-extreme-harlequin-crested-gecko-cr-1837,Male Extreme Harlequin Crested Gecko Cr-1837,399.99,149.99,62.5
2026-08-19T06:47:36.303043+00:00,Pangea Reptile,pangea-reptile:male-extreme-harlequin-crested-gecko-cr-1841,Male Extreme Harlequin Crested Gecko Cr-1841,299.99,199.99,33.3
2026-08-19T06:47:36.303043+00:00,Pangea Reptile,pangea-reptile:female-tricolor-harlequin-crested-gecko-cr-2026,Female Tricolor Harlequin Crested Gecko Cr-2026,599.99,174.99,70.8
2026-08-19T06:47:36.303043+00:00,Pangea Reptile,pangea-reptile:male-extreme-harlequin-crested-gecko-cr-2025,Male Extreme Harlequin Crested Gecko Cr-2025,399.99,199.99,50.0
2026-08-19T06:47:36.303043+00:00,Pangea Reptile,pangea-reptile:male-pinstripe-crested-gecko-cr-2019,Male Pinstripe Crested Gecko Cr-2019,199.99,99.99,50.0
2026-08-19T06:47:36.303043+00:00,Pangea Reptile,pangea-reptile:female-tricolor-harlequin-crested-gecko-cr-2018,Female Tricolor Harlequin Crested Gecko Cr-2018,449.99,124.99,72.2
2026-08-19T06:47:36.303043+00:00,Pangea Reptile,pangea-reptile:male-extreme-harlequin-crested-gecko-cr-2012,Male Extreme Harlequin Crested Gecko Cr-2012,399.99,249.99,37.5
2026-08-19T06:47:36.303043+00:00,Pangea Reptile,pangea-reptile:male-xxx-crested-gecko-cr-2011,Male XXX Crested Gecko Cr-2011,649.99,199.99,69.2
2026-08-19T06:47:36.303043+00:00,Pangea Reptile,pangea-reptile:male-harlequin-crested-gecko-cr-2005,Male Harlequin Crested Gecko Cr-2005,399.99,124.99,68.8
2026-08-19T06:47:36.303043+00:00,Pangea Reptile,pangea-reptile:male-tricolor-extreme-crested-gecko-cr-2003,Male Tricolor Extreme Harlequin Crested Gecko Cr-2003,599.99,174.99,70.8
2026-08-19T06:47:36.303043+00:00,Pangea Reptile,pangea-reptile:female-xxx-crested-gecko-cr-1994,Female XXX Crested Gecko Cr-1994,799.99,149.99,81.3
2026-08-19T06:47:36.303043+00:00,Pangea Reptile,pangea-reptile:male-tricolor-extreme-crested-gecko-cr-1992,Male Tricolor Extreme Harlequin Crested Gecko Cr-1992,949.99,299.99,68.4
2026-08-19T06:47:36.303043+00:00,Pangea Reptile,pangea-reptile:male-extreme-harlequin-crested-gecko-cr-1991,Male Extreme Harlequin Crested Gecko Cr-1991,749.99,249.99,66.7
2026-08-19T06:47:36.303043+00:00,Pangea Reptile,pangea-reptile:female-xxx-crested-gecko-cr-1990,Female XXX Crested Gecko Cr-1990,599.99,149.99,75.0
2026-08-19T06:47:36.303043+00:00,Pangea Reptile,pangea-reptile:female-dark-phantom-crested-gecko-cr-1988,Female Dark Phantom Crested Gecko Cr-1988,749.99,274.99,63.3
2026-08-19T06:47:36.303043+00:00,Pangea Reptile,pangea-reptile:female-extreme-harlequin-crested-gecko-cr-1986,Female Extreme Harlequin Crested Gecko Cr-1986,449.99,74.99,83.3
2026-08-19T06:47:36.303043+00:00,Pangea Reptile,pangea-reptile:female-extreme-harlequin-crested-gecko-cr-1985,Female Extreme Harlequin Crested Gecko Cr-1985,449.99,199.99,55.6
2026-08-19T06:47:36.303043+00:00,Pangea Reptile,pangea-reptile:male-extreme-harlequin-crested-gecko-cr-1983,Male Extreme Harlequin Crested Gecko Cr-1983,649.99,249.99,61.5
2026-08-19T06:47:36.303043+00:00,Pangea Reptile,pangea-reptile:male-red-phantom-crested-gecko-cr-1982,Male Red Phantom Crested Gecko Cr-1982,324.99,99.99,69.2
2026-08-19T06:47:36.303043+00:00,Pangea Reptile,pangea-reptile:male-dark-phantom-crested-gecko-cr-1979,Male Dark Phantom Crested Gecko Cr-1979,399.99,74.99,81.3
2026-08-19T06:47:36.303043+00:00,Pangea Reptile,pangea-reptile:female-extreme-harlequin-crested-gecko-cr-1975,Female Extreme Harlequin Crested Gecko Cr-1975,549.99,174.99,68.2
2026-08-19T06:47:36.303043+00:00,Pangea Reptile,pangea-reptile:male-quadstripe-crested-gecko-cr-1970,Male Quadstripe Crested Gecko Cr-1970,299.99,99.99,66.7
2026-08-19T06:47:36.303043+00:00,Pangea Reptile,pangea-reptile:female-extreme-harlequin-crested-gecko-cr-1969,Female Extreme Harlequin Crested Gecko Cr-1969,499.99,199.99,60.0
2026-08-19T06:47:36.303043+00:00,Pangea Reptile,pangea-reptile:male-tricolor-extreme-crested-gecko-cr-1965,Male Tricolor Extreme Harlequin Crested Gecko Cr-1965,649.99,149.99,76.9
2026-08-19T06:47:36.303043+00:00,Pangea Reptile,pangea-reptile:male-tricolor-extreme-crested-gecko-cr-1963,Male Tricolor Extreme Harlequin Crested Gecko Cr-1963,1199.99,349.99,70.8
2026-08-19T06:47:36.303043+00:00,Pangea Reptile,pangea-reptile:female-extreme-harlequin-crested-gecko-cr-1958,Female Extreme Harlequin Crested Gecko Cr-1958,649.99,299.99,53.8
2026-08-19T06:47:36.303043+00:00,Pangea Reptile,pangea-reptile:female-red-harley-crested-gecko-cr-1957,Female Red Harlequin Crested Gecko Cr-1957,399.99,99.99,75.0
2026-08-19T06:47:36.303043+00:00,Pangea Reptile,pangea-reptile:male-tricolor-extreme-crested-gecko-cr-1956,Male Tricolor Extreme Harlequin Crested Gecko Cr-1956,499.99,299.99,40.0
2026-08-19T06:47:36.303043+00:00,Pangea Reptile,pangea-reptile:male-white-wall-pinstripe-crested-gecko-cr-1954,Male White Wall Pinstripe Crested Gecko Cr-1954,499.99,124.99,75.0
2026-08-19T06:47:36.303043+00:00,Pangea Reptile,pangea-reptile:male-extreme-harlequin-crested-gecko-cr-1951,Male Harlequin Crested Gecko Cr-1951,449.99,149.99,66.7
2026-08-19T06:47:36.303043+00:00,Pangea Reptile,pangea-reptile:male-extreme-harlequin-crested-gecko-cr-1949,Male Extreme Harlequin Crested Gecko Cr-1949,499.99,249.99,50.0
2026-08-19T06:47:36.303043+00:00,Pangea Reptile,pangea-reptile:male-extreme-harlequin-crested-gecko-cr-1948,Male Extreme Harlequin Crested Gecko Cr-1948,549.99,249.99,54.5
2026-08-19T06:47:36.303043+00:00,Pangea Reptile,pangea-reptile:male-quadstripe-crested-gecko-cr-1945,Male Quadstripe Crested Gecko Cr-1945,299.99,124.99,58.3
2026-08-19T06:47:36.303043+00:00,Pangea Reptile,pangea-reptile:male-red-pinstripe-crested-gecko-cr-1944,Male Red Pinstripe Crested Gecko Cr-1944,649.99,174.99,73.1
2026-08-19T06:47:36.303043+00:00,Pangea Reptile,pangea-reptile:male-red-brindle-crested-gecko-cr-1943,Male Red Brindle Crested Gecko Cr-1943,249.99,124.99,50.0
2026-08-19T06:47:36.303043+00:00,Pangea Reptile,pangea-reptile:male-tricolor-xxx-crested-gecko-cr-1941,Male Tricolor XXX Crested Gecko Cr-1941,749.99,349.99,53.3
2026-08-19T06:47:36.303043+00:00,Pangea Reptile,pangea-reptile:male-red-phantom-crested-gecko-cr-1940,Male Red Phantom Crested Gecko Cr-1940,349.99,99.99,71.4
2026-08-19T06:47:36.303043+00:00,Pangea Reptile,pangea-reptile:male-tricolor-extreme-crested-gecko-cr-1937,Male Tricolor Extreme Harlequin Crested Gecko Cr-1937,799.99,349.99,56.3
2026-08-19T06:47:36.303043+00:00,Pangea Reptile,pangea-reptile:female-xxx-crested-gecko-cr-1935,Male XXX Crested Gecko Cr-1935,599.99,249.99,58.3
2026-08-19T06:47:36.303043+00:00,Pangea Reptile,pangea-reptile:female-extreme-harlequin-crested-gecko-cr-1934,Female Extreme Harlequin Crested Gecko Cr-1934,1199.99,399.99,66.7
2026-08-19T06:47:36.303043+00:00,Pangea Reptile,pangea-reptile:male-harlequin-crested-gecko-cr-1933,Male Harlequin Crested Gecko Cr-1933,249.99,149.99,40.0
2026-08-19T06:47:36.303043+00:00,Pangea Reptile,pangea-reptile:male-extreme-harlequin-crested-gecko-cr-1932,Male Extreme Harlequin Crested Gecko Cr-1932,299.99,174.99,41.7
2026-08-19T06:47:36.303043+00:00,Pangea Reptile,pangea-reptile:male-extreme-harlequin-crested-gecko-cr-1931,Male Extreme Harlequin Crested Gecko Cr-1931,399.99,149.99,62.5
2026-08-19T06:47:36.303043+00:00,Pangea Reptile,pangea-reptile:male-extreme-harlequin-crested-gecko-cr-1930,Male Extreme Harlequin Crested Gecko Cr-1930,349.99,174.99,50.0
2026-08-19T06:47:36.303043+00:00,Pangea Reptile,pangea-reptile:male-black-phantom-crested-gecko-cr-1924,Male Black Phantom Crested Gecko Cr-1924,549.99,199.99,63.6
2026-08-19T06:47:36.303043+00:00,Pangea Reptile,pangea-reptile:male-extreme-harlequin-crested-gecko-cr-1922,Male Extreme Harlequin Crested Gecko Cr-1922,749.99,249.99,66.7
2026-08-19T06:47:36.303043+00:00,Pangea Reptile,pangea-reptile:male-extreme-harlequin-crested-gecko-cr-1919,Male Extreme Harlequin Crested Gecko Cr-1919,899.99,399.99,55.6
2026-08-19T06:47:36.303043+00:00,Pangea Reptile,pangea-reptile:female-extreme-crested-gecko-cr-1917,Female Extreme Harlequin Crested Gecko Cr-1917,599.99,199.99,66.7
2026-08-19T06:47:36.303043+00:00,Pangea Reptile,pangea-reptile:male-tiger-crested-gecko-cr-1915,Male Tiger Crested Gecko Cr-1915,199.99,75.0,62.5
2026-08-19T06:47:36.303043+00:00,Pangea Reptile,pangea-reptile:male-tiger-crested-gecko-cr-1913,Male Tiger Crested Gecko Cr-1913,249.99,74.99,70.0
2026-08-19T06:47:36.303043+00:00,Pangea Reptile,pangea-reptile:male-xxx-crested-gecko-cr-1912,Male Extreme Harlequin Crested Gecko Cr-1912,299.99,124.99,58.3
2026-08-19T06:47:36.303043+00:00,Pangea Reptile,pangea-reptile:male-extreme-harlequin-crested-gecko-cr-1911,Male Extreme Harlequin Crested Gecko Cr-1911,799.99,299.99,62.5
2026-08-19T06:47:36.303043+00:00,Pangea Reptile,pangea-reptile:male-harlequin-crested-gecko-cr-1722,Male Harlequin Crested Gecko Cr-1722,299.99,99.99,66.7
2026-08-19T06:47:36.303043+00:00,Pangea Reptile,pangea-reptile:male-harlequin-crested-gecko-cr-1709,Male Harlequin Crested Gecko Cr-1709,499.99,149.99,70.0
2026-08-19T06:47:36.303043+00:00,Pangea Reptile,pangea-reptile:male-tricolor-extreme-crested-gecko-cr-1910,Male Tricolor Extreme Harlequin Crested Gecko Cr-1910,399.99,299.99,25.0
2026-08-19T06:47:36.303043+00:00,Pangea Reptile,pangea-reptile:female-tricolor-xxx-crested-gecko-cr-1909,Female Tricolor XXX Crested Gecko Cr-1909,749.99,349.99,53.3
2026-08-19T06:47:36.303043+00:00,Pangea Reptile,pangea-reptile:male-tiger-crested-gecko-cr-1908,Male Tiger Crested Gecko Cr-1908,349.99,124.99,64.3
2026-08-19T06:47:36.303043+00:00,Pangea Reptile,pangea-reptile:male-quadstripe-crested-gecko-cr-1906,Male Quadstripe Crested Gecko Cr-1906,174.99,74.99,57.1
2026-08-19T06:47:36.303043+00:00,Pangea Reptile,pangea-reptile:female-extreme-reverse-pinstripe-crested-gecko-cr-1902,Female Extreme Harlequin Crested Gecko Cr-1902,899.99,249.99,72.2
2026-08-19T06:47:36.303043+00:00,Pangea Reptile,pangea-reptile:male-extreme-harlequin-crested-gecko-cr-1898,Male Extreme Harlequin Crested Gecko Cr-1898,649.99,249.99,61.5
2026-08-19T06:47:36.303043+00:00,Pangea Reptile,pangea-reptile:male-extreme-harlequin-crested-gecko-cr-1897,Male Extreme Harlequin Crested Gecko Cr-1897,449.99,149.99,66.7
2026-08-19T06:47:36.303043+00:00,Pangea Reptile,pangea-reptile:male-extreme-harlequin-crested-gecko-cr-1895,Male Extreme Harlequin Crested Gecko Cr-1895,599.99,249.99,58.3
2026-08-19T06:47:36.303043+00:00,Pangea Reptile,pangea-reptile:male-white-wall-crested-gecko-cr-1892,Male White Wall Crested Gecko Cr-1892,749.99,274.99,63.3
2026-08-19T06:47:36.303043+00:00,Pangea Reptile,pangea-reptile:male-tricolor-extreme-crested-gecko-cr-1891,Male Tricolor Extreme Harlequin Crested Gecko Cr-1891,899.99,299.99,66.7
2026-08-19T06:47:36.303043+00:00,Pangea Reptile,pangea-reptile:male-tricolor-xxx-crested-gecko-cr-1888,Male Tricolor XXX Crested Gecko Cr-1888,999.99,399.99,60.0
2026-08-19T06:47:36.303043+00:00,Pangea Reptile,pangea-reptile:male-extreme-harlequin-crested-gecko-cr-1887,Male Extreme Harlequin Crested Gecko Cr-1887,449.99,149.99,66.7
2026-08-19T06:47:36.303043+00:00,Pangea Reptile,pangea-reptile:male-white-wall-crested-gecko-cr-1884,Male White Wall Crested Gecko Cr-1884,649.99,174.99,73.1
2026-08-19T06:47:36.303043+00:00,Pangea Reptile,pangea-reptile:female-pinstripe-crested-gecko-cr-1883,Female Pinstripe Crested Gecko Cr-1883,449.99,99.99,77.8
2026-08-19T06:47:36.303043+00:00,Pangea Reptile,pangea-reptile:female-tricolor-extreme-crested-gecko-cr-1880,Female Tricolor Extreme Harlequin Crested Gecko Cr-1880,899.99,349.99,61.1
2026-08-19T06:47:36.303043+00:00,Pangea Reptile,pangea-reptile:male-pinstripe-crested-gecko-cr-1879,Male Pinstripe Crested Gecko Cr-1879,399.99,149.99,62.5
2026-08-19T06:47:36.303043+00:00,Pangea Reptile,pangea-reptile:male-phantom-crested-gecko-cr-1878,Male Dark Phantom Crested Gecko Cr-1878,249.99,99.99,60.0
2026-08-19T06:47:36.303043+00:00,Pangea Reptile,pangea-reptile:female-harlequin-crested-gecko-cr-1877,Female Harlequin Crested Gecko Cr-1877,349.99,149.99,57.1
2026-08-19T06:47:36.303043+00:00,Pangea Reptile,pangea-reptile:male-extreme-harlequin-crested-gecko-cr-1876,Male Extreme Harlequin Crested Gecko Cr-1876,349.99,199.99,42.9
2026-08-19T06:47:36.303043+00:00,Pangea Reptile,pangea-reptile:male-harlequin-crested-gecko-cr-1875,Male Harlequin Crested Gecko Cr-1875,299.99,149.99,50.0
2026-08-19T06:47:36.303043+00:00,Pangea Reptile,pangea-reptile:male-tricolor-extreme-crested-gecko-cr-1874,Male Tricolor Extreme Harlequin Crested Gecko Cr-1874,499.99,174.99,65.0
2026-08-19T06:47:36.303043+00:00,Pangea Reptile,pangea-reptile:male-solid-back-harlequin-crested-gecko-cr-1872,Male Solid Back Harlequin Crested Gecko Cr-1872,349.99,124.99,64.3
2026-08-19T06:47:36.303043+00:00,Pangea Reptile,pangea-reptile:male-pinstripe-crested-gecko-cr-1870,Male Pinstripe Crested Gecko Cr-1870,299.99,99.99,66.7
2026-08-19T06:47:36.303043+00:00,Pangea Reptile,pangea-reptile:female-white-wall-pinstripe-crested-gecko-cr-1865,Female White Wall Pinstripe Crested Gecko Cr-1865,399.99,249.99,37.5
2026-08-19T06:47:36.303043+00:00,Pangea Reptile,pangea-reptile:male-white-wall-pinstripe-crested-gecko-cr-1863,Male White Wall Crested Gecko Cr-1863,499.99,199.99,60.0
2026-08-19T06:47:36.303043+00:00,Pangea Reptile,pangea-reptile:male-tricolor-extreme-crested-gecko-cr-1860,Male Tricolor Extreme Harlequin Crested Gecko Cr-1860,999.99,249.99,75.0
2026-08-19T06:47:36.303043+00:00,Pangea Reptile,pangea-reptile:female-extreme-harlequin-crested-gecko-cr-1858,Female Extreme Harlequin Crested Gecko Cr-1858,399.99,199.99,50.0
2026-08-19T06:47:36.303043+00:00,Pangea Reptile,pangea-reptile:male-extreme-harlequin-crested-gecko-cr-1853,Male Extreme Harlequin Crested Gecko Cr-1853,699.99,149.99,78.6
2026-08-19T06:47:36.303043+00:00,Pangea Reptile,pangea-reptile:male-extreme-harlequin-crested-gecko-cr-1852,Male Harlequin Crested Gecko Cr-1852,249.99,149.99,40.0
2026-08-19T06:47:36.303043+00:00,Pangea Reptile,pangea-reptile:male-xxx-crested-gecko-cr-1849,Male XXX Crested Gecko Cr-1849,649.99,174.99,73.1
2026-08-19T06:47:36.303043+00:00,Pangea Reptile,pangea-reptile:male-dark-phantom-crested-gecko-cr-1846,Male Dark Phantom Crested Gecko Cr-1846,649.99,99.99,84.6
2026-08-19T06:47:36.303043+00:00,Pangea Reptile,pangea-reptile:male-red-harlequin-crested-gecko-cr-1845,Male Red Harlequin Crested Gecko Cr-1845,249.99,149.99,40.0
2026-08-19T06:47:36.303043+00:00,Pangea Reptile,pangea-reptile:male-extreme-harlequin-crested-gecko-cr-1843,Male Extreme Harlequin Crested Gecko Cr-1843,374.99,124.99,66.7
2026-08-19T06:47:36.303043+00:00,Pangea Reptile,pangea-reptile:male-extreme-harlequin-crested-gecko-cr-1842,Male Extreme Harlequin Crested Gecko Cr-1842,499.99,149.99,70.0
2026-08-19T06:47:36.303043+00:00,Pangea Reptile,pangea-reptile:male-red-tricolor-harlequin-crested-gecko-cr-1840,Male Red Tricolor Harlequin Crested Gecko Cr-1840,349.99,124.99,64.3
2026-08-19T06:47:36.303043+00:00,Pangea Reptile,pangea-reptile:female-extreme-harlequin-crested-gecko-cr-1827,Female Extreme Harlequin Crested Gecko Cr-1827,899.99,199.99,77.8
2026-08-19T06:47:36.303043+00:00,Pangea Reptile,pangea-reptile:male-black-patternless-crested-gecko-cr-1826,Male Black Patternless Crested Gecko Cr-1826,999.99,199.99,80.0
2026-08-19T06:47:36.303043+00:00,Pangea Reptile,pangea-reptile:male-extreme-harlequin-crested-gecko-cr-1825,Male Extreme Harlequin Crested Gecko Cr-1825,499.99,249.99,50.0
2026-08-19T06:47:36.303043+00:00,Pangea Reptile,pangea-reptile:female-extreme-harlequin-crested-gecko-cr-1824,Female Extreme Harlequin Crested Gecko Cr-1824,599.99,99.99,83.3
2026-08-19T06:47:36.303043+00:00,Pangea Reptile,pangea-reptile:male-harlequin-crested-gecko-cr-1822,Male Harlequin Crested Gecko Cr-1822,299.99,99.99,66.7
2026-08-19T06:47:36.303043+00:00,Pangea Reptile,pangea-reptile:male-red-phantom-crested-gecko-cr-1818,Male Red Phantom Crested Gecko Cr-1818,349.99,149.99,57.1
2026-08-19T06:47:36.303043+00:00,Pangea Reptile,pangea-reptile:male-xxx-crested-gecko-cr-1815,Male XXX Crested Gecko Cr-1815,499.99,249.99,50.0
2026-08-19T06:47:36.303043+00:00,Pangea Reptile,pangea-reptile:male-harlequin-crested-gecko-cr-1812,Male Harlequin Crested Gecko Cr-1812,249.99,74.99,70.0
2026-08-19T06:47:36.303043+00:00,Pangea Reptile,pangea-reptile:male-tricolor-extreme-crested-gecko-cr-1807,Male Extreme Harlequin Crested Gecko Cr-1807,349.99,124.99,64.3
2026-08-19T06:47:36.303043+00:00,Pangea Reptile,pangea-reptile:male-xxx-crested-gecko-cr-1803,Male XXX Crested Gecko Cr-1803,999.99,399.99,60.0
2026-08-19T06:47:36.303043+00:00,Pangea Reptile,pangea-reptile:male-extreme-harlequin-crested-gecko-cr-1801,Male Extreme Harlequin Crested Gecko Cr-1801,399.99,174.99,56.3
2026-08-19T06:47:36.303043+00:00,Pangea Reptile,pangea-reptile:male-xxx-crested-gecko-cr-1800,Male XXX Crested Gecko Cr-1800,499.99,174.99,65.0
2026-08-19T06:47:36.303043+00:00,Pangea Reptile,pangea-reptile:male-extreme-crested-gecko-cr-1791,Male Extreme Harlequin Crested Gecko Cr-1791,599.99,249.99,58.3
2026-08-19T06:47:36.303043+00:00,Pangea Reptile,pangea-reptile:male-tricolor-harlequin-crested-gecko-cr-1787,Male Tricolor Extreme Harlequin Crested Gecko Cr-1787,449.99,224.99,50.0
2026-08-19T06:47:36.303043+00:00,Pangea Reptile,pangea-reptile:male-tricolor-extreme-crested-gecko-cr-1777,Male Tricolor Extreme Harlequin Crested Gecko Cr-1777,849.99,399.99,52.9
2026-08-19T06:47:36.303043+00:00,Pangea Reptile,pangea-reptile:female-white-wall-crested-gecko-cr-1770,Female White Wall Crested Gecko Cr-1770,599.99,99.99,83.3
2026-08-19T06:47:36.303043+00:00,Pangea Reptile,pangea-reptile:male-black-phantom-crested-gecko-cr-1769,Male Black Phantom Crested Gecko Cr-1769,649.99,124.99,80.8
2026-08-19T06:47:36.303043+00:00,Pangea Reptile,pangea-reptile:male-harlequin-crested-gecko-cr-1712,Male White Wall Crested Gecko Cr-1712,549.99,199.99,63.6
2026-08-19T06:47:36.303043+00:00,Pangea Reptile,pangea-reptile:male-harlequin-crested-gecko-cr-1767,Male Harlequin Crested Gecko Cr-1767,249.99,99.99,60.0
2026-08-19T06:47:36.303043+00:00,Pangea Reptile,pangea-reptile:male-extreme-harlequin-crested-gecko-cr-1766,Male Extreme Harlequin Crested Gecko Cr-1766,474.99,274.99,42.1
2026-08-19T06:47:36.303043+00:00,Pangea Reptile,pangea-reptile:male-extreme-harlequin-crested-gecko-cr-1764,Male Extreme Harlequin Crested Gecko Cr-1764,274.99,149.99,45.5
2026-08-19T06:47:36.303043+00:00,Pangea Reptile,pangea-reptile:male-extreme-harlequin-crested-gecko-cr-1761,Male Harlequin Crested Gecko Cr-1761,199.99,124.99,37.5
2026-08-19T06:47:36.303043+00:00,Pangea Reptile,pangea-reptile:male-extreme-harlequin-crested-gecko-cr-1759,Male Extreme Harlequin Crested Gecko Cr-1759,249.99,74.99,70.0
2026-08-19T06:47:36.303043+00:00,Pangea Reptile,pangea-reptile:male-extreme-harlequin-crested-gecko-cr-1756,Male Extreme Harlequin Crested Gecko Cr-1756,574.99,274.99,52.2
2026-08-19T06:47:36.303043+00:00,Pangea Reptile,pangea-reptile:male-extreme-tricolor-crested-gecko-cr-1747,Male Tricolor Extreme Harlequin Crested Gecko Cr-1747,349.99,99.99,71.4
2026-08-19T06:47:36.303043+00:00,Pangea Reptile,pangea-reptile:male-tiger-crested-gecko-cr-1739,Male Brindle Crested Gecko Cr-1739,249.99,74.99,70.0
2026-08-19T06:47:36.303043+00:00,Pangea Reptile,pangea-reptile:male-quadstripe-crested-gecko-cr-1735,Male Quadstripe Crested Gecko Cr-1735,399.99,99.99,75.0
2026-08-19T06:47:36.303043+00:00,Pangea Reptile,pangea-reptile:male-quadstripe-crested-gecko-cr-1736,Male Quadstripe Crested Gecko Cr-1736,399.99,99.99,75.0
2026-08-19T06:47:36.303043+00:00,Pangea Reptile,pangea-reptile:male-extreme-harlequin-crested-gecko-cr-1733,Male Extreme Harlequin Crested Gecko Cr-1733,399.99,149.99,62.5
2026-08-19T06:47:36.303043+00:00,Pangea Reptile,pangea-reptile:male-solid-back-harlequin-crested-gecko-cr-1732,Male Solid Back Harlequin Crested Gecko Cr-1732,249.99,99.99,60.0
2026-08-19T06:47:36.303043+00:00,Pangea Reptile,pangea-reptile:male-pinstripe-crested-gecko-cr-1728,Male Pinstripe Crested Gecko Cr-1728,299.99,99.99,66.7
2026-08-19T06:47:36.303043+00:00,Pangea Reptile,pangea-reptile:male-extreme-harlequin-crested-gecko-cr-1726,Male Extreme Harlequin Crested Gecko Cr-1726,449.99,174.99,61.1
2026-08-19T06:47:36.303043+00:00,Pangea Reptile,pangea-reptile:male-extreme-harlequin-crested-gecko-cr-1725,Male Extreme Harlequin Crested Gecko Cr-1725,399.99,149.99,62.5
2026-08-19T06:47:36.303043+00:00,Pangea Reptile,pangea-reptile:male-solid-back-harlequin-crested-gecko-cr-1724,Male Solid Back Harlequin Crested Gecko Cr-1724,649.99,99.99,84.6
2026-08-19T06:47:36.303043+00:00,Pangea Reptile,pangea-reptile:male-tricolor-extreme-crested-gecko-cr-1721,Male Tricolor Extreme Harlequin Crested Gecko Cr-1721,649.99,124.99,80.8
2026-08-19T06:47:36.303043+00:00,Pangea Reptile,pangea-reptile:male-extreme-crested-gecko-cr-1717,Male Extreme Harlequin Crested Gecko Cr-1717,749.99,299.99,60.0
2026-08-19T06:47:36.303043+00:00,Pangea Reptile,pangea-reptile:male-pinstripe-crested-gecko-cr-1715,Male Pinstripe Crested Gecko Cr-1715,374.99,124.99,66.7
2026-08-19T06:47:36.303043+00:00,Pangea Reptile,pangea-reptile:male-tricolor-extreme-crested-gecko-cr-1711,Male Tricolor Extreme Harlequin Crested Gecko Cr-1711,499.99,149.99,70.0
2026-08-19T06:47:36.303043+00:00,Pangea Reptile,pangea-reptile:female-pinstripe-harlequin-crested-gecko-cr-1710,Female Pinstripe Harlequin Crested Gecko Cr-1710,449.99,99.99,77.8
2026-08-19T06:47:36.303043+00:00,Pangea Reptile,pangea-reptile:male-extreme-harlequin-crested-gecko-cr-1706,Male Extreme Harlequin Crested Gecko Cr-1706,799.99,299.99,62.5
2026-08-19T06:47:36.303043+00:00,Pangea Reptile,pangea-reptile:male-pinstripe-crested-gecko-cr-1704,Male Pinstripe Crested Gecko Cr-1704,449.99,149.99,66.7
2026-08-19T06:47:36.303043+00:00,Pangea Reptile,pangea-reptile:male-harlequin-dalmatian-crested-gecko-cr-1703,Male Harlequin Dalmatian Crested Gecko Cr-1703,149.99,74.99,50.0
2026-08-19T06:47:36.303043+00:00,Pangea Reptile,pangea-reptile:male-tricolor-extreme-crested-gecko-cr-1698,Male Tricolor Extreme Harlequin Crested Gecko Cr-1698,599.99,299.99,50.0
2026-08-19T06:47:36.303043+00:00,Pangea Reptile,pangea-reptile:male-pinstripe-crested-gecko-cr-1697,Male Quadstripe Crested Gecko Cr-1697,399.99,99.99,75.0
2026-08-19T06:47:36.303043+00:00,Pangea Reptile,pangea-reptile:male-extreme-crested-gecko-cr-1696,Male Tricolor Extreme Harlequin Crested Gecko Cr-1696,399.99,124.99,68.8
2026-08-19T06:47:36.303043+00:00,Pangea Reptile,pangea-reptile:male-harlequin-crested-gecko-cr-1693,Male Harlequin Crested Gecko Cr-1693,249.99,74.99,70.0
2026-08-19T06:47:36.303043+00:00,Pangea Reptile,pangea-reptile:male-extreme-harlequin-crested-gecko-cr-1692,Male Extreme Harlequin Crested Gecko Cr-1692,549.99,174.99,68.2
2026-08-19T06:47:36.303043+00:00,Pangea Reptile,pangea-reptile:male-extreme-harlequin-crested-gecko-cr-1686,Male Extreme Harlequin Crested Gecko Cr-1686,499.99,174.99,65.0
2026-08-19T06:47:36.303043+00:00,Pangea Reptile,pangea-reptile:male-pinstripe-crested-gecko-cr-1684,Male Pinstripe Crested Gecko Cr-1684,399.99,124.99,68.8
2026-08-19T06:47:36.303043+00:00,Pangea Reptile,pangea-reptile:male-lavender-quadstripe-crested-gecko-cr-1683,Male Quadstripe Crested Gecko Cr-1683,449.99,74.99,83.3
2026-08-19T06:47:36.303043+00:00,Pangea Reptile,pangea-reptile:male-extreme-harlequin-crested-gecko-cr-1681,Male Extreme Harlequin Crested Gecko Cr-1681,799.99,249.99,68.8
2026-08-19T06:47:36.303043+00:00,Pangea Reptile,pangea-reptile:female-pinstripe-crested-gecko-cr-1680,Female Pinstripe Crested Gecko Cr-1680,499.99,124.99,75.0
2026-08-19T06:47:36.303043+00:00,Pangea Reptile,pangea-reptile:male-tricolor-extreme-crested-gecko-cr-1678,Male Tricolor Extreme Harlequin Crested Gecko Cr-1678,599.99,174.99,70.8
2026-08-19T06:47:36.303043+00:00,Pangea Reptile,pangea-reptile:male-red-extreme-harlequin-crested-gecko-cr-1670,Male Red Extreme Harlequin Crested Gecko Cr-1670,999.99,199.99,80.0
2026-08-19T06:47:36.303043+00:00,Pangea Reptile,pangea-reptile:male-red-extreme-harlequin-crested-gecko-cr-1664,Male White Wall Crested Gecko Cr-1664,499.99,174.99,65.0
2026-08-19T06:47:36.303043+00:00,Pangea Reptile,pangea-reptile:male-extreme-harlequin-crested-gecko-cr-1673,Male Extreme Harlequin Crested Gecko Cr-1673,699.99,274.99,60.7
2026-08-19T06:47:36.303043+00:00,Pangea Reptile,pangea-reptile:male-extreme-harlequin-crested-gecko-cr-1671,Male Extreme Harlequin Crested Gecko Cr-1671,299.99,149.99,50.0
2026-08-19T06:47:36.303043+00:00,Pangea Reptile,pangea-reptile:male-extreme-harlequin-crested-gecko-cr-1665,Male Extreme Harlequin Crested Gecko Cr-1665,349.99,149.99,57.1
2026-08-19T06:47:36.303043+00:00,Pangea Reptile,pangea-reptile:female-harlequin-crested-gecko-cr-1662,Female Harlequin Crested Gecko Cr-1662,499.99,199.99,60.0
2026-08-19T06:47:36.303043+00:00,Pangea Reptile,pangea-reptile:male-extreme-crested-gecko-cr-1658,Male Extreme Harlequin Crested Gecko Cr-1658,849.99,299.99,64.7
2026-08-19T06:47:36.303043+00:00,Pangea Reptile,pangea-reptile:female-extreme-harlequin-crested-gecko-cr-1657,Female Extreme Harlequin Crested Gecko Cr-1657,499.99,199.99,60.0
2026-08-19T06:47:36.303043+00:00,Pangea Reptile,pangea-reptile:female-pinstripe-crested-gecko-cr-1656,Female Pinstripe Crested Gecko Cr-1656,399.99,174.99,56.3
2026-08-19T06:47:36.303043+00:00,Pangea Reptile,pangea-reptile:male-harlequin-crested-gecko-cr-1655,Male Harlequin Crested Gecko Cr-1655,299.99,124.99,58.3
2026-08-19T06:47:36.303043+00:00,Pangea Reptile,pangea-reptile:male-harlequin-crested-gecko-cr-1651,Male Tricolor Harlequin Crested Gecko Cr-1651,349.99,149.99,57.1
2026-08-19T06:47:36.303043+00:00,Pangea Reptile,pangea-reptile:male-pinstripe-crested-gecko-cr-1647,Male Pinstripe Crested Gecko Cr-1647,349.99,124.99,64.3
2026-08-19T06:47:36.303043+00:00,Pangea Reptile,pangea-reptile:male-red-phantom-dalmatian-crested-gecko-cr-1646,Male Red Phantom Dalmatian Crested Gecko Cr-1646,349.99,124.99,64.3
2026-08-19T06:47:36.303043+00:00,Pangea Reptile,pangea-reptile:male-extreme-harlequin-crested-gecko-cr-1645,Male Extreme Harlequin Crested Gecko Cr-1645,399.99,224.99,43.8
2026-08-19T06:47:36.303043+00:00,Pangea Reptile,pangea-reptile:male-harlequin-crested-gecko-cr-1644,Male Tricolor Extreme Harlequin Crested Gecko Cr-1644,349.99,299.99,14.3
2026-08-19T06:47:36.303043+00:00,Grow Organic,grow-organic:willamette-raspberry,Raspberry - Willamette,24.99,34.99,40.0
2026-08-19T06:47:36.303043+00:00,Dubi Deli,dubi-deli:exo-terra-primate-skull,Exo Terra Primate Skull,15.99,24.99,56.3
2026-08-19T06:47:36.303043+00:00,Dubi Deli,dubi-deli:exo-terra-crocodile-skull,Exo Terra Crocodile Skull,14.99,24.99,66.7
2026-08-19T06:47:36.303043+00:00,AntGear,antgear:harvester-kit,Harvester Ant Colony Kit,144.99,74.99,48.3
2026-08-19T06:47:36.303043+00:00,AntGear,antgear:pogonomyrmex-rugosus,Rough Harvester Ant (Pogonomyrmex rugosus),34.99,44.99,28.6
2026-08-23T06:43:23.503947+00:00,PanTerra Pets,panterra-pets:praying-mantis-habitat-starter-kit,Praying Mantis Habitat Starter Kit,18.99,19.99,5.3
2026-08-23T06:43:23.503947+00:00,The Defiant Forest,the-defiant-forest:captive-bred-sulawesi-side-spotted-millipedes-marigold-yellow,Captive Bred Sulawesi Side Spotted Millipedes | Marigold Yellow,65.0,58.0,10.8
2026-08-23T06:43:23.503947+00:00,The Defiant Forest,the-defiant-forest:giant-sunfire-millipede-undescribed-sp-indonesia,Giant Sunfire Millipede for Sale | Indonesian Diplopoda Species,50.0,79.0,58.0
2026-08-23T06:43:23.503947+00:00,The Defiant Forest,the-defiant-forest:bi-color-avatar-millipedes-spirotreptida-sp-red-yellow-legs,"Captive Bred Bi-Color Avatar Millipedes, Salpidobolus sp. | Bright Yellow Legs & Antennae",65.0,58.0,10.8
2026-08-23T06:43:23.503947+00:00,The Defiant Forest,the-defiant-forest:golden-giant-banded-millipede-undescribed-species,"Captive Bred Giant Porcelain Tiger Millipedes, Diplopoda sp.",65.0,58.0,10.8
2026-08-23T06:43:23.503947+00:00,The Defiant Forest,the-defiant-forest:thai-giant-orange-millipede-diplopoda-sp,"Captive Bred Giant Thai Orange Millipede, Thyropygus sp. Ban Chak Ngaeo",65.0,58.0,10.8
2026-08-23T06:43:23.503947+00:00,The Defiant Forest,the-defiant-forest:cappuccino-isopod-cubaris-sp,"Cappuccino Isopod, Cubaris Sp.",30.0,24.0,20.0
2026-08-23T06:43:23.503947+00:00,Exotics Unlimited,exotics-unlimited:avicularia-sp-metallica-metallic-pink-toe-tarantula-1-1-5,"Avicularia sp. 'Metallica' M6 (Metallic Pink Toe Tarantula) 1.25-1.5""",60.0,75.0,25.0
2026-08-23T06:43:23.503947+00:00,DubiaRoaches.com,dubiaroaches:dubia-roaches-medium-500ct-auction-34,Dubia Roaches Medium 500ct Auction,41.0,1.0,97.6
2026-08-23T06:43:23.503947+00:00,DubiaRoaches.com,dubiaroaches:medium-mealworm-1-000ct-auction,"Medium Mealworm 1,000ct Auction",12.0,11.0,8.3
2026-08-23T06:43:23.503947+00:00,DubiaRoaches.com,dubiaroaches:medium-discoid-roaches-500ct-auction-4,Medium Discoid Roaches 500ct Auction,28.0,42.0,50.0
2026-08-23T06:43:23.503947+00:00,DubiaRoaches.com,dubiaroaches:18x18x24-33-gallon-arboreal-reptile-enclosure-v3-auction-5,18x18x24 (33 Gallon) Arboreal Reptile Enclosure V3 Auction,170.0,120.0,29.4
2026-08-23T06:43:23.503947+00:00,DubiaRoaches.com,dubiaroaches:large-hornworm-12ct-case-of-6-auction-9,Large Hornworm 12ct (Case Of 6) Auction,20.0,36.0,80.0
2026-08-23T06:43:23.503947+00:00,DubiaRoaches.com,dubiaroaches:80w-heat-panel-reptile-habitat-auction-10,80w Heat Panel Reptile Habitat Auction,105.0,52.0,50.5
2026-08-23T06:43:23.503947+00:00,Symton Black Soldier Fly,symton-bsf:symton-insect-flight,Insect Flight,40.0,30.0,25.0
2026-08-23T06:43:23.503947+00:00,Fear Not Tarantulas,fear-not-tarantulas:pterinopelma-sazimai-iridescent-blue-tarantula-for-sale,"Lasiocyano sazimai  (Iridescent Blue Tarantula) about 1/4"" - 1/3""",42.0,35.0,16.7
2026-08-23T06:43:23.503947+00:00,Exotics Source,exotics-source:regal-jumping-spider-willow,Regal Jumping Spider “Willow”,95.0,75.0,21.1
2026-08-23T06:43:23.503947+00:00,Exotics Source,exotics-source:regal-jumping-spider-riot,Regal Jumping Spider “Riot”,95.0,75.0,21.1
2026-08-23T06:43:23.503947+00:00,Exotics Source,exotics-source:regal-jumping-spider-solstice,Regal Jumping Spider “Solstice”,75.0,95.0,26.7
2026-08-23T06:43:23.503947+00:00,Exotics Source,exotics-source:regal-jumping-spider-vixen,Regal Jumping Spider “Vixen”,95.0,75.0,21.1
2026-08-23T06:43:23.503947+00:00,Exotics Source,exotics-source:regal-jumping-spider-hex,"Regal Jumping Spider ""Hex""",75.0,95.0,26.7
2026-08-23T06:43:23.503947+00:00,Exotics Source,exotics-source:regal-jumping-spider-bean-for-sale,"Regal Jumping Spider ""Bean""",95.0,75.0,21.1
2026-08-23T06:43:23.503947+00:00,Exotics Source,exotics-source:regal-jumping-spider-cinnasnug,"Regal Jumping Spider ""Cinnasnug""",125.0,75.0,40.0
2026-08-23T06:43:23.503947+00:00,Exotics Source,exotics-source:regal-jumping-spider-snugglebug,"Regal Jumping Spider ""Snugglebug""",75.0,95.0,26.7
2026-08-23T06:43:23.503947+00:00,Exotics Source,exotics-source:regal-jumping-spider-purple,Regal Jumping Spider “Purple”,95.0,75.0,21.1
2026-08-23T06:43:23.503947+00:00,Exotics Source,exotics-source:regal-jumping-spider-comet,"Regal Jumping Spider ""Comet""",75.0,95.0,26.7
2026-08-23T06:43:23.503947+00:00,Exotics Source,exotics-source:regal-jumping-spider-crystal,"Regal Jumping Spider ""Crystal”",95.0,75.0,21.1
2026-08-23T06:43:23.503947+00:00,Exotics Source,exotics-source:regal-jumping-spider-primrose,Regal Jumping Spider “Primrose”,75.0,95.0,26.7
2026-08-23T06:43:23.503947+00:00,Exotics Source,exotics-source:regal-jumping-spider-sprite,Regal Jumping Spider “Sprite”,75.0,95.0,26.7
2026-08-23T06:43:23.503947+00:00,Exotics Source,exotics-source:custom-order,Custom Order,60.0,165.0,175.0
2026-08-23T06:43:23.503947+00:00,Exotics Source,exotics-source:regal-jumping-spider-dream,"Regal Jumping Spider ""Dream""",75.0,95.0,26.7
2026-08-23T06:43:23.503947+00:00,Exotics Source,exotics-source:regal-jumping-spider-kelp,"Regal Jumping Spider ""Kelp""",95.0,75.0,21.1
2026-08-23T06:43:23.503947+00:00,Exotics Source,exotics-source:copy-of-regal-jumping-spider-keylime,"Regal Jumping Spider ""Keylime""",95.0,75.0,21.1
2026-08-23T06:43:23.503947+00:00,Exotics Source,exotics-source:regal-jumping-spider-pepper,"Regal Jumping Spider ""Pepper""",75.0,65.0,13.3
2026-08-23T06:43:23.503947+00:00,Exotics Source,exotics-source:regal-jumping-spider-amethyst-for-sale,"Regal Jumping Spider ""Amethyst""",95.0,75.0,21.1
2026-08-23T06:43:23.503947+00:00,Exotics Source,exotics-source:regal-jumping-spider-skittles,"Regal Jumping Spider ""Skittles""",75.0,95.0,26.7
2026-08-23T06:43:23.503947+00:00,Exotics Source,exotics-source:regal-jumping-spider-vampire,"Regal Jumping Spider ""Vampire""",95.0,75.0,21.1
2026-08-23T06:43:23.503947+00:00,Spider Shoppe,spider-shoppe:vancouver-pick-up-cyriocosmus-elegans-trinidad-dwarf,[Vancouver Pick-up] Cyriocosmus elegans (Trinidad Dwarf),24.0,48.0,100.0
2026-08-23T06:43:23.503947+00:00,Spider Shoppe,spider-shoppe:abdomegaphobema-mesomelas-costa-rican-red-leg-1-5,Abdomegaphobema mesomelas (Costa Rican Red Leg),198.0,224.0,13.1
2026-08-23T06:43:23.503947+00:00,US Invertebrate LLC,us-invertebrate:isopod-built-kit,Isopod Colony Kit,60.0,68.0,13.3
2026-08-23T06:43:23.503947+00:00,Best Bee Brothers,best-bee-brothers:combo-2-2-ultimate-pro-carpenter-bee-traps-with-bee-vault-and-1-bee-licious-bee-bait-copy,COMBO #2 - 2 Ultimate Pro Carpenter Bee Traps with Bee Vault and 1 Bee-Licious Bee Bait,88.0,87.0,1.1
2026-08-23T06:43:23.503947+00:00,Best Bee Brothers,best-bee-brothers:combo-1-1-ultimate-pro-carpenter-bee-trap-with-bee-vault-and-1-bee-licious-bee-bait-copy,COMBO #1 - 1 Ultimate Pro Carpenter Bee Trap with Bee Vault and 1 Bee-Licious Bee Bait,60.0,59.0,1.7
2026-08-23T06:43:23.503947+00:00,Best Bee Brothers,best-bee-brothers:wasp-deterrent-hives-copy,Wasp Deterrent Hives,15.0,14.0,6.7
2026-08-23T06:43:23.503947+00:00,Best Bee Brothers,best-bee-brothers:lemon-tea-tree-calm-balm-stick-copy,Lemon + Tea Tree Calm Balm Stick,22.0,21.0,4.5
2026-08-23T06:43:23.503947+00:00,Best Bee Brothers,best-bee-brothers:mosquito-repellent-body-mist-and-lotion-2oz-4oz-combo-copy,"Mosquito Repellent – Body Mist and Lotion, 2oz + 4oz Combo",29.0,28.0,3.4
2026-08-23T06:43:23.503947+00:00,Best Bee Brothers,best-bee-brothers:soothe-shield-mosquito-repellent-body-lotion-4oz-copy,"Soothe + Shield Mosquito Repellent – Body Lotion, 4oz",22.0,21.0,4.5
2026-08-23T06:43:23.503947+00:00,Best Bee Brothers,best-bee-brothers:shake-shield-no-see-ums-repellent-body-mist-combo-copy-1,Shake + Shield No-See-Ums Repellent – Body Mist - Combo,36.0,35.0,2.8
2026-08-23T06:43:23.503947+00:00,Best Bee Brothers,best-bee-brothers:no-see-ums-repellent-body-mist-and-lotion-2oz-4oz-combo-copy,"No-See-Ums Repellent – Body Mist and Lotion, 2oz + 4oz Combo",29.0,28.0,3.4
2026-08-23T06:43:23.503947+00:00,Best Bee Brothers,best-bee-brothers:soothe-shield-no-see-ums-repellent-body-lotion-4oz-copy,"Soothe + Shield No-See-Ums Repellent – Body Lotion, 4oz",22.0,21.0,4.5
2026-08-23T06:43:23.503947+00:00,Best Bee Brothers,best-bee-brothers:wasp-deterrent-hive-citrus-carpenter-bee-spray-kit-for-yard-garden-6-pcs,Wasp Deterrent Hive & Citrus Carpenter Bee Spray Kit for Yard & Garden (6 pcs),39.0,38.0,2.6
2026-08-23T06:43:23.503947+00:00,Best Bee Brothers,best-bee-brothers:best-bee-brothers-wasp-deterrent-hive-citrus-carpenter-bee-spray-kit-outdoor-pest-control-3-pcs,Wasp Deterrent Hive & Citrus Carpenter Bee Spray Kit Outdoor Pest Control (3 pcs),39.0,38.0,2.6
2026-08-23T06:43:23.503947+00:00,Best Bee Brothers,best-bee-brothers:ultimate-pro-pink-roof-carpenter-bee-trap-repair-kit-replacement-parts-4-pcs,Ultimate Pro Pink Roof Carpenter Bee Trap & Repair Kit (4 pcs),113.0,112.0,0.9
2026-08-23T06:43:23.503947+00:00,Best Bee Brothers,best-bee-brothers:ultimate-pro-white-roof-carpenter-bee-trap-repair-kit-replacement-parts-4-pcs,Ultimate Pro White Roof Carpenter Bee Trap & Repair Kit (4 pcs),113.0,112.0,0.9
2026-08-23T06:43:23.503947+00:00,Best Bee Brothers,best-bee-brothers:ultimate-pro-brown-roof-carpenter-bee-trap-repair-kit-replacement-parts-4-pcs,Ultimate Pro Brown Roof Carpenter Bee Trap & Repair Kit (4 pcs),113.0,112.0,0.9
2026-08-23T06:43:23.503947+00:00,Best Bee Brothers,best-bee-brothers:best-bee-brothers-ultimate-pro-black-roof-carpenter-bee-trap-repair-kit-replacement-parts-4-pcs,Ultimate Pro Black Roof Carpenter Bee Trap & Repair Kit (4 pcs),113.0,112.0,0.9
2026-08-23T06:43:23.503947+00:00,Best Bee Brothers,best-bee-brothers:ultimate-pro-carpenter-bee-trap-repair-kit-replacement-parts-for-outdoor-use-4-pcs,Ultimate Pro Carpenter Bee Trap & Repair Kit (4 pcs),105.0,104.0,1.0
2026-08-23T06:43:23.503947+00:00,Best Bee Brothers,best-bee-brothers:ultimate-pro-carpenter-bee-trap-wasp-deterrent-hive-combo-kit-for-yard-patio-7-pcs,Ultimate Pro Carpenter Bee Trap & Wasp Deterrent Hive Combo Kit for Yard & Patio (7 pcs),109.0,108.0,0.9
2026-08-23T06:43:23.503947+00:00,Best Bee Brothers,best-bee-brothers:ultimate-pro-carpenter-bee-trap-wasp-deterrent-hive-combo-kit-outdoor-pest-control-5-pcs,Ultimate Pro Carpenter Bee Trap & Wasp Deterrent Hive Combo Kit Outdoor Pest Control (5 pcs),98.0,97.0,1.0
2026-08-23T06:43:23.503947+00:00,Best Bee Brothers,best-bee-brothers:bed-bug-no-see-um-repellent-dorm-room-essentials-adventure-kit-copy,"Shake & Shield Bed Bug & No-See-Um Repellent - Dorm Room Essentials, Adventure Kit (6 pcs)",112.0,111.0,0.9
2026-08-23T06:43:23.503947+00:00,Best Bee Brothers,best-bee-brothers:carpenter-bee-repellent-8oz,Carpenter Bee Repellent 8oz,43.0,42.0,2.3
2026-08-23T06:43:23.503947+00:00,Best Bee Brothers,best-bee-brothers:zap-2-in-1-insect-zap-racket-trap-1,ZAP! 2-in-1 Insect Zap Racket + Trap,36.0,35.0,2.8
2026-08-23T06:43:23.503947+00:00,Best Bee Brothers,best-bee-brothers:bed-bug-mosquito-repellent-dorm-room-essentials-adventure-kit,"Shake & Shield Bed Bug & Mosquito Repellent - Dorm Room Essentials, Adventure Kit (6 pcs)",112.0,111.0,0.9
2026-08-23T06:43:23.503947+00:00,Best Bee Brothers,best-bee-brothers:everyday-adventure-band,Everyday Adventure Bands - Personal Essential Oil Diffuser,15.0,14.0,6.7
2026-08-23T06:43:23.503947+00:00,Best Bee Brothers,best-bee-brothers:glass-wasp-trap-and-deterrent-hive-2-hives-for-wasps-and-yellow-jackets,Glass Wasp Trap and Deterrent Hive (2 Hives) for Wasps and Yellow Jackets,29.0,28.0,3.4
2026-08-23T06:43:23.503947+00:00,Best Bee Brothers,best-bee-brothers:sleep-shield-calming-room-linen-mist-natural-oil-blend-with-peppermint-cedarwood-rosemary-combo-pack,"Sleep & Shield Calming Room + Linen Mist - Natural Oil Blend with Peppermint, Cedarwood & Rosemary - 8oz + 2oz Combo Pack",36.0,35.0,2.8
2026-08-23T06:43:23.503947+00:00,Best Bee Brothers,best-bee-brothers:the-firecracker-adventure-kit,"Shake & Shield Mosquito Repellent, Summer Survival Adventure Kit (6 pcs)",85.0,84.0,1.2
2026-08-23T06:43:23.503947+00:00,Best Bee Brothers,best-bee-brothers:mosquito-repellent-2oz-tsa-approved-8oz-family-size-bundle,"Mosquito Repellent, 2oz TSA-Approved + 8oz Family Size - Combo Pack",36.0,35.0,2.8
2026-08-23T06:43:23.503947+00:00,Best Bee Brothers,best-bee-brothers:ultimate-pro-black-roof-carpenter-bee-trap-with-bee-vault-and-extra-large-external-receptacle,"Ultimate Pro with Color Roof, Carpenter Bee Trap with Bee Vault and Extra Large External Receptacle",43.0,42.0,2.3
2026-08-23T06:43:23.503947+00:00,Best Bee Brothers,best-bee-brothers:carpenter-bee-control-kit,Carpenter Bee Control Kit,136.0,135.0,0.7
2026-08-23T06:43:23.503947+00:00,Best Bee Brothers,best-bee-brothers:the-jet-setter-adventure-kit,Shake & Shield Bed Bug and No-See-Um Repellent - The Jet-Setter Adventure Kit (9 pcs),170.0,168.0,1.2
2026-08-23T06:43:23.503947+00:00,Best Bee Brothers,best-bee-brothers:the-weekender-adventure-kit,Shake & Shield Bed Bug and No-See-Um Repellent - The Weekender Adventure Kit (7 pcs),119.0,118.0,0.8
2026-08-23T06:43:23.503947+00:00,Best Bee Brothers,best-bee-brothers:the-overnighter-adventure-kit,Shake & Shield Bed Bug and No-See-Um Repellent - The Overnighter Adventure Kit (5 pcs),67.0,66.0,1.5
2026-08-23T06:43:23.503947+00:00,Best Bee Brothers,best-bee-brothers:carpenter-bee-turbo-trap-happy-house-natural,Carpenter Bee Turbo Trap Happy House with Bee Vault - Natural Roof,43.0,42.0,2.3
2026-08-23T06:43:23.503947+00:00,Best Bee Brothers,best-bee-brothers:carpenter-bee-turbo-trap-happy-house-black,Carpenter Bee Turbo Trap Happy House with Bee Vault - Black Roof,43.0,42.0,2.3
2026-08-23T06:43:23.503947+00:00,Best Bee Brothers,best-bee-brothers:carpenter-bee-turbo-trap-white,Carpenter Bee Turbo Trap 2.0 with Bee Vault - White Roof,43.0,42.0,2.3
2026-08-23T06:43:23.503947+00:00,Best Bee Brothers,best-bee-brothers:carpenter-bee-turbo-trap-brown,Carpenter Bee Turbo Trap 2.0 with Bee Vault - Brown Roof,43.0,42.0,2.3
2026-08-23T06:43:23.503947+00:00,Best Bee Brothers,best-bee-brothers:carpenter-bee-turbo-trap-black,Carpenter Bee Turbo Trap 2.0 with Bee Vault - Black Roof,43.0,42.0,2.3
2026-08-23T06:43:23.503947+00:00,Best Bee Brothers,best-bee-brothers:rainforest-canopy-after-adventure-lotion-with-eucalyptus-and-copaiba,Rainforest Canopy After Adventure Lotion with Eucalyptus + Copaiba,29.0,28.0,3.4
2026-08-23T06:43:23.503947+00:00,Best Bee Brothers,best-bee-brothers:deep-ocean-after-adventure-lotion-with-palmarosa-sandalwood,Deep Ocean After Adventure Lotion with Palmarosa + Sandalwood,29.0,28.0,3.4
2026-08-23T06:43:23.503947+00:00,Best Bee Brothers,best-bee-brothers:carpenter-bee-turbo-trap-happy-house,Carpenter Bee Turbo Trap Happy House with Bee Vault,43.0,42.0,2.3
2026-08-23T06:43:23.503947+00:00,Best Bee Brothers,best-bee-brothers:carpenter-bee-turbo-trap-designer-gift-box,Carpenter Bee Turbo Trap 2.0 with Bee Vault Colored Roofs Gift Box,113.0,112.0,0.9
2026-08-23T06:43:23.503947+00:00,Best Bee Brothers,best-bee-brothers:pine-turbo-trap,Carpenter Bee Pine Turbo Trap with Bee Vault,43.0,42.0,2.3
2026-08-23T06:43:23.503947+00:00,Best Bee Brothers,best-bee-brothers:shake-shield-combo-bed-bug-repellent,Shake + Shield Bed Bug Repellent – Room & Linen Spray - Combo Pack,36.0,35.0,2.8
2026-08-23T06:43:23.503947+00:00,Best Bee Brothers,best-bee-brothers:carpenter-bee-turbo-trap-gift-box,Carpenter Bee Turbo Trap 2.0 with Bee Vault Gift Box,113.0,112.0,0.9
2026-08-23T06:43:23.503947+00:00,Best Bee Brothers,best-bee-brothers:hanging-carved-face-bee-lodge,Hanging Carved Face Bee Lodge,50.0,49.0,2.0
2026-08-23T06:43:23.503947+00:00,Best Bee Brothers,best-bee-brothers:hanging-carved-bee-lodge,Hanging Carved Bee Lodge,43.0,42.0,2.3
2026-08-23T06:43:23.503947+00:00,Best Bee Brothers,best-bee-brothers:slanted-roof-mason-bee-home,Slanted Roof Mason Bee Home,36.0,35.0,2.8
2026-08-23T06:43:23.503947+00:00,Best Bee Brothers,best-bee-brothers:bee-licious-bee-bait,Carpenter Bee Licious Bait,22.0,21.0,4.5
2026-08-23T06:43:23.503947+00:00,Best Bee Brothers,best-bee-brothers:mosquito-zap-trap,Mosquito Zap Trap,29.0,28.0,3.4
2026-08-23T06:43:23.503947+00:00,Best Bee Brothers,best-bee-brothers:mosquito-repelling-incense-sticks,Lemongrass + Rosemary Incense Sticks for Mosquitoes,15.0,14.0,6.7
2026-08-23T06:43:23.503947+00:00,Best Bee Brothers,best-bee-brothers:citrus-spray-natural-carpenter-bee-repellant,Citrus Carpenter Bee Repellent Spray,15.0,14.0,6.7
2026-08-23T06:43:23.503947+00:00,Micro Wilderness,micro-wilderness:heteroscodra-maculata-unsexed-togo-starburst-baboon,Heteroscodra maculata-unsexed- Togo Starburst Baboon,75.0,64.99,13.3
2026-08-23T06:43:23.503947+00:00,Micro Wilderness,micro-wilderness:grammostola-pulchripes-chaco-golden-knee-female,Grammostola Pulchripes- Chaco Golden Knee- Female,149.99,174.99,16.7
2026-08-23T06:43:23.503947+00:00,Micro Wilderness,micro-wilderness:aphonopelma-vorhiesi-madrean-red-rump-tarantula-male-tucson-bronze,Aphonopelma vorhiesi (Madrean Red Rump Tarantula) - Male- Friday the 13th Tarantula,59.99,89.99,50.0
2026-08-23T06:43:23.503947+00:00,Buddha Bugs,buddha-bugs:tarantula-cribs-tarantula-cube-3,"Tarantula Cribs tarantula cube 3""x 3""x 3"" LOCAL PICKUP ONLY",22.0,25.0,13.6
2026-08-23T06:43:23.503947+00:00,Buddha Bugs,buddha-bugs:ceratogyrus-sanderi-namibian-horned-baboon-for-sale,"Ceratogyrus sanderi (Namibian horned baboon tarantula) 0.75""",25.0,40.0,60.0
2026-08-23T06:43:23.503947+00:00,Big Apple Herp,big-apple-herp:nosy-be-panther-actual-photo,Nosy Be Panther,279.0,209.95,24.7
2026-08-23T06:43:23.503947+00:00,Big Apple Herp,big-apple-herp:adult-ball-pythons-for-sale,Adult Ball Pythons,289.95,259.95,10.3
2026-08-23T06:43:23.503947+00:00,Big Apple Herp,big-apple-herp:ambilobe-panther-chameleons,Ambilobe Panther Chameleons,149.95,129.95,13.3
2026-08-23T06:43:23.503947+00:00,Big Apple Herp,big-apple-herp:super-red-bearded-dragon-stock-bdf1,Super Red Bearded Dragons,164.95,129.95,21.2
2026-08-23T06:43:23.503947+00:00,Big Apple Herp,big-apple-herp:super-red-translucent-leather-bearded-dragons,Red Translucent Bearded Dragons,229.95,159.95,30.4
2026-08-23T06:43:23.503947+00:00,Big Apple Herp,big-apple-herp:chinese-cave-geckos,Chinese Cave Geckos,74.95,79.95,6.7
2026-08-23T06:43:23.503947+00:00,Big Apple Herp,big-apple-herp:ambanja-panther-chameleons,Madagascar Panther Chameleons,389.95,699.0,79.3
2026-08-23T06:43:23.503947+00:00,Big Apple Herp,big-apple-herp:emerald-tree-boas,Emerald Tree Boas,529.95,549.95,3.8
2026-08-23T06:43:23.503947+00:00,Big Apple Herp,big-apple-herp:central-american-wood-turtles,Wood Turtles,54.95,64.95,18.2
2026-08-23T06:43:23.503947+00:00,Big Apple Herp,big-apple-herp:citrus-bearded-bearded-dragons,Citrus Bearded Dragons,89.95,64.95,27.8
2026-08-23T06:43:23.503947+00:00,Coast2Coast Beetles,coast2coast-beetles:goliathus-goliatus-adult-male,86mm Goliathus Goliatus Adult Male,175.0,300.0,71.4
2026-08-23T06:43:23.503947+00:00,Coast2Coast Beetles,coast2coast-beetles:quick-sale-10x-propomacrus-bimucronatus-turkey-long-arm-beetle,Quick Sale 10x Propomacrus bimucronatus (Turkey Long Arm Beetle),40.0,150.0,275.0
2026-08-23T06:43:23.503947+00:00,Coast2Coast Beetles,coast2coast-beetles:propomacrus-bimucronatus-turkey-long-arm-beetle,Propomacrus bimucronatus (Turkey Long Arm Beetle),5.0,20.0,300.0
2026-08-23T06:43:23.503947+00:00,Coast2Coast Beetles,coast2coast-beetles:trypoxylus-dichotomus-tsunobosonu,Trypoxylus dichotomus tsunobosonu (Taiwan Rhino Beetle),15.0,19.99,33.3
2026-08-23T06:43:23.503947+00:00,Coast2Coast Beetles,coast2coast-beetles:dicronorrhina-derbyana-derbyana-5x-larva,Dicronorrhina derbyana derbyana (Derby Flower Beetle),4.99,8.99,80.2
2026-08-23T06:43:23.503947+00:00,Coast2Coast Beetles,coast2coast-beetles:cyclommatus-metallifer-l1-l2-larvae,Cyclommatus metallifer finae (Metallic Stag Beetle),10.0,20.0,100.0
2026-08-23T06:43:23.503947+00:00,The World of Isopods,the-world-of-isopods:fire-red-millipedes,Fire Red Millipedes,20.0,35.0,75.0
2026-08-23T06:43:23.503947+00:00,The World of Isopods,the-world-of-isopods:p-silverback-werneri-5-ct,P. Werneri Silverback,130.0,140.0,7.7
2026-08-23T06:43:23.503947+00:00,Pangea Reptile,pangea-reptile:male-reverse-quadstripe-crested-gecko-cr-2181,Male Reverse Pinstripe Crested Gecko Cr-2181,275.99,99.99,63.8
2026-08-23T06:43:23.503947+00:00,Pangea Reptile,pangea-reptile:male-flame-crested-gecko-cr-2323,Male Flame Crested Gecko Cr-2323,199.99,74.99,62.5
2026-08-23T06:43:23.503947+00:00,Pangea Reptile,pangea-reptile:male-extreme-harlequin-crested-gecko-cr-2118,Male White Wall Crested Gecko Cr-2118,399.99,99.99,75.0
2026-08-23T06:43:23.503947+00:00,Pangea Reptile,pangea-reptile:juvenile-frappuccino-crested-gecko-cr-2172,Male Frappuccino Crested Gecko Cr-2172,799.99,199.99,75.0
2026-08-23T06:43:23.503947+00:00,Pangea Reptile,pangea-reptile:male-tricolor-xxx-crested-gecko-cr-2299,Male Tricolor XXX Crested Gecko Cr-2299,499.99,174.99,65.0
2026-08-23T06:43:23.503947+00:00,Pangea Reptile,pangea-reptile:female-xxx-crested-gecko-cr-2277,Female XXX Crested Gecko Cr-2277,749.99,149.99,80.0
2026-08-23T06:43:23.503947+00:00,Pangea Reptile,pangea-reptile:male-tricolor-lilly-white-crested-gecko-cr-2259,Male Tricolor Lilly White Crested Gecko Cr-2259,1099.0,499.99,54.5
2026-08-23T06:43:23.503947+00:00,Pangea Reptile,pangea-reptile:male-super-dalmatian-crested-gecko-cr-2207,Male Super Dalmatian Crested Gecko Cr-2207,749.99,249.99,66.7
2026-08-23T06:43:23.503947+00:00,Pangea Reptile,pangea-reptile:juvenile-tricolor-lilly-white-crested-gecko-cr-2268,Male Tricolor Lilly White Crested Gecko Cr-2268,649.99,349.99,46.2
2026-08-23T06:43:23.503947+00:00,Pangea Reptile,pangea-reptile:juvenile-tricolor-lilly-white-crested-gecko-cr-2262,Male Tricolor Lilly White Crested Gecko Cr-2262,899.99,399.99,55.6
2026-08-23T06:43:23.503947+00:00,Pangea Reptile,pangea-reptile:juvenile-lilly-white-crested-gecko-cr-2260,Male Lilly White Crested Gecko Cr-2260,799.99,349.99,56.3
2026-08-23T06:43:23.503947+00:00,Pangea Reptile,pangea-reptile:male-harlequin-dalmatian-crested-gecko-cr-2080,Male Harlequin Dalmatian Crested Gecko Cr-2080,249.99,74.99,70.0
2026-08-23T06:43:23.503947+00:00,Pangea Reptile,pangea-reptile:male-tricolor-lilly-white-crested-gecko-cr-2258,Male Tricolor Lilly White Crested Gecko Cr-2258,1099.99,399.99,63.6
2026-08-23T06:43:23.503947+00:00,Pangea Reptile,pangea-reptile:male-extreme-harlequin-crested-gecko-cr-2104,Male Extreme Harlequin Crested Gecko Cr-2104,374.99,174.99,53.3
2026-08-23T06:43:23.503947+00:00,Pangea Reptile,pangea-reptile:male-dalmatian-crested-gecko-cr-2230,Male Dalmatian Crested Gecko Cr-2230,399.99,99.99,75.0
2026-08-23T06:43:23.503947+00:00,Pangea Reptile,pangea-reptile:female-tricolor-extreme-crested-gecko-cr-2347,Female Tricolor Extreme Harlequin Crested Gecko Cr-2347,999.99,199.99,80.0
2026-08-23T06:43:23.503947+00:00,Pangea Reptile,pangea-reptile:male-extreme-harlequin-crested-gecko-cr-2346,Male Extreme Harlequin Crested Gecko Cr-2346,399.99,199.99,50.0
2026-08-23T06:43:23.503947+00:00,Pangea Reptile,pangea-reptile:female-tricolor-extreme-crested-gecko-cr-2342,Female Tricolor Extreme Harlequin Crested Gecko Cr-2342,749.99,199.99,73.3
2026-08-23T06:43:23.503947+00:00,Pangea Reptile,pangea-reptile:female-extreme-harlequin-crested-gecko-cr-2341,Female Extreme Harlequin Crested Gecko Cr-2341,649.99,124.99,80.8
2026-08-23T06:43:23.503947+00:00,Pangea Reptile,pangea-reptile:male-extreme-harlequin-crested-gecko-cr-2340,Male White Wall Crested Gecko Cr-2340,499.99,149.99,70.0
2026-08-23T06:43:23.503947+00:00,Pangea Reptile,pangea-reptile:male-extreme-harlequin-crested-gecko-cr-2339,Male Extreme Harlequin Crested Gecko Cr-2339,449.99,199.99,55.6
2026-08-23T06:43:23.503947+00:00,Pangea Reptile,pangea-reptile:female-extreme-harlequin-crested-gecko-cr-2337,Female Extreme Harlequin Crested Gecko Cr-2337,749.99,174.99,76.7
2026-08-23T06:43:23.503947+00:00,Pangea Reptile,pangea-reptile:female-extreme-harlequin-crested-gecko-cr-2336,Female Extreme Harlequin Crested Gecko Cr-2336,699.99,174.99,75.0
2026-08-23T06:43:23.503947+00:00,Pangea Reptile,pangea-reptile:male-extreme-harlequin-crested-gecko-cr-2333,Male Extreme Harlequin Crested Gecko Cr-2333,649.99,199.99,69.2
2026-08-23T06:43:23.503947+00:00,Pangea Reptile,pangea-reptile:male-extreme-harlequin-crested-gecko-cr-2332,Male Extreme Harlequin Crested Gecko Cr-2332,549.99,149.99,72.7
2026-08-23T06:43:23.503947+00:00,Pangea Reptile,pangea-reptile:male-extreme-harlequin-crested-gecko-cr-2331,Male Extreme Harlequin Crested Gecko Cr-2331,624.99,249.99,60.0
2026-08-23T06:43:23.503947+00:00,Pangea Reptile,pangea-reptile:male-red-phantom-crested-gecko-cr-2330,Female Red Phantom Crested Gecko Cr-2330,399.99,199.99,50.0
2026-08-23T06:43:23.503947+00:00,Pangea Reptile,pangea-reptile:male-dark-phantom-crested-gecko-cr-2326,Male Black Phantom Crested Gecko Cr-2326,749.99,149.99,80.0
2026-08-23T06:43:23.503947+00:00,Pangea Reptile,pangea-reptile:male-bicolor-dark-phantom-crested-gecko-cr-2325,Male Bicolor Dark Phantom Crested Gecko Cr-2325,449.99,124.99,72.2
2026-08-23T06:43:23.503947+00:00,Pangea Reptile,pangea-reptile:male-dark-phantom-crested-gecko-cr-2322,Male Dark Phantom Crested Gecko Cr-2322,299.99,99.99,66.7
2026-08-23T06:43:23.503947+00:00,Pangea Reptile,pangea-reptile:male-dark-phantom-crested-gecko-cr-2321,Male Dark Phantom Crested Gecko Cr-2321,249.99,74.99,70.0
2026-08-23T06:43:23.503947+00:00,Pangea Reptile,pangea-reptile:male-black-phantom-crested-gecko-cr-2314,Male Black Phantom Crested Gecko Cr-2314,849.99,174.99,79.4
2026-08-23T06:43:23.503947+00:00,Pangea Reptile,pangea-reptile:male-tiger-crested-gecko-cr-2313,Male Tiger Crested Gecko Cr-2313,249.99,74.99,70.0
2026-08-23T06:43:23.503947+00:00,Pangea Reptile,pangea-reptile:male-red-phantom-crested-gecko-cr-2311,Male Red Phantom Crested Gecko Cr-2311,349.99,124.99,64.3
2026-08-23T06:43:23.503947+00:00,Pangea Reptile,pangea-reptile:male-red-phantom-crested-gecko-cr-2310,Male Red Phantom Crested Gecko Cr-2310,399.99,99.99,75.0
2026-08-23T06:43:23.503947+00:00,Pangea Reptile,pangea-reptile:male-black-phantom-crested-gecko-cr-2309,Male Black Phantom Crested Gecko Cr-2309,799.99,199.99,75.0
2026-08-23T06:43:23.503947+00:00,Pangea Reptile,pangea-reptile:male-red-phantom-crested-gecko-cr-2301,Male Red Phantom Crested Gecko Cr-2301,349.99,74.99,78.6
2026-08-23T06:43:23.503947+00:00,Pangea Reptile,pangea-reptile:male-xxx-crested-gecko-cr-2300,Male XXX Crested Gecko Cr-2300,699.99,249.99,64.3
2026-08-23T06:43:23.503947+00:00,Pangea Reptile,pangea-reptile:male-xxx-crested-gecko-cr-2298,Male Harlequin Crested Gecko Cr-2298,449.99,99.99,77.8
2026-08-23T06:43:23.503947+00:00,Pangea Reptile,pangea-reptile:male-xxx-crested-gecko-cr-2296,Male XXX Crested Gecko Cr-2296,799.99,249.99,68.8
2026-08-23T06:43:23.503947+00:00,Pangea Reptile,pangea-reptile:male-xxx-crested-gecko-cr-2295,Male XXX Crested Gecko Cr-2295,699.99,199.99,71.4
2026-08-23T06:43:23.503947+00:00,Pangea Reptile,pangea-reptile:male-xxx-crested-gecko-cr-2294,Male XXX Crested Gecko Cr-2294,599.99,174.99,70.8
2026-08-23T06:43:23.503947+00:00,Pangea Reptile,pangea-reptile:female-xxx-crested-gecko-cr-2290,Female XXX Crested Gecko Cr-2290,599.99,149.99,75.0
2026-08-23T06:43:23.503947+00:00,Pangea Reptile,pangea-reptile:male-extreme-harlequin-crested-gecko-cr-2289,Male Extreme Harlequin Crested Gecko Cr-2289,299.99,149.99,50.0
2026-08-23T06:43:23.503947+00:00,Pangea Reptile,pangea-reptile:female-xxx-crested-gecko-cr-2288,Female XXX Crested Gecko Cr-2288,749.99,274.99,63.3
2026-08-23T06:43:23.503947+00:00,Pangea Reptile,pangea-reptile:male-xxx-crested-gecko-cr-2285,Male XXX Crested Gecko Cr-2285,649.99,274.99,57.7
2026-08-23T06:43:23.503947+00:00,Pangea Reptile,pangea-reptile:male-xxx-crested-gecko-cr-2284,Male XXX Crested Gecko Cr-2284,699.99,274.99,60.7
2026-08-23T06:43:23.503947+00:00,Pangea Reptile,pangea-reptile:female-xxx-crested-gecko-cr-2281,Female XXX Crested Gecko Cr-2281,999.99,199.99,80.0
2026-08-23T06:43:23.503947+00:00,Pangea Reptile,pangea-reptile:female-xxx-crested-gecko-cr-2278,Female XXX Crested Gecko Cr-2278,449.99,99.99,77.8
2026-08-23T06:43:23.503947+00:00,Pangea Reptile,pangea-reptile:female-xxx-crested-gecko-cr-2273,Female XXX Crested Gecko Cr-2273,649.99,199.99,69.2
2026-08-23T06:43:23.503947+00:00,Pangea Reptile,pangea-reptile:female-quad-partial-pinstripe-crested-gecko-cr-2221,Female Quadstripe Crested Gecko Cr-2221,349.99,99.99,71.4
2026-08-23T06:43:23.503947+00:00,Pangea Reptile,pangea-reptile:female-tricolor-pinstripe-crested-gecko-cr-2219,Female Tricolor Pinstripe Crested Gecko Cr-2219,749.99,399.99,46.7
2026-08-23T06:43:23.503947+00:00,Pangea Reptile,pangea-reptile:male-tricolor-extreme-crested-gecko-cr-2218,Male Tricolor Extreme Harlequin Crested Gecko Cr-2218,599.99,299.99,50.0
2026-08-23T06:43:23.503947+00:00,Pangea Reptile,pangea-reptile:male-reverse-pinstripe-crested-gecko-cr-2214,Male Extreme harlequin Crested Gecko Cr-2214,399.99,299.99,25.0
2026-08-23T06:43:23.503947+00:00,Pangea Reptile,pangea-reptile:male-dark-phantom-dalmatian-crested-gecko-cr-2212,Male Dark Phantom Dalmatian Crested Gecko Cr-2212,249.99,74.99,70.0
2026-08-23T06:43:23.503947+00:00,Pangea Reptile,pangea-reptile:male-quadstripe-crested-gecko-cr-2211,Male Quadstripe Crested Gecko Cr-2211,349.99,149.99,57.1
2026-08-23T06:43:23.503947+00:00,Pangea Reptile,pangea-reptile:male-super-dalmatian-crested-gecko-cr-2253,Male Super Dalmatian Crested Gecko Cr-2253,1499.99,399.99,73.3
2026-08-23T06:43:23.503947+00:00,Pangea Reptile,pangea-reptile:female-red-super-dalmatian-crested-gecko-cr-2252,Female Super Dalmatian Crested Gecko Cr-2252,1399.99,499.99,64.3
2026-08-23T06:43:23.503947+00:00,Pangea Reptile,pangea-reptile:male-dalmatian-crested-gecko-cr-2202,Male Dalmatian Crested Gecko Cr-2202,249.99,74.99,70.0
2026-08-23T06:43:23.503947+00:00,Pangea Reptile,pangea-reptile:male-dalmatian-crested-gecko-cr-2208,Male Dalmatian Crested Gecko Cr-2208,299.99,99.99,66.7
2026-08-23T06:43:23.503947+00:00,Pangea Reptile,pangea-reptile:male-dark-patternless-super-dalmatian-crested-gecko-cr-2206,Male Dark Super Dalmatian Crested Gecko Cr-2206,499.99,124.99,75.0
2026-08-23T06:43:23.503947+00:00,Pangea Reptile,pangea-reptile:male-dalmatian-crested-gecko-cr-2196,Male Dalmatian Crested Gecko Cr-2196,599.99,149.99,75.0
2026-08-23T06:43:23.503947+00:00,Pangea Reptile,pangea-reptile:female-tricolor-pinstripe-crested-gecko-cr-2165,Female Tricolor Pinstripe Crested Gecko Cr-2165,449.99,199.99,55.6
2026-08-23T06:43:23.503947+00:00,Pangea Reptile,pangea-reptile:male-red-harlequin-crested-gecko-cr-2153,Male Red Harlequin Crested Gecko Cr-2153,349.99,149.99,57.1
2026-08-23T06:43:23.503947+00:00,Pangea Reptile,pangea-reptile:male-dark-patternless-crested-gecko-cr-2152,Male Dark Phantom Crested Gecko Cr-2152,449.99,74.99,83.3
2026-08-23T06:43:23.503947+00:00,Pangea Reptile,pangea-reptile:male-dalmatian-crested-gecko-cr-2149,Male Dalmatian Crested Gecko Cr-2149,299.99,99.99,66.7
2026-08-23T06:43:23.503947+00:00,Pangea Reptile,pangea-reptile:female-tricolor-extreme-crested-gecko-cr-2146,Female Tricolor Extreme Harlequin Crested Gecko Cr-2146,549.99,199.99,63.6
2026-08-23T06:43:23.503947+00:00,Pangea Reptile,pangea-reptile:female-extreme-harlequin-crested-gecko-cr-2121,Female Extreme Harlequin Crested Gecko Cr-2121,599.99,249.99,58.3
2026-08-23T06:43:23.503947+00:00,Pangea Reptile,pangea-reptile:male-harlequin-crested-gecko-cr-2117,Male Extreme Harlequin Crested Gecko Cr-2117,449.99,149.99,66.7
2026-08-23T06:43:23.503947+00:00,Pangea Reptile,pangea-reptile:male-lavender-solid-back-pinstripe-crested-gecko-cr-2113,Male Lavender Solid Back Pinstripe Crested Gecko Cr-2113,399.99,124.99,68.8
2026-08-23T06:43:23.503947+00:00,Pangea Reptile,pangea-reptile:male-tiger-crested-gecko-cr-2111,Male Tiger Crested Gecko Cr-2111,249.99,75.0,70.0
2026-08-23T06:43:23.503947+00:00,Pangea Reptile,pangea-reptile:male-red-phantom-crested-gecko-cr-2110,Male Red Phantom Crested Gecko Cr-2110,349.99,74.99,78.6
2026-08-23T06:43:23.503947+00:00,Pangea Reptile,pangea-reptile:male-quadstripe-crested-gecko-cr-2109,Male Quadstripe Crested Gecko Cr-2109,349.99,99.99,71.4
2026-08-23T06:43:23.503947+00:00,Pangea Reptile,pangea-reptile:male-pinstripe-crested-gecko-cr-2106,Male Extreme Harlequin Crested Gecko Cr-2106,249.99,174.99,30.0
2026-08-23T06:43:23.503947+00:00,Pangea Reptile,pangea-reptile:male-harlequin-crested-gecko-cr-2105,Male Harlequin Crested Gecko Cr-2105,299.99,99.99,66.7
2026-08-23T06:43:23.503947+00:00,Pangea Reptile,pangea-reptile:male-extreme-harlequin-crested-gecko-cr-2103,Male Extreme Harlequin Crested Gecko Cr-2103,499.99,149.99,70.0
2026-08-23T06:43:23.503947+00:00,Pangea Reptile,pangea-reptile:male-extreme-harlequin-crested-gecko-cr-2102,Male Extreme Harlequin Crested Gecko Cr-2102,349.99,149.99,57.1
2026-08-23T06:43:23.503947+00:00,Pangea Reptile,pangea-reptile:male-extreme-harlequin-crested-gecko-cr-2098,Male Extreme Harlequin Crested Gecko Cr-2098,424.99,149.99,64.7
2026-08-23T06:43:23.503947+00:00,Pangea Reptile,pangea-reptile:male-extreme-harlequin-crested-gecko-cr-1919,Male Extreme Harlequin Crested Gecko Cr-1919,399.99,299.99,25.0
2026-08-23T06:43:23.503947+00:00,Buckeye Myrmecology,buckeye-myrmecology:pheidole-morrisii,Pheidole morrisii,62.0,58.0,6.5
2026-08-26T06:52:46.980110+00:00,Crown Bees,crown-bees:mason-bee-harvest-service-and-bee-buy-back,Fall 2026 Mason Bee Harvest Service,50.0,80.0,60.0
2026-08-26T06:52:46.980110+00:00,Meme's Worms,memes-worms:worm-comb,Worm Comb,9.0,12.0,33.3
2026-08-26T06:52:46.980110+00:00,DubiaRoaches.com,dubiaroaches:large-mealworm-500ct-auction-9,Large Mealworm 500ct Auction,5.0,9.0,80.0
2026-08-26T06:52:46.980110+00:00,DubiaRoaches.com,dubiaroaches:x-small-dubia-roaches-500ct-auction-6,X-Small Dubia Roaches 500ct Auction,31.0,20.0,35.5
2026-08-26T06:52:46.980110+00:00,DubiaRoaches.com,dubiaroaches:large-hornworm-12ct-case-of-6-auction-13,Large Hornworm 12ct (Case Of 6) Auction,20.0,19.0,5.0
2026-08-26T06:52:46.980110+00:00,DubiaRoaches.com,dubiaroaches:large-hornworm-12ct-case-of-6-auction-12,Large Hornworm 12ct (Case Of 6) Auction,20.0,22.0,10.0
2026-08-26T06:52:46.980110+00:00,DubiaRoaches.com,dubiaroaches:24x18x36-67-gallon-arboreal-auction-8,24x18x36 (67 Gallon) Arboreal Auction,200.0,148.0,26.0
2026-08-26T06:52:46.980110+00:00,DubiaRoaches.com,dubiaroaches:dubia-roaches-medium-500ct-auction-14,Dubia Roaches Medium 500ct Auction,22.0,48.5,120.5
2026-08-26T06:52:46.980110+00:00,DubiaRoaches.com,dubiaroaches:large-mealworm-500ct-auction-8,Large Mealworm 500ct Auction,5.0,6.0,20.0
2026-08-26T06:52:46.980110+00:00,DubiaRoaches.com,dubiaroaches:hornworm-moth-pupa-sexed-pair-manduca-sexta-auction-9,Hornworm Moth Pupa Sexed Pair (Manduca sexta) Auction,5.0,1.0,80.0
2026-08-26T06:52:46.980110+00:00,DubiaRoaches.com,dubiaroaches:large-hornworm-6ct-case-of-12-auction-7,Large Hornworm 6ct (Case Of 12) Auction,30.0,55.0,83.3
2026-08-26T06:52:46.980110+00:00,DubiaRoaches.com,dubiaroaches:large-discoid-250ct-auction-12,Large Discoid 250ct Auction,35.0,31.0,11.4
2026-08-26T06:52:46.980110+00:00,DubiaRoaches.com,dubiaroaches:4x2x2-v3-120-gallon-auction-6,4x2x2 V3 (120 Gallon) Auction,240.0,264.0,10.0
2026-08-26T06:52:46.980110+00:00,DubiaRoaches.com,dubiaroaches:80w-heat-panel-reptile-habitat-auction-11,80w Heat Panel Reptile Habitat Auction,56.0,121.0,116.1
2026-08-26T06:52:46.980110+00:00,Flow Hive,flow-hive:hive-stand,Flow Hive Stand,110.0,109.0,0.9
2026-08-26T06:52:46.980110+00:00,Exotics Source,exotics-source:regal-jumping-spider-bonfire,Regal Jumping Spider “Bonfire”,95.0,75.0,21.1
2026-08-26T06:52:46.980110+00:00,Exotics Source,exotics-source:regal-jumping-spider-inferno,Regal Jumping Spider “Inferno”,95.0,75.0,21.1
2026-08-26T06:52:46.980110+00:00,Exotics Source,exotics-source:regal-jumping-spider-aurelia,Regal Jumping Spider “Aurelia”,95.0,75.0,21.1
2026-08-26T06:52:46.980110+00:00,Exotics Source,exotics-source:regal-jumping-spider-cider-grove,Regal Jumping Spider “Cider Grove”,95.0,75.0,21.1
2026-08-26T06:52:46.980110+00:00,Exotics Source,exotics-source:regal-jumping-spider-sandberry,"Regal Jumping Spider ""Sandberry""",75.0,95.0,26.7
2026-08-26T06:52:46.980110+00:00,Exotics Source,exotics-source:regal-jumping-spider-honey-for-sale,"Regal Jumping Spider ""Honey""",95.0,75.0,21.1
2026-08-26T06:52:46.980110+00:00,Exotics Source,exotics-source:regal-jumping-spider-sherbert,"Regal Jumping Spider ""Sherbert""",95.0,75.0,21.1
2026-08-26T06:52:46.980110+00:00,Exotics Source,exotics-source:regal-jumping-spider-purple-haze,"Regal Jumping Spider ""Purple Haze""",75.0,95.0,26.7
2026-08-26T06:52:46.980110+00:00,Exotics Source,exotics-source:regal-jumping-spider-maple,"Regal Jumping Spider ""Maple""",95.0,75.0,21.1
2026-08-26T06:52:46.980110+00:00,Exotics Source,exotics-source:regal-jumping-spider-starburst,"Regal Jumping Spider ""Starburst""",95.0,75.0,21.1
2026-08-26T06:52:46.980110+00:00,Exotics Source,exotics-source:regal-jumping-spider-camellia,Regal Jumping Spider “Camellia”,95.0,75.0,21.1
2026-08-26T06:52:46.980110+00:00,Exotics Source,exotics-source:regal-jumping-spider-clover,"Regal Jumping Spider ""Clover""",75.0,125.0,66.7
2026-08-26T06:52:46.980110+00:00,Exotics Source,exotics-source:regal-jumping-spider-forest,"Regal Jumping Spider ""Forest""",75.0,125.0,66.7
2026-08-26T06:52:46.980110+00:00,Exotics Source,exotics-source:custom-order,Custom Order,165.0,1965.0,1090.9
2026-08-26T06:52:46.980110+00:00,Exotics Source,exotics-source:regal-jumping-spider-coffee,"Regal Jumping Spider ""Coffee""",95.0,75.0,21.1
2026-08-26T06:52:46.980110+00:00,Exotics Source,exotics-source:regal-jumping-spider-spicy,"Regal Jumping Spider ""Spicy""",95.0,75.0,21.1
2026-08-26T06:52:46.980110+00:00,Exotics Source,exotics-source:regal-jumping-spider-jam,"Regal Jumping Spider ""Jam""",95.0,75.0,21.1
2026-08-26T06:52:46.980110+00:00,Exotics Source,exotics-source:regal-jumping-spider-smoothie,"Regal Jumping Spider ""Smoothie""",75.0,95.0,26.7
2026-08-26T06:52:46.980110+00:00,Exotics Source,exotics-source:regal-jumping-spider-berry,"Regal Jumping Spider ""Berry""",95.0,75.0,21.1
2026-08-26T06:52:46.980110+00:00,Exotics Source,exotics-source:regal-jumping-spider-bubbles-for-sale,"Regal Jumping Spider ""Bubbles""",95.0,75.0,21.1
2026-08-26T06:52:46.980110+00:00,Spider Shoppe,spider-shoppe:vancouver-pick-up-scorpiops-validus-yunnan-rock-scorpion,[Vancouver Pick-up] Scorpiops validus (Yunnan Rock Scorpion),48.0,8.0,83.3
2026-08-26T06:52:46.980110+00:00,Spider Shoppe,spider-shoppe:komodo-cage,Komodo Cage,14.98,19.98,33.4
2026-08-26T06:52:46.980110+00:00,Best Bee Brothers,best-bee-brothers:combo-2-2-ultimate-pro-carpenter-bee-traps-with-bee-vault-and-1-bee-licious-bee-bait-copy,COMBO #2 - 2 Ultimate Pro Carpenter Bee Traps with Bee Vault and 1 Bee-Licious Bee Bait,87.0,88.0,1.1
2026-08-26T06:52:46.980110+00:00,Best Bee Brothers,best-bee-brothers:combo-1-1-ultimate-pro-carpenter-bee-trap-with-bee-vault-and-1-bee-licious-bee-bait-copy,COMBO #1 - 1 Ultimate Pro Carpenter Bee Trap with Bee Vault and 1 Bee-Licious Bee Bait,59.0,60.0,1.7
2026-08-26T06:52:46.980110+00:00,Best Bee Brothers,best-bee-brothers:wasp-deterrent-hives-copy,Wasp Deterrent Hives,14.0,15.0,7.1
2026-08-26T06:52:46.980110+00:00,Best Bee Brothers,best-bee-brothers:lemon-tea-tree-calm-balm-stick-copy,Lemon + Tea Tree Calm Balm Stick,21.0,22.0,4.8
2026-08-26T06:52:46.980110+00:00,Best Bee Brothers,best-bee-brothers:mosquito-repellent-body-mist-and-lotion-2oz-4oz-combo-copy,"Mosquito Repellent – Body Mist and Lotion, 2oz + 4oz Combo",28.0,29.0,3.6
2026-08-26T06:52:46.980110+00:00,Best Bee Brothers,best-bee-brothers:soothe-shield-mosquito-repellent-body-lotion-4oz-copy,"Soothe + Shield Mosquito Repellent – Body Lotion, 4oz",21.0,22.0,4.8
2026-08-26T06:52:46.980110+00:00,Best Bee Brothers,best-bee-brothers:shake-shield-no-see-ums-repellent-body-mist-combo-copy-1,Shake + Shield No-See-Ums Repellent – Body Mist - Combo,35.0,36.0,2.9
2026-08-26T06:52:46.980110+00:00,Best Bee Brothers,best-bee-brothers:no-see-ums-repellent-body-mist-and-lotion-2oz-4oz-combo-copy,"No-See-Ums Repellent – Body Mist and Lotion, 2oz + 4oz Combo",28.0,29.0,3.6
2026-08-26T06:52:46.980110+00:00,Best Bee Brothers,best-bee-brothers:soothe-shield-no-see-ums-repellent-body-lotion-4oz-copy,"Soothe + Shield No-See-Ums Repellent – Body Lotion, 4oz",21.0,22.0,4.8
2026-08-26T06:52:46.980110+00:00,Best Bee Brothers,best-bee-brothers:ultimate-pro-pink-roof-carpenter-bee-trap-repair-kit-replacement-parts-4-pcs,Ultimate Pro Pink Roof Carpenter Bee Trap & Repair Kit (4 pcs),112.0,113.0,0.9
2026-08-26T06:52:46.980110+00:00,Best Bee Brothers,best-bee-brothers:ultimate-pro-white-roof-carpenter-bee-trap-repair-kit-replacement-parts-4-pcs,Ultimate Pro White Roof Carpenter Bee Trap & Repair Kit (4 pcs),112.0,113.0,0.9
2026-08-26T06:52:46.980110+00:00,Best Bee Brothers,best-bee-brothers:ultimate-pro-brown-roof-carpenter-bee-trap-repair-kit-replacement-parts-4-pcs,Ultimate Pro Brown Roof Carpenter Bee Trap & Repair Kit (4 pcs),112.0,113.0,0.9
2026-08-26T06:52:46.980110+00:00,Best Bee Brothers,best-bee-brothers:best-bee-brothers-ultimate-pro-black-roof-carpenter-bee-trap-repair-kit-replacement-parts-4-pcs,Ultimate Pro Black Roof Carpenter Bee Trap & Repair Kit (4 pcs),112.0,113.0,0.9
2026-08-26T06:52:46.980110+00:00,Best Bee Brothers,best-bee-brothers:ultimate-pro-carpenter-bee-trap-repair-kit-replacement-parts-for-outdoor-use-4-pcs,Ultimate Pro Carpenter Bee Trap & Repair Kit (4 pcs),104.0,105.0,1.0
2026-08-26T06:52:46.980110+00:00,Best Bee Brothers,best-bee-brothers:ultimate-pro-carpenter-bee-trap-wasp-deterrent-hive-combo-kit-for-yard-patio-7-pcs,Ultimate Pro Carpenter Bee Trap & Wasp Deterrent Hive Combo Kit for Yard & Patio (7 pcs),108.0,109.0,0.9
2026-08-26T06:52:46.980110+00:00,Best Bee Brothers,best-bee-brothers:ultimate-pro-carpenter-bee-trap-wasp-deterrent-hive-combo-kit-outdoor-pest-control-5-pcs,Ultimate Pro Carpenter Bee Trap & Wasp Deterrent Hive Combo Kit Outdoor Pest Control (5 pcs),97.0,98.0,1.0
2026-08-26T06:52:46.980110+00:00,Best Bee Brothers,best-bee-brothers:bed-bug-no-see-um-repellent-dorm-room-essentials-adventure-kit-copy,"Shake & Shield Bed Bug & No-See-Um Repellent - Dorm Room Essentials, Adventure Kit (6 pcs)",111.0,112.0,0.9
2026-08-26T06:52:46.980110+00:00,Best Bee Brothers,best-bee-brothers:carpenter-bee-repellent-8oz,Carpenter Bee Repellent 8oz,42.0,43.0,2.4
2026-08-26T06:52:46.980110+00:00,Best Bee Brothers,best-bee-brothers:zap-2-in-1-insect-zap-racket-trap-1,ZAP! 2-in-1 Insect Zap Racket + Trap,35.0,36.0,2.9
2026-08-26T06:52:46.980110+00:00,Best Bee Brothers,best-bee-brothers:bed-bug-mosquito-repellent-dorm-room-essentials-adventure-kit,"Shake & Shield Bed Bug & Mosquito Repellent - Dorm Room Essentials, Adventure Kit (6 pcs)",111.0,112.0,0.9
2026-08-26T06:52:46.980110+00:00,Best Bee Brothers,best-bee-brothers:everyday-adventure-band,Everyday Adventure Bands - Personal Essential Oil Diffuser,14.0,15.0,7.1
2026-08-26T06:52:46.980110+00:00,Best Bee Brothers,best-bee-brothers:glass-wasp-trap-and-deterrent-hive-2-hives-for-wasps-and-yellow-jackets,Glass Wasp Trap and Deterrent Hive (2 Hives) for Wasps and Yellow Jackets,28.0,29.0,3.6
2026-08-26T06:52:46.980110+00:00,Best Bee Brothers,best-bee-brothers:sleep-shield-calming-room-linen-mist-natural-oil-blend-with-peppermint-cedarwood-rosemary-combo-pack,"Sleep & Shield Calming Room + Linen Mist - Natural Oil Blend with Peppermint, Cedarwood & Rosemary - 8oz + 2oz Combo Pack",35.0,36.0,2.9
2026-08-26T06:52:46.980110+00:00,Best Bee Brothers,best-bee-brothers:the-firecracker-adventure-kit,"Shake & Shield Mosquito Repellent, Summer Survival Adventure Kit (6 pcs)",84.0,85.0,1.2
2026-08-26T06:52:46.980110+00:00,Best Bee Brothers,best-bee-brothers:mosquito-repellent-2oz-tsa-approved-8oz-family-size-bundle,"Mosquito Repellent, 2oz TSA-Approved + 8oz Family Size - Combo Pack",35.0,36.0,2.9
2026-08-26T06:52:46.980110+00:00,Best Bee Brothers,best-bee-brothers:ultimate-pro-black-roof-carpenter-bee-trap-with-bee-vault-and-extra-large-external-receptacle,"Ultimate Pro with Color Roof, Carpenter Bee Trap with Bee Vault and Extra Large External Receptacle",42.0,43.0,2.4
2026-08-26T06:52:46.980110+00:00,Best Bee Brothers,best-bee-brothers:carpenter-bee-control-kit,Carpenter Bee Control Kit,135.0,136.0,0.7
2026-08-26T06:52:46.980110+00:00,Best Bee Brothers,best-bee-brothers:the-jet-setter-adventure-kit,Shake & Shield Bed Bug and No-See-Um Repellent - The Jet-Setter Adventure Kit (9 pcs),168.0,169.0,0.6
2026-08-26T06:52:46.980110+00:00,Best Bee Brothers,best-bee-brothers:the-weekender-adventure-kit,Shake & Shield Bed Bug and No-See-Um Repellent - The Weekender Adventure Kit (7 pcs),118.0,119.0,0.8
2026-08-26T06:52:46.980110+00:00,Best Bee Brothers,best-bee-brothers:the-overnighter-adventure-kit,Shake & Shield Bed Bug and No-See-Um Repellent - The Overnighter Adventure Kit (5 pcs),66.0,67.0,1.5
2026-08-26T06:52:46.980110+00:00,Best Bee Brothers,best-bee-brothers:carpenter-bee-turbo-trap-happy-house-natural,Carpenter Bee Turbo Trap Happy House with Bee Vault - Natural Roof,42.0,43.0,2.4
2026-08-26T06:52:46.980110+00:00,Best Bee Brothers,best-bee-brothers:carpenter-bee-turbo-trap-happy-house-black,Carpenter Bee Turbo Trap Happy House with Bee Vault - Black Roof,42.0,43.0,2.4
2026-08-26T06:52:46.980110+00:00,Best Bee Brothers,best-bee-brothers:carpenter-bee-turbo-trap-white,Carpenter Bee Turbo Trap 2.0 with Bee Vault - White Roof,42.0,43.0,2.4
2026-08-26T06:52:46.980110+00:00,Best Bee Brothers,best-bee-brothers:carpenter-bee-turbo-trap-brown,Carpenter Bee Turbo Trap 2.0 with Bee Vault - Brown Roof,42.0,43.0,2.4
2026-08-26T06:52:46.980110+00:00,Best Bee Brothers,best-bee-brothers:carpenter-bee-turbo-trap-black,Carpenter Bee Turbo Trap 2.0 with Bee Vault - Black Roof,42.0,43.0,2.4
2026-08-26T06:52:46.980110+00:00,Best Bee Brothers,best-bee-brothers:rainforest-canopy-after-adventure-lotion-with-eucalyptus-and-copaiba,Rainforest Canopy After Adventure Lotion with Eucalyptus + Copaiba,28.0,29.0,3.6
2026-08-26T06:52:46.980110+00:00,Best Bee Brothers,best-bee-brothers:deep-ocean-after-adventure-lotion-with-palmarosa-sandalwood,Deep Ocean After Adventure Lotion with Palmarosa + Sandalwood,28.0,29.0,3.6
2026-08-26T06:52:46.980110+00:00,Best Bee Brothers,best-bee-brothers:carpenter-bee-turbo-trap-happy-house,Carpenter Bee Turbo Trap Happy House with Bee Vault,42.0,43.0,2.4
2026-08-26T06:52:46.980110+00:00,Best Bee Brothers,best-bee-brothers:carpenter-bee-turbo-trap-designer-gift-box,Carpenter Bee Turbo Trap 2.0 with Bee Vault Colored Roofs Gift Box,112.0,113.0,0.9
2026-08-26T06:52:46.980110+00:00,Best Bee Brothers,best-bee-brothers:pine-turbo-trap,Carpenter Bee Pine Turbo Trap with Bee Vault,42.0,43.0,2.4
2026-08-26T06:52:46.980110+00:00,Best Bee Brothers,best-bee-brothers:shake-shield-combo-bed-bug-repellent,Shake + Shield Bed Bug Repellent – Room & Linen Spray - Combo Pack,35.0,36.0,2.9
2026-08-26T06:52:46.980110+00:00,Best Bee Brothers,best-bee-brothers:carpenter-bee-turbo-trap-gift-box,Carpenter Bee Turbo Trap 2.0 with Bee Vault Gift Box,112.0,113.0,0.9
2026-08-26T06:52:46.980110+00:00,Best Bee Brothers,best-bee-brothers:hanging-carved-face-bee-lodge,Hanging Carved Face Bee Lodge,49.0,50.0,2.0
2026-08-26T06:52:46.980110+00:00,Best Bee Brothers,best-bee-brothers:hanging-carved-bee-lodge,Hanging Carved Bee Lodge,42.0,43.0,2.4
2026-08-26T06:52:46.980110+00:00,Best Bee Brothers,best-bee-brothers:slanted-roof-mason-bee-home,Slanted Roof Mason Bee Home,35.0,36.0,2.9
2026-08-26T06:52:46.980110+00:00,Best Bee Brothers,best-bee-brothers:bee-licious-bee-bait,Carpenter Bee Licious Bait,21.0,22.0,4.8
2026-08-26T06:52:46.980110+00:00,Best Bee Brothers,best-bee-brothers:mosquito-zap-trap,Mosquito Zap Trap,28.0,29.0,3.6
2026-08-26T06:52:46.980110+00:00,Best Bee Brothers,best-bee-brothers:mosquito-repelling-incense-sticks,Lemongrass + Rosemary Incense Sticks for Mosquitoes,14.0,15.0,7.1
2026-08-26T06:52:46.980110+00:00,Best Bee Brothers,best-bee-brothers:citrus-spray-natural-carpenter-bee-repellant,Citrus Carpenter Bee Repellent Spray,14.0,15.0,7.1
2026-08-26T06:52:46.980110+00:00,Buddha Bugs,buddha-bugs:ybyrapora-diversipes-amazon-sapphire-tarantula-for-sale,"Ybyrapora diversipes (Amazon sapphire tarantula) 0.75""-1""",90.0,100.0,11.1
2026-08-26T06:52:46.980110+00:00,American Reptile Distributors,american-reptile-distributors:hypomelanistic-common-snapping-turtle-2024-03-chelydra-serpentina,Hypomelanistic Common Snapping Turtle 2024 #03  (Chelydra serpentina),899.99,499.99,44.4
2026-08-26T06:52:46.980110+00:00,American Reptile Distributors,american-reptile-distributors:hypomelanistic-common-snapping-turtle-2024-02-chelydra-serpentina,Hypomelanistic Common Snapping Turtle 2024 #02  (Chelydra serpentina),699.99,499.99,28.6
2026-08-26T06:52:46.980110+00:00,Big Apple Herp,big-apple-herp:clown-ball-pythons-for-sale,Clown Ball Pythons for Sale – Multiple Morphs Available,169.0,189.95,12.4
2026-08-26T06:52:46.980110+00:00,Big Apple Herp,big-apple-herp:dwarf-fischer-s-chameleons,Dwarf Fischer’s Chameleons,62.95,64.95,3.2
2026-08-26T06:52:46.980110+00:00,Big Apple Herp,big-apple-herp:african-green-bush-snakes,African Green Bush Snakes,39.95,34.95,12.5
2026-08-26T06:52:46.980110+00:00,Big Apple Herp,big-apple-herp:red-ackie-monitor-rare,Red & Yellow Ackie Monitors,529.0,489.0,7.6
2026-08-26T06:52:46.980110+00:00,Big Apple Herp,big-apple-herp:painted-mantellas,Painted & Other Mantellas,44.95,49.95,11.1
2026-08-26T06:52:46.980110+00:00,Big Apple Herp,big-apple-herp:spekes-hingeback-tortoises,Hingeback Tortoises,309.0,159.95,48.2
2026-08-26T06:52:46.980110+00:00,Big Apple Herp,big-apple-herp:amboina-green-sailfin-dragon,Green Sailfin Dragon,179.95,139.95,22.2
2026-08-26T06:52:46.980110+00:00,Big Apple Herp,big-apple-herp:super-stripe-ball-pythons,Super Stripe Ball Pythons,259.0,229.95,11.2
2026-08-26T06:52:46.980110+00:00,Big Apple Herp,big-apple-herp:central-american-yellow-head-geckos,Central American Yellow Head Geckos,34.95,28.95,17.2
2026-08-26T06:52:46.980110+00:00,Big Apple Herp,big-apple-herp:highway-ball-python,Highway Ball Python,209.0,229.95,10.0
2026-08-26T06:52:46.980110+00:00,Big Apple Herp,big-apple-herp:blue-eyed-lucy-ball-pythons,Blue Eyed Lucy Ball Pythons,289.95,329.95,13.8
2026-08-26T06:52:46.980110+00:00,Big Apple Herp,big-apple-herp:anery-honduran-milksnakes,Anery Honduran Milksnakes,149.95,114.95,23.3
2026-08-26T06:52:46.980110+00:00,Big Apple Herp,big-apple-herp:red-eyed-tree-frogs,Red Eyed Tree Frogs,39.95,44.95,12.5
2026-08-26T06:52:46.980110+00:00,Big Apple Herp,big-apple-herp:copy-of-biak-green-tree-pythons,Biak Green Tree Pythons,479.95,499.95,4.2
2026-08-26T06:52:46.980110+00:00,Big Apple Herp,big-apple-herp:tangerine-honduran-milk-snakes,Tangerine Honduran Milksnakes,79.95,129.95,62.5
2026-08-26T06:52:46.980110+00:00,Big Apple Herp,big-apple-herp:water-monitors,Asian Water Monitors,319.0,139.95,56.1
2026-08-26T06:52:46.980110+00:00,Big Apple Herp,big-apple-herp:jayapura-green-tree-pythons,Jayapura Green Tree Pythons,1879.0,899.95,52.1
2026-08-26T06:52:46.980110+00:00,Big Apple Herp,big-apple-herp:bull-snakes,Bull Snakes & Gopher Snakes (Various Morphs),259.95,189.95,26.9
2026-08-26T06:52:46.980110+00:00,Big Apple Herp,big-apple-herp:cobalt-blue-tarantulas,Cobalt Blue Tarantulas,62.95,69.95,11.1
2026-08-26T06:52:46.980110+00:00,Big Apple Herp,big-apple-herp:stinkpot-musk-turtles,Stinkpot Musk Turtles,44.95,42.95,4.4
2026-08-26T06:52:46.980110+00:00,Big Apple Herp,big-apple-herp:razorback-musk-turtles,Razorback Musk Turtles,52.95,69.95,32.1
2026-08-26T06:52:46.980110+00:00,Big Apple Herp,big-apple-herp:map-turtles-for-sale,Map Turtles,24.95,44.95,80.2
2026-08-26T06:52:46.980110+00:00,Big Apple Herp,big-apple-herp:ivory-ball-pythons,Ivory Ball Pythons,349.0,229.95,34.1
2026-08-26T06:52:46.980110+00:00,David's Beetles,davids-beetles:adults-davidis-rhino-beetle-xyloscoptes-davids,Mystery larva,29.99,22.0,26.6
2026-08-26T06:52:46.980110+00:00,Grow Organic,grow-organic:cinch-gopher-traps,Cinch Gopher Trap,29.99,34.99,16.7
2026-08-26T06:52:46.980110+00:00,Grow Organic,grow-organic:multi-grafted-disease-resistant-pear-standard-no-1-size,"Disease Resistant Pears, 4 on 1 Multi Grafted Fruit Tree",44.99,94.99,111.1
2026-08-26T06:52:46.980110+00:00,Grow Organic,grow-organic:flavor-supreme-plumcot-tree,Flavor Supreme Pluot Tree,39.99,69.99,75.0
2026-08-26T06:52:46.980110+00:00,Grow Organic,grow-organic:dapple-dandy-plumcot-tree,Dapple Dandy Pluot Tree,39.99,69.99,75.0
2026-08-26T06:52:46.980110+00:00,Grow Organic,grow-organic:royal-blenheim-apricot-tree,Royal Blenheim Apricot Tree,39.99,59.99,50.0
2026-08-26T06:52:46.980110+00:00,Grow Organic,grow-organic:santa-rosa-plum-tree,Santa Rosa Plum Tree,58.99,69.99,18.6
2026-08-26T06:52:46.980110+00:00,Grow Organic,grow-organic:anna-apple-tree,Anna Apple Tree,58.99,69.99,18.6
2026-08-26T06:52:46.980110+00:00,Grow Organic,grow-organic:bing-cherry-tree,Bing Cherry Tree,39.99,59.99,50.0
2026-08-26T06:52:46.980110+00:00,Grow Organic,grow-organic:golden-dorsett-apple-tree,Golden Dorsett Apple Tree,39.99,69.99,75.0
2026-08-26T06:52:46.980110+00:00,Grow Organic,grow-organic:organic-raspberry-anne-golden-ea,Potted Raspberry - Anne Golden,39.99,34.99,12.5
2026-08-26T06:52:46.980110+00:00,Grow Organic,grow-organic:raspberry-shortcake-potd-ea,Potted Raspberry - Shortcake,34.99,39.99,14.3
2026-08-26T06:52:46.980110+00:00,Grow Organic,grow-organic:blueberry-pink-icing-potd-ea,Potted Blueberry - Pink Icing,34.99,39.99,14.3
2026-08-26T06:52:46.980110+00:00,Grow Organic,grow-organic:blueberry-peach-sorbet-potd-ea,Potted Blueberry - Peach Sorbet,34.99,39.99,14.3
2026-08-26T06:52:46.980110+00:00,Grow Organic,grow-organic:blueberry-jelly-bean-potd-ea,Potted Blueberry - Jelly Bean,34.99,39.99,14.3
2026-08-26T06:52:46.980110+00:00,Grow Organic,grow-organic:kiwi-vincent-female-potted-tr,"Vincent Tender Kiwi, Female (Potted)",44.99,49.99,11.1
2026-08-26T06:52:46.980110+00:00,Grow Organic,grow-organic:kiwi-tomuri-male-potted-tr,"Potted Tomuri Tender Kiwi, Male",39.99,49.99,25.0
2026-08-26T06:52:46.980110+00:00,Grow Organic,grow-organic:pomegranate-eversweet,Eversweet Potted Pomegranate Tree,39.99,44.99,12.5
2026-08-26T06:52:46.980110+00:00,AntGear,antgear:myrmecocystus-mendax,Mendax Honeypots (Myrmecocystus mendax),59.99,86.99,45.0
2026-08-26T06:52:46.980110+00:00,Buckeye Myrmecology,buckeye-myrmecology:prenolepis-imparis,Prenolepis Imparis,48.0,44.0,8.3
2026-08-30T11:29:45.157225+00:00,The Defiant Forest,the-defiant-forest:giant-sunfire-millipede-undescribed-sp-indonesia,Giant Sunfire Millipede for Sale | Indonesian Diplopoda Species,79.0,85.0,7.6
2026-08-30T11:29:45.157225+00:00,The Defiant Forest,the-defiant-forest:mediterranean-ladybird-velvet-spider,"Mediterranean Ladybird Velvet Spider, Eresus walckenaeri",35.0,36.0,2.9
2026-08-30T11:29:45.157225+00:00,The Defiant Forest,the-defiant-forest:dominican-purple-tarantulas,"Dominican Purple Tarantula, Phormictopus sp. - Terrestrial Species",49.0,74.0,51.0
2026-08-30T11:29:45.157225+00:00,The Defiant Forest,the-defiant-forest:vivarium-naturals-iso-thrive-protein-mineral-nutriment,Iso-Thrive Protein & Mineral Nutriment,7.89,8.89,12.7
2026-08-30T11:29:45.157225+00:00,The Defiant Forest,the-defiant-forest:african-giant-black-millipede,"African Giant Black Millipede, Archispirostreptus Gigas",89.0,75.0,15.7
2026-08-30T11:29:45.157225+00:00,The Defiant Forest,the-defiant-forest:borneo-purple-earth-tiger-tarantula,"Borneo Purple Earth Tiger Tarantula, Cyriopagopus sp. - Fossorial Burrowing Species",32.0,36.0,12.5
2026-08-30T11:29:45.157225+00:00,The Defiant Forest,the-defiant-forest:green-bottle-blue-tarantulas,"Green Bottle Blue Tarantula, Chromatopelma cyaneopubescens - Heavy Webbing Species",39.0,56.0,43.6
2026-08-30T11:29:45.157225+00:00,DubiaRoaches.com,dubiaroaches:hornworm-moth-pupa-sexed-pair-manduca-sexta-auction-11,Hornworm Moth Pupa Sexed Pair (Manduca sexta) Auction,3.0,5.0,66.7
2026-08-30T11:29:45.157225+00:00,DubiaRoaches.com,dubiaroaches:large-discoid-250ct-auction-13,Large Discoid 250ct Auction,35.0,30.0,14.3
2026-08-30T11:29:45.157225+00:00,DubiaRoaches.com,dubiaroaches:medium-superworm-500ct-auction-6,Medium Superworm 500ct Auction,15.0,6.0,60.0
2026-08-30T11:29:45.157225+00:00,DubiaRoaches.com,dubiaroaches:4x2x2-v3-120-gallon-auction-7,4x2x2 V3 (120 Gallon) Auction,240.0,250.0,4.2
2026-08-30T11:29:45.157225+00:00,DubiaRoaches.com,dubiaroaches:large-hornworm-12ct-case-of-6-auction-14,Large Hornworm 12ct (Case Of 6) Auction,11.0,13.0,18.2
2026-08-30T11:29:45.157225+00:00,DubiaRoaches.com,dubiaroaches:220w-heat-panel-reptile-habitat-auction-5,220w Heat Panel Reptile Habitat Auction,75.0,131.0,74.7
2026-08-30T11:29:45.157225+00:00,Fear Not Tarantulas,fear-not-tarantulas:chromatopelma-cyaneopubescens-green-bottleblue-gbb-tarantula-for-sale,"Chromatopelma cyaneopubescens (Green BottleBlue, GBB Tarantula) about 1"" - 1 1/4""",65.0,75.0,15.4
2026-08-30T11:29:45.157225+00:00,Exotics Source,exotics-source:regal-jumping-spider-mulberry-pie,Regal Jumping Spider “Mulberry Pie”,95.0,75.0,21.1
2026-08-30T11:29:45.157225+00:00,Exotics Source,exotics-source:regal-jumping-spider-apple-crisp,Regal Jumping Spider “Apple Crisp”,95.0,75.0,21.1
2026-08-30T11:29:45.157225+00:00,Exotics Source,exotics-source:regal-jumping-spider-lava,"Regal Jumping Spider ""Lava""",95.0,75.0,21.1
2026-08-30T11:29:45.157225+00:00,Exotics Source,exotics-source:regal-jumping-spider-gothic,"Regal Jumping Spider ""Gothic""",95.0,75.0,21.1
2026-08-30T11:29:45.157225+00:00,Exotics Source,exotics-source:regal-jumping-spider-calypso,"Regal Jumping Spider ""Calypso""",95.0,75.0,21.1
2026-08-30T11:29:45.157225+00:00,Exotics Source,exotics-source:regal-jumping-spider-jessica,"Regal Jumping Spider ""Jessica""",95.0,75.0,21.1
2026-08-30T11:29:45.157225+00:00,Exotics Source,exotics-source:regal-jumping-spider-elizabeth,"Regal Jumping Spider ""Elizabeth""",95.0,75.0,21.1
2026-08-30T11:29:45.157225+00:00,US Invertebrate LLC,us-invertebrate:premium-springtail-food-source-4-oz,Premium Springtail Food Source 4 Oz,11.0,12.0,9.1
2026-08-30T11:29:45.157225+00:00,US Invertebrate LLC,us-invertebrate:lygodactylus-williamsi-electric-blue-day-gecko,Lygodactylus Williamsi (Electric blue day gecko),150.0,200.0,33.3
2026-08-30T11:29:45.157225+00:00,Insect Sales,insect-sales:male-regal-jumping-spider,Male Regal Jumping Spider,39.99,32.99,17.5
2026-08-30T11:29:45.157225+00:00,Insect Sales,insect-sales:female-regal-jumping-spider,Female Regal Jumping Spider,44.0,28.95,34.2
2026-08-30T11:29:45.157225+00:00,Best Bee Brothers,best-bee-brothers:wasp-deterrent-hive-citrus-carpenter-bee-spray-kit-for-yard-garden-6-pcs,Wasp Deterrent Hive & Citrus Carpenter Bee Spray Kit for Yard & Garden (6 pcs),38.0,39.0,2.6
2026-08-30T11:29:45.157225+00:00,Best Bee Brothers,best-bee-brothers:best-bee-brothers-wasp-deterrent-hive-citrus-carpenter-bee-spray-kit-outdoor-pest-control-3-pcs,Wasp Deterrent Hive & Citrus Carpenter Bee Spray Kit Outdoor Pest Control (3 pcs),38.0,39.0,2.6
2026-08-30T11:29:45.157225+00:00,Best Bee Brothers,best-bee-brothers:mosquito-treeline-tranquil-adventure-kit,"Shake & Shield Mosquito Repellent, Treeline Tranquil - Adventure Kit - 4 pcs",55.0,56.0,1.8
2026-08-30T11:29:45.157225+00:00,Best Bee Brothers,best-bee-brothers:the-coastline-calm-adventure-kit,"Shake & Shield No-See-Um Repellent, Adventure Kit - 4 pcs",55.0,56.0,1.8
2026-08-30T11:29:45.157225+00:00,Best Bee Brothers,best-bee-brothers:the-jet-setter-adventure-kit,Shake & Shield Bed Bug and No-See-Um Repellent - The Jet-Setter Adventure Kit (9 pcs),169.0,170.0,0.6
2026-08-30T11:29:45.157225+00:00,Best Bee Brothers,best-bee-brothers:shake-shield-combo-citrus-carpenter-bee-repellent,Citrus Carpenter Bee Repellent Spray - Combo,55.0,56.0,1.8
2026-08-30T11:29:45.157225+00:00,Buddha Bugs,buddha-bugs:pseudoclamoris-gigas-orange-chevron-taratula-for-sale,"Amazonius germani (orange chevron tarantula) 0.75""",35.0,40.0,14.3
2026-08-30T11:29:45.157225+00:00,Buddha Bugs,buddha-bugs:acanthoscurria-geniculata-brazilian-giant-white-knee-for-sale,"Acanthoscurria geniculata (Brazilian giant white knee tarantula) 0.5""",70.0,40.0,42.9
2026-08-30T11:29:45.157225+00:00,American Reptile Distributors,american-reptile-distributors:hypomelanistic-common-snapping-turtle-2026-6-pig-tailed-chelydra-serpentina,Hypomelanistic Common Snapping Turtle 2026  #6 (Pig tailed)  (Chelydra serpentina),299.99,199.99,33.3
2026-08-30T11:29:45.157225+00:00,Big Apple Herp,big-apple-herp:emerald-black-tree-skinks,Emerald & Black Tree Skinks,144.95,79.95,44.8
2026-08-30T11:29:45.157225+00:00,Big Apple Herp,big-apple-herp:colorado-river-toads,Colorado River Toads,79.95,104.95,31.3
2026-08-30T11:29:45.157225+00:00,Big Apple Herp,big-apple-herp:water-monitors,Asian Water Monitors,139.95,149.95,7.1
2026-08-30T11:29:45.157225+00:00,Big Apple Herp,big-apple-herp:goliath-bird-eating,Goliath Bird Eating Tarantula,89.95,144.95,61.1
2026-08-30T11:29:45.157225+00:00,Big Apple Herp,big-apple-herp:red-foot-tortoises,Red Foot Tortoises,129.0,109.95,14.8
2026-08-30T11:29:45.157225+00:00,David's Beetles,davids-beetles:adults-three-horned-beetle-chalcosoma-chiron,ADULTS: Three-horned beetle  (Chalcosoma chiron),150.0,120.0,20.0
2026-08-30T11:29:45.157225+00:00,The Bio Dude,the-bio-dude:cork-bark-flats-for-reptile,"Cork Bark Flats for Reptiles, amphibians, plants and invertebrates",17.95,14.95,16.7
2026-08-30T11:29:45.157225+00:00,The Bio Dude,the-bio-dude:1-lb-cork-bark-tubes-free-shipping,"Reptile Cork Bark Tubes - for orchids, frogs, lizards and snakes",24.95,19.95,20.0
2026-08-30T11:29:45.157225+00:00,Imperial Reptiles,imperial-reptiles:thai-black-vinegaroon-typopeltis-sp,Thai Black Vinegaroon (Typopeltis sp.),29.99,39.99,33.3
2026-08-30T11:29:45.157225+00:00,Frognose Exotics,frognose-exotics:gecarcoidea-lalandii,Purple Land Crab (Gecarcoidea humei),89.99,79.99,11.1
2026-08-30T11:29:45.157225+00:00,The World of Isopods,the-world-of-isopods:giant-african-mantis,Giant Asian Mantis,15.0,20.0,33.3
2026-08-30T11:29:45.157225+00:00,The World of Isopods,the-world-of-isopods:rubber-bee-isopods,Rubber Bees,60.0,40.0,33.3
2026-08-30T11:29:45.157225+00:00,The World of Isopods,the-world-of-isopods:red-tiger-10-ct,Red Tigers,50.0,60.0,20.0
2026-08-30T11:29:45.157225+00:00,Pangea Reptile,pangea-reptile:male-extreme-harlequin-crested-gecko-cr-2350,Male Extreme Harlequin Crested Gecko Cr-2350,399.99,199.99,50.0
2026-08-30T11:29:45.157225+00:00,JMZ Butterfly Farm,jmz-butterfly-farm:single-luna-cocoon,Single Luna Cocoon,18.0,20.0,11.1
2026-08-30T11:29:45.157225+00:00,JMZ Butterfly Farm,jmz-butterfly-farm:cecropia-moth-cocoons,Cecropia Moth Cocoon,45.0,39.99,11.1
2026-08-30T11:29:45.157225+00:00,JMZ Butterfly Farm,jmz-butterfly-farm:single-polyphemus-moth-cocoon,(SINGLE) Polyphemus Moth Cocoon.,16.0,20.0,25.0
2026-08-30T11:29:45.157225+00:00,AntGear,antgear:camponotus-semitestaceus,Brick Carpenter Ant (Camponotus semitestaceus),34.99,73.99,111.5
2026-09-02T10:52:31.639257+00:00,The Defiant Forest,the-defiant-forest:captive-bred-sulawesi-side-spotted-millipedes-marigold-yellow,Captive Bred Sulawesi Side Spotted Millipedes | Marigold Yellow,58.0,65.0,12.1
2026-09-02T10:52:31.639257+00:00,The Defiant Forest,the-defiant-forest:giant-sunfire-millipede-undescribed-sp-indonesia,Giant Sunfire Millipede for Sale | Indonesian Diplopoda Species,85.0,75.0,11.8
2026-09-02T10:52:31.639257+00:00,The Defiant Forest,the-defiant-forest:bi-color-avatar-millipedes-spirotreptida-sp-red-yellow-legs,"Captive Bred Bi-Color Avatar Millipedes, Salpidobolus sp. | Bright Yellow Legs & Antennae",58.0,65.0,12.1
2026-09-02T10:52:31.639257+00:00,The Defiant Forest,the-defiant-forest:golden-giant-banded-millipede-undescribed-species,"Captive Bred Giant Porcelain Tiger Millipedes, Diplopoda sp.",58.0,65.0,12.1
2026-09-02T10:52:31.639257+00:00,The Defiant Forest,the-defiant-forest:thai-giant-orange-millipede-diplopoda-sp,"Captive Bred Giant Thai Orange Millipede, Thyropygus sp. Ban Chak Ngaeo",58.0,65.0,12.1
2026-09-02T10:52:31.639257+00:00,Exotics Unlimited,exotics-unlimited:hysterocrates-gigas-cameroon-red-baboon-tarantula,Hysterocrates gigas (Cameroon Red Baboon Tarantula),19.0,35.0,84.2
2026-09-02T10:52:31.639257+00:00,Crown Bees,crown-bees:leafcutter-incubation-kit,Leafcutter Bee Incubation Kit,29.95,34.95,16.7
2026-09-02T10:52:31.639257+00:00,DubiaRoaches.com,dubiaroaches:xl-dubia-roaches-250ct-auction-11,XL Dubia Roaches 250ct Auction,13.0,41.0,215.4
2026-09-02T10:52:31.639257+00:00,DubiaRoaches.com,dubiaroaches:medium-hornworm-24ct-case-of-12-auction-9,Medium Hornworm 24ct (Case Of 12) Auction,36.0,70.0,94.4
2026-09-02T10:52:31.639257+00:00,DubiaRoaches.com,dubiaroaches:4x2x2-v3-120-gallon-auction-8,4x2x2 V3 (120 Gallon) Auction,240.0,245.0,2.1
2026-09-02T10:52:31.639257+00:00,DubiaRoaches.com,dubiaroaches:dubia-roaches-medium-500ct-auction-17,Dubia Roaches Medium 500ct Auction,1.0,62.0,6100.0
2026-09-02T10:52:31.639257+00:00,DubiaRoaches.com,dubiaroaches:large-hornworm-6ct-case-of-12-auction-9,Large Hornworm 6ct (Case Of 12) Auction,30.0,20.0,33.3
2026-09-02T10:52:31.639257+00:00,DubiaRoaches.com,dubiaroaches:xl-dubia-roaches-250ct-auction-10,XL Dubia Roaches 250ct Auction,48.0,30.0,37.5
2026-09-02T10:52:31.639257+00:00,DubiaRoaches.com,dubiaroaches:x-small-dubia-roaches-500ct-auction-7,X-Small Dubia Roaches 500ct Auction,31.0,22.0,29.0
2026-09-02T10:52:31.639257+00:00,DubiaRoaches.com,dubiaroaches:24x18x36-67-gallon-arboreal-auction-10,24x18x36 (67 Gallon) Arboreal Auction,200.0,177.0,11.5
2026-09-02T10:52:31.639257+00:00,DubiaRoaches.com,dubiaroaches:large-mealworm-500ct-auction-12,Large Mealworm 500ct Auction,5.0,6.0,20.0
2026-09-02T10:52:31.639257+00:00,DubiaRoaches.com,dubiaroaches:large-discoid-250ct-auction-15,Large Discoid 250ct Auction,35.0,40.0,14.3
2026-09-02T10:52:31.639257+00:00,DubiaRoaches.com,dubiaroaches:80w-heat-panel-reptile-habitat-auction-13,80w Heat Panel Reptile Habitat Auction,55.0,99.0,80.0
2026-09-02T10:52:31.639257+00:00,Symton Black Soldier Fly,symton-bsf:symton-insect-flight,Insect Flight,30.0,40.0,33.3
2026-09-02T10:52:31.639257+00:00,Flow Hive,flow-hive:beek-bundle,Ultimate Beek Bundle,1427.0,1617.0,13.3
2026-09-02T10:52:31.639257+00:00,Flow Hive,flow-hive:starter-bundle,Starter Bundle,804.0,1039.0,29.2
2026-09-02T10:52:31.639257+00:00,Flow Hive,flow-hive:ultimate-bundle,Ultimate Starter Bundle,1568.0,1778.0,13.4
2026-09-02T10:52:31.639257+00:00,Flow Hive,flow-hive:deluxe-bundle,Deluxe Starter Bundle,1079.0,1279.0,18.5
2026-09-02T10:52:31.639257+00:00,Exotics Source,exotics-source:regal-jumping-spider-harvest-fern,Regal Jumping Spider “Harvest Fern”,95.0,75.0,21.1
2026-09-02T10:52:31.639257+00:00,Exotics Source,exotics-source:regal-jumping-spider-elvira,"Regal Jumping Spider ""Elvira""",95.0,75.0,21.1
2026-09-02T10:52:31.639257+00:00,Exotics Source,exotics-source:regal-jumping-spider-manzana,"Regal Jumping Spider ""Manzana""",95.0,75.0,21.1
2026-09-02T10:52:31.639257+00:00,Exotics Source,exotics-source:regal-jumping-spider-sahara-1,"Regal Jumping Spider ""Sahara""",95.0,75.0,21.1
2026-09-02T10:52:31.639257+00:00,Exotics Source,exotics-source:regal-jumping-spider-mulberry,"Regal Jumping Spider ""Mulberry""",95.0,75.0,21.1
2026-09-02T10:52:31.639257+00:00,Exotics Source,exotics-source:regal-jumping-spider-ignisa,"Regal Jumping Spider ""Ignisa""",95.0,75.0,21.1
2026-09-02T10:52:31.639257+00:00,Exotics Source,exotics-source:regal-jumping-spider-firecracker-for-sale,"Regal Jumping Spider ""Firecracker""",95.0,75.0,21.1
2026-09-02T10:52:31.639257+00:00,Exotics Source,exotics-source:regal-jumping-spider-kisses,"Regal Jumping Spider ""Kisses""",95.0,75.0,21.1
2026-09-02T10:52:31.639257+00:00,Exotics Source,exotics-source:regal-jumping-spider-jamba,"Regal Jumping Spider ""Jamba""",95.0,75.0,21.1
2026-09-02T10:52:31.639257+00:00,Exotics Source,exotics-source:regal-jumping-spider-charm,Regal Jumping Spider “Charm”,95.0,75.0,21.1
2026-09-02T10:52:31.639257+00:00,Exotics Source,exotics-source:regal-jumping-spider-butter-1,"Regal Jumping Spider ""Butter""",95.0,75.0,21.1
2026-09-02T10:52:31.639257+00:00,Exotics Source,exotics-source:jumping-spider-cornbread,"Regal Jumping Spider ""Cornbread""",95.0,75.0,21.1
2026-09-02T10:52:31.639257+00:00,Exotics Source,exotics-source:regal-jumping-spider-bunny,"Regal Jumping Spider ""Bunny""",95.0,75.0,21.1
2026-09-02T10:52:31.639257+00:00,Exotics Source,exotics-source:audax-jumping-spider-hexic,"Audax Jumping Spider ""Hexic""",65.0,75.0,15.4
2026-09-02T10:52:31.639257+00:00,Spider Shoppe,spider-shoppe:heteropoda-pingungensis-pingtung-huntsman-2,Heteropoda pingungensis (Pingtung Huntsman),28.0,14.0,50.0
2026-09-02T10:52:31.639257+00:00,Best Bee Brothers,best-bee-brothers:ultimate-pro-pink-roof-carpenter-bee-trap-repair-kit-replacement-parts-4-pcs,Ultimate Pro Pink Roof Carpenter Bee Trap & Repair Kit (4 pcs),113.0,114.0,0.9
2026-09-02T10:52:31.639257+00:00,Best Bee Brothers,best-bee-brothers:ultimate-pro-white-roof-carpenter-bee-trap-repair-kit-replacement-parts-4-pcs,Ultimate Pro White Roof Carpenter Bee Trap & Repair Kit (4 pcs),113.0,114.0,0.9
2026-09-02T10:52:31.639257+00:00,Best Bee Brothers,best-bee-brothers:ultimate-pro-brown-roof-carpenter-bee-trap-repair-kit-replacement-parts-4-pcs,Ultimate Pro Brown Roof Carpenter Bee Trap & Repair Kit (4 pcs),113.0,114.0,0.9
2026-09-02T10:52:31.639257+00:00,Best Bee Brothers,best-bee-brothers:best-bee-brothers-ultimate-pro-black-roof-carpenter-bee-trap-repair-kit-replacement-parts-4-pcs,Ultimate Pro Black Roof Carpenter Bee Trap & Repair Kit (4 pcs),113.0,114.0,0.9
2026-09-02T10:52:31.639257+00:00,Best Bee Brothers,best-bee-brothers:carpenter-bee-turbo-trap-designer-gift-box,Carpenter Bee Turbo Trap 2.0 with Bee Vault Colored Roofs Gift Box,113.0,114.0,0.9
2026-09-02T10:52:31.639257+00:00,Best Bee Brothers,best-bee-brothers:carpenter-bee-turbo-trap-gift-box,Carpenter Bee Turbo Trap 2.0 with Bee Vault Gift Box,113.0,114.0,0.9
2026-09-02T10:52:31.639257+00:00,Buddha Bugs,buddha-bugs:phoneutria-depilata-depilated-wandering-spider-for-sale,"Phoneutria depilata (depilated wandering spider) 0.75""",50.0,75.0,50.0
2026-09-02T10:52:31.639257+00:00,Buddha Bugs,buddha-bugs:pterinochilus-lugardi-dodoma-baboon-tarantula-for-sale,"Pterinochilus lugardi (Dodoma baboon tarantula) 0.5""",45.0,25.0,44.4
2026-09-02T10:52:31.639257+00:00,Buddha Bugs,buddha-bugs:poecilotheria-tigrinawesseli-wessels-tiger-ornamental-tarantula-for-sale,"Poecilotheria tigrinawesseli (Wessel's tiger ornamental tarantula) 1""",75.0,65.0,13.3
2026-09-02T10:52:31.639257+00:00,American Reptile Distributors,american-reptile-distributors:supernova-florida-red-bellied-turtle-2601-pseudemys-nelsoni,Supernova Golden Flame Florida Red Bellied Turtle #2601 (Pseudemys nelsoni),749.99,599.99,20.0
2026-09-02T10:52:31.639257+00:00,Big Apple Herp,big-apple-herp:banana-ball-pythons-for-sale,Banana Ball Pythons for Sale – Multiple Morphs Available,219.95,229.95,4.5
2026-09-02T10:52:31.639257+00:00,Big Apple Herp,big-apple-herp:yellow-atelopus-frogs,Yellow & Purple Atelopus Frogs,79.95,69.95,12.5
2026-09-02T10:52:31.639257+00:00,Big Apple Herp,big-apple-herp:smooth-sided-toads,Smooth Sided Toads,42.95,59.95,39.6
2026-09-02T10:52:31.639257+00:00,Big Apple Herp,big-apple-herp:palmetto-corn-snake-for-sale,Palmetto Corn Snakes,199.95,159.95,20.0
2026-09-02T10:52:31.639257+00:00,Big Apple Herp,big-apple-herp:brazilian-rainbow-boas,Colombian Rainbow Boas,319.95,144.95,54.7
2026-09-02T10:52:31.639257+00:00,Big Apple Herp,big-apple-herp:blue-tongue-skinks,Blue Tongue Skinks,189.95,289.95,52.6
2026-09-02T10:52:31.639257+00:00,The Bio Dude,the-bio-dude:hydrogrow-v2-drainage-layer-18-quarts,HydroGrow V2 Drainage Layer 18 QUARTS,34.95,39.95,14.3
2026-09-02T10:52:31.639257+00:00,Frognose Exotics,frognose-exotics:penang-freshwater-crab-stoliczia-stoliczkana,Penang Freshwater Crab (Stoliczia stoliczkana),49.99,29.99,40.0
2026-09-02T10:52:31.639257+00:00,Pangea Reptile,pangea-reptile:male-super-dalmatian-crested-gecko-cr-2487,Male Super Dalmatian Crested Gecko Cr-2487,1999.99,299.99,85.0
2026-09-02T10:52:31.639257+00:00,Pangea Reptile,pangea-reptile:male-brindle-crested-gecko-cr-2410,Male Brindle Crested Gecko Cr-2410,299.99,99.99,66.7
2026-09-02T10:52:31.639257+00:00,Pangea Reptile,pangea-reptile:juvenile-frappuccino-crested-gecko-cr-2451,Female Frappuccino Crested Gecko Cr-2451,1199.99,299.99,75.0
2026-09-02T10:52:31.639257+00:00,Pangea Reptile,pangea-reptile:female-tricolor-extreme-harlequin-crested-gecko-cr-2424,Female Tricolor Extreme Harlequin Crested Gecko Cr-2424,649.99,249.99,61.5
2026-09-02T10:52:31.639257+00:00,Pangea Reptile,pangea-reptile:copy-of-crested-gecko-template-sexmorph-crested-gecko-cr-code,Male Dark Tiger Crested Gecko Cr-2436,249.99,74.99,70.0
2026-09-02T10:52:31.639257+00:00,Pangea Reptile,pangea-reptile:herpstat-6-spyderweb,Herpstat 6 SpyderWeb,538.99,549.99,2.0
2026-09-02T10:52:31.639257+00:00,Pangea Reptile,pangea-reptile:juvenile-frappuccino-crested-gecko-cr-2504,Male Frappuccino Crested Gecko Cr-2504,1399.99,399.99,71.4
2026-09-02T10:52:31.639257+00:00,Pangea Reptile,pangea-reptile:male-quadstripe-crested-gecko-cr-2559,Male Quadstripe Crested Gecko Cr-2559,299.99,124.99,58.3
2026-09-02T10:52:31.639257+00:00,Pangea Reptile,pangea-reptile:male-tricolor-extreme-harlequin-crested-gecko-cr-2555,Male Tricolor Extreme Harlequin Crested Gecko Cr-2555,549.99,199.99,63.6
2026-09-02T10:52:31.639257+00:00,Pangea Reptile,pangea-reptile:male-tricolor-extreme-harlequin-crested-gecko-cr-2550,Male Tricolor Extreme Harlequin Crested Gecko Cr-2550,649.99,199.99,69.2
2026-09-02T10:52:31.639257+00:00,Pangea Reptile,pangea-reptile:male-tricolor-extreme-harlequin-crested-gecko-cr-2548,Male Tricolor Extreme Harlequin Crested Gecko Cr-2548,449.99,174.99,61.1
2026-09-02T10:52:31.639257+00:00,Pangea Reptile,pangea-reptile:male-extreme-harlequin-crested-gecko-cr-2544,Male Harlequin Crested Gecko Cr-2544,349.99,124.99,64.3
2026-09-02T10:52:31.639257+00:00,Pangea Reptile,pangea-reptile:male-tricolor-crested-gecko-cr-2543,Male Tricolor Extreme Harlequin Crested Gecko Cr-2543,499.99,174.99,65.0
2026-09-02T10:52:31.639257+00:00,Pangea Reptile,pangea-reptile:male-red-super-dalmatian-crested-gecko-cr-2542,Male Red Super Dalmatian Crested Gecko Cr-2542,999.99,249.99,75.0
2026-09-02T10:52:31.639257+00:00,Pangea Reptile,pangea-reptile:male-red-snowflake-crested-gecko-cr-2540,Male Red Brindle Crested Gecko Cr-2540,349.99,124.99,64.3
2026-09-02T10:52:31.639257+00:00,Pangea Reptile,pangea-reptile:male-harlequin-pinstripe-crested-gecko-cr-2538,Male Harlequin Pinstripe Crested Gecko Cr-2538,399.99,99.99,75.0
2026-09-02T10:52:31.639257+00:00,Pangea Reptile,pangea-reptile:male-red-pinstripe-crested-gecko-cr-2536,Male Reverse Quadstripe Crested Gecko Cr-2536,299.99,74.99,75.0
2026-09-02T10:52:31.639257+00:00,Pangea Reptile,pangea-reptile:female-tricolor-extreme-harlequin-crested-gecko-cr-2534,Female Tricolor Extreme Harlequin Crested Gecko Cr-2534,599.99,99.99,83.3
2026-09-02T10:52:31.639257+00:00,Pangea Reptile,pangea-reptile:male-extreme-harlequin-crested-gecko-cr-2532,Male Extreme Harlequin Crested Gecko Cr-2532,599.99,124.99,79.2
2026-09-02T10:52:31.639257+00:00,Pangea Reptile,pangea-reptile:male-red-extreme-harlequin-crested-gecko-cr-2531,Male White Wall Crested Gecko Cr-2531,649.99,124.99,80.8
2026-09-02T10:52:31.639257+00:00,Pangea Reptile,pangea-reptile:female-red-tricolor-crested-gecko-cr-2528,Female Red Tricolor Harlequin Crested Gecko Cr-2528,549.99,174.99,68.2
2026-09-02T10:52:31.639257+00:00,Pangea Reptile,pangea-reptile:male-tricolor-extreme-pinstripe-crested-gecko-cr-2526,Male Tricolor Extreme Harlequin Crested Gecko Cr-2526,424.99,199.99,52.9
2026-09-02T10:52:31.639257+00:00,Pangea Reptile,pangea-reptile:male-quadstripe-crested-gecko-cr-2524,Male Tricolor Quadstripe Crested Gecko Cr-2524,349.99,149.99,57.1
2026-09-02T10:52:31.639257+00:00,Pangea Reptile,pangea-reptile:male-xxx-crested-gecko-cr-2521,Male XXX Crested Gecko Cr-2521,699.99,249.99,64.3
2026-09-02T10:52:31.639257+00:00,Pangea Reptile,pangea-reptile:male-extreme-pinstripe-crested-gecko-cr-2518,Male Extreme Harlequin Crested Gecko Cr-2518,399.99,124.99,68.8
2026-09-02T10:52:31.639257+00:00,Pangea Reptile,pangea-reptile:female-extreme-harlequin-crested-gecko-cr-2514,Female Extreme Harlequin Crested Gecko Cr-2514,499.99,199.99,60.0
2026-09-02T10:52:31.639257+00:00,Pangea Reptile,pangea-reptile:female-extreme-tricolor-crested-gecko-cr-2513,Female Tricolor Extreme Harlequin Crested Gecko Cr-2513,549.99,149.99,72.7
2026-09-02T10:52:31.639257+00:00,Pangea Reptile,pangea-reptile:female-xxx-tricolor-crested-gecko-cr-2512,Female Tricolor XXX Crested Gecko Cr-2512,899.99,249.99,72.2
2026-09-02T10:52:31.639257+00:00,Pangea Reptile,pangea-reptile:male-tricolor-extreme-crested-gecko-cr-2511,Male Tricolor Extreme Harlequin Crested Gecko Cr-2511,599.99,249.99,58.3
2026-09-02T10:52:31.639257+00:00,Pangea Reptile,pangea-reptile:male-tricolor-extreme-crested-gecko-cr-2510,Male Tricolor Extreme Harlequin Crested Gecko Cr-2510,599.99,249.99,58.3
2026-09-02T10:52:31.639257+00:00,Pangea Reptile,pangea-reptile:female-xxx-tricolor-crested-gecko-cr-2509,Female Tricolor XXX Crested Gecko Cr-2509,899.99,249.99,72.2
2026-09-02T10:52:31.639257+00:00,Pangea Reptile,pangea-reptile:juvenile-frappuccino-crested-gecko-cr-2502,Male Frappuccino Crested Gecko Cr-2502,999.99,299.99,70.0
2026-09-02T10:52:31.639257+00:00,Pangea Reptile,pangea-reptile:female-cappuccino-crested-gecko-cr-2501,Female Cappuccino Crested Gecko Cr-2501,1199.99,199.99,83.3
2026-09-02T10:52:31.639257+00:00,Pangea Reptile,pangea-reptile:juvenile-frappuccino-crested-gecko-cr-2499,Male Frappuccino Crested Gecko Cr-2499,1499.99,399.99,73.3
2026-09-02T10:52:31.639257+00:00,Pangea Reptile,pangea-reptile:male-pinstripe-harlequin-crested-gecko-cr-2496,Male Pinstripe Harlequin Crested Gecko Cr-2496,349.99,124.99,64.3
2026-09-02T10:52:31.639257+00:00,Pangea Reptile,pangea-reptile:male-tricolor-quadstripe-crested-gecko-cr-2493,Male Tricolor Quadstripe Crested Gecko Cr-2493,699.99,174.99,75.0
2026-09-02T10:52:31.639257+00:00,Pangea Reptile,pangea-reptile:male-tricolor-extreme-crested-gecko-cr-2492,Male Tricolor Extreme Harlequin Crested Gecko Cr-2492,799.99,349.99,56.3
2026-09-02T10:52:31.639257+00:00,Pangea Reptile,pangea-reptile:male-red-super-dalmatian-crested-gecko-cr-2490,Male Red Super Dalmatian Crested Gecko Cr-2490,1999.99,349.99,82.5
2026-09-02T10:52:31.639257+00:00,Pangea Reptile,pangea-reptile:male-xxx-crested-gecko-cr-2485,Male XXX Crested Gecko Cr-2485,699.99,199.99,71.4
2026-09-02T10:52:31.639257+00:00,Pangea Reptile,pangea-reptile:female-tricolor-partial-pinstripe-cr-2480,Female Tricolor Extreme Harlequin Cr-2480,1049.99,299.99,71.4
2026-09-02T10:52:31.639257+00:00,Pangea Reptile,pangea-reptile:female-betty-white-pinstripe-cr-2477,Female Betty White Pinstripe Crested Gecko Cr-2477,2399.99,249.99,89.6
2026-09-02T10:52:31.639257+00:00,Pangea Reptile,pangea-reptile:male-white-wall-pinstripe-crested-gecko-cr-2475,Male Tricolor White Wall Crested Gecko Cr-2475,474.99,174.99,63.2
2026-09-02T10:52:31.639257+00:00,Pangea Reptile,pangea-reptile:tricolor-partial-pinstripe-crested-gecko-cr-2473,Male Tricolor Extreme Harlequin Crested Gecko Cr-2473,399.99,174.99,56.3
2026-09-02T10:52:31.639257+00:00,Pangea Reptile,pangea-reptile:male-extreme-harlequin-crested-gecko-cr-2472,Male Extreme Harlequin Crested Gecko Cr-2471,649.99,199.99,69.2
2026-09-02T10:52:31.639257+00:00,Pangea Reptile,pangea-reptile:male-orange-lilly-white-crested-gecko-cr-2467,Male Orange Lilly White Crested Gecko Cr-2467,649.99,199.99,69.2
2026-09-02T10:52:31.639257+00:00,Pangea Reptile,pangea-reptile:male-lilly-white-tricolor-crested-gecko-cr-2466,Male Tricolor Lilly White Crested Gecko Cr-2466,999.99,299.99,70.0
2026-09-02T10:52:31.639257+00:00,Pangea Reptile,pangea-reptile:male-tricolor-extreme-crested-gecko-cr-2460,Male Tricolor Harlequin Crested Gecko Cr-2460,249.99,124.99,50.0
2026-09-02T10:52:31.639257+00:00,Pangea Reptile,pangea-reptile:male-extreme-tricolor-crested-gecko-cr-2458,Male Tricolor Harlequin Crested Gecko Cr-2458,549.99,174.99,68.2
2026-09-02T10:52:31.639257+00:00,Pangea Reptile,pangea-reptile:male-quadstripe-sexmorph-crested-gecko-cr-2456,Male Pinstripe Crested Gecko Cr-2456,249.99,74.99,70.0
2026-09-02T10:52:31.639257+00:00,Pangea Reptile,pangea-reptile:female-extreme-tricolor-crested-gecko-cr-2455,Female Tricolor Extreme Harlequin Crested Gecko Cr-2455,549.99,174.99,68.2
2026-09-02T10:52:31.639257+00:00,Pangea Reptile,pangea-reptile:male-xxx-tricolor-crested-gecko-cr-2454,Male Tricolor XXX Crested Gecko Cr-2454,749.99,249.99,66.7
2026-09-02T10:52:31.639257+00:00,Pangea Reptile,pangea-reptile:copy-of-crested-gecko-template-sexmorph-crested-gecko-cr-code-copy,Male Quadstripe Crested Gecko Cr-2448,399.99,149.99,62.5
2026-09-02T10:52:31.639257+00:00,Pangea Reptile,pangea-reptile:male-quadstripe-crested-gecko-cr-2442,Male Tricolor Quadstripe Crested Gecko Cr-2442,399.99,124.99,68.8
2026-09-02T10:52:31.639257+00:00,Pangea Reptile,pangea-reptile:male-tiger-crested-gecko-cr-2440,Male Tiger Crested Gecko Cr-2440,299.99,99.99,66.7
2026-09-02T10:52:31.639257+00:00,Pangea Reptile,pangea-reptile:male-dark-phantom-portholes-crested-gecko-cr-2439,Male Dark Phantom Crested Gecko Cr-2439,749.99,199.99,73.3
2026-09-02T10:52:31.639257+00:00,Pangea Reptile,pangea-reptile:female-extreme-crested-gecko-cr-2435,Female Extreme Harlequin Crested Gecko Cr-2435,449.99,149.99,66.7
2026-09-02T10:52:31.639257+00:00,Pangea Reptile,pangea-reptile:female-extreme-harlequin-crested-gecko-cr-2421,Female Extreme Harlequin Crested Gecko Cr-2421,449.99,149.99,66.7
2026-09-02T10:52:31.639257+00:00,Pangea Reptile,pangea-reptile:male-tiger-crested-gecko-cr-2412,Male Tiger Crested Gecko Cr-2412,299.99,74.99,75.0
2026-09-02T10:52:31.639257+00:00,Pangea Reptile,pangea-reptile:male-brindle-crested-gecko-cr-2411,Male Brindle Crested Gecko Cr-2411,299.99,99.99,66.7
2026-09-02T10:52:31.639257+00:00,Pangea Reptile,pangea-reptile:male-tiger-crested-gecko-cr-2409,Male Tiger Crested Gecko Cr-2409,299.99,74.99,75.0
2026-09-02T10:52:31.639257+00:00,Pangea Reptile,pangea-reptile:male-quadstripe-crested-gecko-cr-2404,Male Solid Back Quadstripe Crested Gecko Cr-2404,449.99,99.99,77.8
2026-09-02T10:52:31.639257+00:00,Pangea Reptile,pangea-reptile:male-quadstripe-crested-gecko-cr-2400,Male Quadstripe Crested Gecko Cr-2400,349.99,124.99,64.3
2026-09-02T10:52:31.639257+00:00,Pangea Reptile,pangea-reptile:male-pinstripe-crested-gecko-cr-2398,Male Pinstripe Crested Gecko Cr-2398,349.99,149.99,57.1
2026-09-02T10:52:31.639257+00:00,Pangea Reptile,pangea-reptile:male-pinstripe-crested-gecko-cr-2393,Male Pinstripe Crested Gecko Cr-2393,349.99,174.99,50.0
2026-09-02T10:52:31.639257+00:00,Pangea Reptile,pangea-reptile:male-pinstripe-crested-gecko-cr-2392,Male Pinstripe Crested Gecko Cr-2392,599.99,199.99,66.7
2026-09-02T10:52:31.639257+00:00,Pangea Reptile,pangea-reptile:male-extreme-harlequin-crested-gecko-cr-2357,Male White Wall Crested Gecko Cr-2357,549.99,199.99,63.6
2026-09-02T10:52:31.639257+00:00,Pangea Reptile,pangea-reptile:male-extreme-harlequin-crested-gecko-cr-2356,Male Extreme Harlequin Crested Gecko Cr-2356,749.99,249.99,66.7
2026-09-02T10:52:31.639257+00:00,Pangea Reptile,pangea-reptile:female-extreme-harlequin-crested-gecko-cr-2355,Female Extreme Harlequin Crested Gecko Cr-2355,399.99,124.99,68.8
2026-09-02T10:52:31.639257+00:00,Pangea Reptile,pangea-reptile:male-extreme-harlequin-crested-gecko-cr-2352,Male Extreme Harlequin Crested Gecko Cr-2352,499.99,249.99,50.0
2026-09-02T10:52:31.639257+00:00,Pangea Reptile,pangea-reptile:male-extreme-harlequin-crested-gecko-cr-2354,Male Extreme Harlequin Crested Gecko Cr-2354,374.99,149.99,60.0
2026-09-02T10:52:31.639257+00:00,Pangea Reptile,pangea-reptile:male-extreme-harlequin-crested-gecko-cr-2353,Male Extreme Harlequin Crested Gecko Cr-2353,549.99,199.99,63.6
2026-09-02T10:52:31.639257+00:00,Pangea Reptile,pangea-reptile:male-extreme-harlequin-crested-gecko-cr-2351,Male Extreme Harlequin Crested Gecko Cr-2351,399.99,199.99,50.0
2026-09-02T10:52:31.639257+00:00,JMZ Butterfly Farm,jmz-butterfly-farm:queen-butterfly-caterpillars-or-chrysalis,Queen Butterfly Caterpillars Or Chrysalis,59.99,49.99,16.7
2026-09-02T10:52:31.639257+00:00,JMZ Butterfly Farm,jmz-butterfly-farm:monarch-caterpillars-or-chrysalis,Monarch Caterpillars or Chrysalis,54.99,75.0,36.4
2026-09-02T10:52:31.639257+00:00,AntGear,antgear:mini-round-house-tubs-and-tubes,Mini-Round-House &#8211; A Test Tube Outworld,19.99,22.99,15.0
2026-09-02T10:52:31.639257+00:00,AntGear,antgear:camponotus-ocreatus,Camponotus ocreatus,54.99,64.99,18.2
2026-09-02T10:52:31.639257+00:00,Wish Upon A Butterfly,wish-upon-a-butterfly:giant-swallowtail-butterflies-for-butterfly-release,Giant Swallowtail Butterflies for Butterfly Release,95.0,10.0,89.5
2026-09-02T10:52:31.639257+00:00,Wish Upon A Butterfly,wish-upon-a-butterfly:black-swallowtail-butterflies-for-butterfly-release,Black Swallowtail Butterflies for Butterfly Release,95.0,9.0,90.5
2026-09-06T10:30:48.196005+00:00,The Defiant Forest,the-defiant-forest:captive-bred-sulawesi-side-spotted-millipedes-marigold-yellow,Captive Bred Sulawesi Side Spotted Millipedes | Marigold Yellow,65.0,49.0,24.6
2026-09-06T10:30:48.196005+00:00,The Defiant Forest,the-defiant-forest:bi-color-avatar-millipedes-spirotreptida-sp-red-yellow-legs,"Captive Bred Bi-Color Avatar Millipedes, Salpidobolus sp. | Bright Yellow Legs & Antennae",65.0,49.0,24.6
2026-09-06T10:30:48.196005+00:00,The Defiant Forest,the-defiant-forest:golden-giant-banded-millipede-undescribed-species,"Captive Bred Giant Porcelain Tiger Millipedes, Diplopoda sp.",65.0,49.0,24.6
2026-09-06T10:30:48.196005+00:00,The Defiant Forest,the-defiant-forest:sarawak-red-tiger-tarantula,"Sarawak Red Tiger Tarantula, Phormingochilus everetti - Arboreal Species",65.0,98.0,50.8
2026-09-06T10:30:48.196005+00:00,The Defiant Forest,the-defiant-forest:thai-giant-orange-millipede-diplopoda-sp,"Captive Bred Giant Thai Orange Millipede, Thyropygus sp. Ban Chak Ngaeo",65.0,49.0,24.6
2026-09-06T10:30:48.196005+00:00,The Defiant Forest,the-defiant-forest:green-bottle-blue-tarantulas,"Green Bottle Blue Tarantula, Chromatopelma cyaneopubescens - Heavy Webbing Species",56.0,52.0,7.1
2026-09-06T10:30:48.196005+00:00,DubiaRoaches.com,dubiaroaches:large-superworm-250ct-auction-1,Large Superworm 250ct Auction,27.0,18.0,33.3
2026-09-06T10:30:48.196005+00:00,DubiaRoaches.com,dubiaroaches:large-mealworm-500ct-auction-17,Large Mealworm 500ct Auction,5.0,7.0,40.0
2026-09-06T10:30:48.196005+00:00,DubiaRoaches.com,dubiaroaches:medium-hornworm-24ct-case-of-12-auction-10,Medium Hornworm 24ct (Case Of 12) Auction,10.0,40.5,305.0
2026-09-06T10:30:48.196005+00:00,DubiaRoaches.com,dubiaroaches:220w-heat-panel-reptile-habitat-auction-7,220w Heat Panel Reptile Habitat Auction,141.0,142.0,0.7
2026-09-06T10:30:48.196005+00:00,DubiaRoaches.com,dubiaroaches:24x18x36-67-gallon-arboreal-auction-20,24x18x36 (67 Gallon) Arboreal Auction,200.0,157.0,21.5
2026-09-06T10:30:48.196005+00:00,DubiaRoaches.com,dubiaroaches:large-discoid-250ct-auction-17,Large Discoid 250ct Auction,35.0,40.0,14.3
2026-09-06T10:30:48.196005+00:00,DubiaRoaches.com,dubiaroaches:xl-dubia-roaches-250ct-auction-13,XL Dubia Roaches 250ct Auction,13.0,41.0,215.4
2026-09-06T10:30:48.196005+00:00,Symton Black Soldier Fly,symton-bsf:wholesale-reptihomes,Wholesale ReptiHomes,10.0,15.0,50.0
2026-09-06T10:30:48.196005+00:00,Fear Not Tarantulas,fear-not-tarantulas:acanthoscurria-geniculata-giant-white-knee-tarantula-for-sale,"Acanthoscurria geniculata (Giant White Knee Tarantula) about 1/3""",42.0,22.0,47.6
2026-09-06T10:30:48.196005+00:00,Fear Not Tarantulas,fear-not-tarantulas:tliltocatl-albopilosus-curlyhair-tarantula-brachypelma-1,"Tliltocatl albopilosus (Curlyhair Tarantula) about 1/3"" - 1/2""",15.0,10.0,33.3
2026-09-06T10:30:48.196005+00:00,Fear Not Tarantulas,fear-not-tarantulas:neoholothele-incei-trinidad-olive-tarantula,"Neoholothele incei ""Olive"" Form (Trinidad Olive Tarantula) around  1/2""",45.0,39.0,13.3
2026-09-06T10:30:48.196005+00:00,Fear Not Tarantulas,fear-not-tarantulas:harpactira-pulchripes-golden-blue-leg-baboon-tarantula-for-sale,"Harpactira pulchripes (Golden Blue Leg Baboon Tarantula) about 3/4"" - 1""",45.0,35.0,22.2
2026-09-06T10:30:48.196005+00:00,Fear Not Tarantulas,fear-not-tarantulas:megaphobema-mesomelas-costa-rican-red-leg-tarantula-for-sale,"Abdomegaphobema mesomelas (Costa Rican Red Leg Tarantula) about 1 1/2""+",249.0,199.0,20.1
2026-09-06T10:30:48.196005+00:00,Exotics Source,exotics-source:morph-market-order,Morph Market Order (Fire Skinks),90.0,70.0,22.2
2026-09-06T10:30:48.196005+00:00,Exotics Source,exotics-source:regal-jumping-spider-frostmint,"Regal Jumping Spider ""Frostmint"" (High White)",150.0,125.0,16.7
2026-09-06T10:30:48.196005+00:00,Exotics Source,exotics-source:regal-jumping-spider-sterling,Regal Jumping Spider “Sterling”,95.0,75.0,21.1
2026-09-06T10:30:48.196005+00:00,Exotics Source,exotics-source:regal-jumping-spider-wheatly,Regal Jumping Spider “Wheatly”,95.0,75.0,21.1
2026-09-06T10:30:48.196005+00:00,Exotics Source,exotics-source:regal-jumping-spider-nutmeg,"Regal Jumping Spider ""Nutmeg""",75.0,95.0,26.7
2026-09-06T10:30:48.196005+00:00,Exotics Source,exotics-source:regal-jumping-spider-raspberry,"Regal Jumping Spider ""Raspberry""",75.0,95.0,26.7
2026-09-06T10:30:48.196005+00:00,Exotics Source,exotics-source:regal-jumping-spider-apricot,Regal Jumping Spider “Apricot”,95.0,75.0,21.1
2026-09-06T10:30:48.196005+00:00,Exotics Source,exotics-source:regal-jumping-spider-joker,"Regal Jumping Spider ""Joker"" (High White)",150.0,125.0,16.7
2026-09-06T10:30:48.196005+00:00,Exotics Source,exotics-source:regal-jumping-spider-mira,"Regal Jumping Spider ""Mira""",95.0,75.0,21.1
2026-09-06T10:30:48.196005+00:00,Exotics Source,exotics-source:regal-jumping-spider-viola,"Regal Jumping Spider ""Viola""",95.0,75.0,21.1
2026-09-06T10:30:48.196005+00:00,Exotics Source,exotics-source:regal-jumping-spider-peridot,Regal Jumping Spider “Peridot”,95.0,75.0,21.1
2026-09-06T10:30:48.196005+00:00,Exotics Source,exotics-source:regal-jumping-spider-cake,"Regal Jumping Spider ""Cake""",95.0,75.0,21.1
2026-09-06T10:30:48.196005+00:00,Exotics Source,exotics-source:regal-jumping-spider-champagne-for-sale,"Regal Jumping Spider ""Champagne""",95.0,75.0,21.1
2026-09-06T10:30:48.196005+00:00,Exotics Source,exotics-source:regal-jumping-spider-raisin,"Regal Jumping Spider ""Raisin""",95.0,75.0,21.1
2026-09-06T10:30:48.196005+00:00,Exotics Source,exotics-source:regal-jumping-spider-strawberry,"Regal Jumping Spider ""Strawberry""",95.0,75.0,21.1
2026-09-06T10:30:48.196005+00:00,Spider Shoppe,spider-shoppe:eublepharis-macularius-leopard-gecko-black-night-female-1,Eublepharis macularius (Leopard Gecko) Black Night Female,348.0,498.0,43.1
2026-09-06T10:30:48.196005+00:00,Spider Shoppe,spider-shoppe:joshs-frogs-dart-frog-biobedding-bioactive-substrate-4-quart,Josh's Frogs DART FROG BioBedding Bioactive Substrate (4 quart),14.98,17.48,16.7
2026-09-06T10:30:48.196005+00:00,Spider Shoppe,spider-shoppe:joshs-frogs-pac-man-biobedding-bioactive-substrate-4-quarts,Josh's Frogs PAC-MAN BioBedding Bioactive Substrate (4 quarts),14.98,29.98,100.1
2026-09-06T10:30:48.196005+00:00,Spider Shoppe,spider-shoppe:vancouver-pick-upmelopoeus-lividus-cobalt-blue,[Vancouver Pick-up] Melopoeus lividus (Cobalt Blue),98.0,38.0,61.2
2026-09-06T10:30:48.196005+00:00,Spider Shoppe,spider-shoppe:psalmopoeus-cambridgei-trinidad-chevron-copy,[Vancouver Pick-up] Psalmopoeus cambridgei (Trinidad Chevron),20.0,36.0,80.0
2026-09-06T10:30:48.196005+00:00,Spider Shoppe,spider-shoppe:vancouver-pick-up-monocentropus-balfouri-socotra-island-blue-baboon-copy,[Vancouver Pick-up] Monocentropus balfouri (Socotra Island Blue Baboon),44.0,78.0,77.3
2026-09-06T10:30:48.196005+00:00,Spider Shoppe,spider-shoppe:vancouver-pick-up-chromatopelma-cyaneopubescens-green-bottle-blue-copy,[Vancouver Pick-up] Chromatopelma cyaneopubescens (Green Bottle Blue),54.0,58.0,7.4
2026-09-06T10:30:48.196005+00:00,Spider Shoppe,spider-shoppe:joshs-frogs-prohatch-incubation,Josh's Frogs ProHatch Incubation 1lb,9.99,14.98,49.9
2026-09-06T10:30:48.196005+00:00,US Invertebrate LLC,us-invertebrate:lotus-seed-pods-5-count,Lotus Seed Pods 5 count,8.0,9.0,12.5
2026-09-06T10:30:48.196005+00:00,US Invertebrate LLC,us-invertebrate:phelsuma-klemmeri-neon-day-gecko,Phelsuma Klemmeri “Neon Day Gecko”,150.0,125.0,16.7
2026-09-06T10:30:48.196005+00:00,US Invertebrate LLC,us-invertebrate:scolopendra-hero-hero,Scolopendra hero arizonensis,185.0,225.0,21.6
2026-09-06T10:30:48.196005+00:00,US Invertebrate LLC,us-invertebrate:vented-plastic-enclosures,Vented Plastic Enclosures,12.0,18.0,50.0
2026-09-06T10:30:48.196005+00:00,Best Bee Brothers,best-bee-brothers:combo-1-1-ultimate-pro-carpenter-bee-trap-with-bee-vault-and-1-bee-licious-bee-bait-copy,COMBO #1 - 1 Ultimate Pro Carpenter Bee Trap with Bee Vault and 1 Bee-Licious Bee Bait,60.0,59.0,1.7
2026-09-06T10:30:48.196005+00:00,Best Bee Brothers,best-bee-brothers:wasp-deterrent-hive-citrus-carpenter-bee-spray-kit-for-yard-garden-6-pcs,Wasp Deterrent Hive & Citrus Carpenter Bee Spray Kit for Yard & Garden (6 pcs),39.0,38.0,2.6
2026-09-06T10:30:48.196005+00:00,Best Bee Brothers,best-bee-brothers:best-bee-brothers-wasp-deterrent-hive-citrus-carpenter-bee-spray-kit-outdoor-pest-control-3-pcs,Wasp Deterrent Hive & Citrus Carpenter Bee Spray Kit Outdoor Pest Control (3 pcs),39.0,38.0,2.6
2026-09-06T10:30:48.196005+00:00,Best Bee Brothers,best-bee-brothers:ultimate-pro-pink-roof-carpenter-bee-trap-repair-kit-replacement-parts-4-pcs,Ultimate Pro Pink Roof Carpenter Bee Trap & Repair Kit (4 pcs),114.0,113.0,0.9
2026-09-06T10:30:48.196005+00:00,Best Bee Brothers,best-bee-brothers:ultimate-pro-white-roof-carpenter-bee-trap-repair-kit-replacement-parts-4-pcs,Ultimate Pro White Roof Carpenter Bee Trap & Repair Kit (4 pcs),114.0,113.0,0.9
2026-09-06T10:30:48.196005+00:00,Best Bee Brothers,best-bee-brothers:ultimate-pro-brown-roof-carpenter-bee-trap-repair-kit-replacement-parts-4-pcs,Ultimate Pro Brown Roof Carpenter Bee Trap & Repair Kit (4 pcs),114.0,113.0,0.9
2026-09-06T10:30:48.196005+00:00,Best Bee Brothers,best-bee-brothers:best-bee-brothers-ultimate-pro-black-roof-carpenter-bee-trap-repair-kit-replacement-parts-4-pcs,Ultimate Pro Black Roof Carpenter Bee Trap & Repair Kit (4 pcs),114.0,113.0,0.9
2026-09-06T10:30:48.196005+00:00,Best Bee Brothers,best-bee-brothers:ultimate-pro-carpenter-bee-trap-repair-kit-replacement-parts-for-outdoor-use-4-pcs,Ultimate Pro Carpenter Bee Trap & Repair Kit (4 pcs),105.0,104.0,1.0
2026-09-06T10:30:48.196005+00:00,Best Bee Brothers,best-bee-brothers:ultimate-pro-carpenter-bee-trap-wasp-deterrent-hive-combo-kit-outdoor-pest-control-5-pcs,Ultimate Pro Carpenter Bee Trap & Wasp Deterrent Hive Combo Kit Outdoor Pest Control (5 pcs),98.0,97.0,1.0
2026-09-06T10:30:48.196005+00:00,Best Bee Brothers,best-bee-brothers:bed-bug-no-see-um-repellent-dorm-room-essentials-adventure-kit-copy,"Shake & Shield Bed Bug & No-See-Um Repellent - Dorm Room Essentials, Adventure Kit (6 pcs)",112.0,111.0,0.9
2026-09-06T10:30:48.196005+00:00,Best Bee Brothers,best-bee-brothers:bed-bug-mosquito-repellent-dorm-room-essentials-adventure-kit,"Shake & Shield Bed Bug & Mosquito Repellent - Dorm Room Essentials, Adventure Kit (6 pcs)",112.0,111.0,0.9
2026-09-06T10:30:48.196005+00:00,Best Bee Brothers,best-bee-brothers:mosquito-treeline-tranquil-adventure-kit,"Shake & Shield Mosquito Repellent, Treeline Tranquil - Adventure Kit - 4 pcs",56.0,55.0,1.8
2026-09-06T10:30:48.196005+00:00,Best Bee Brothers,best-bee-brothers:the-coastline-calm-adventure-kit,"Shake & Shield No-See-Um Repellent, Adventure Kit - 4 pcs",56.0,55.0,1.8
2026-09-06T10:30:48.196005+00:00,Best Bee Brothers,best-bee-brothers:carpenter-bee-control-kit,Carpenter Bee Control Kit,136.0,135.0,0.7
2026-09-06T10:30:48.196005+00:00,Best Bee Brothers,best-bee-brothers:the-jet-setter-adventure-kit,Shake & Shield Bed Bug and No-See-Um Repellent - The Jet-Setter Adventure Kit (9 pcs),170.0,169.0,0.6
2026-09-06T10:30:48.196005+00:00,Best Bee Brothers,best-bee-brothers:the-weekender-adventure-kit,Shake & Shield Bed Bug and No-See-Um Repellent - The Weekender Adventure Kit (7 pcs),119.0,118.0,0.8
2026-09-06T10:30:48.196005+00:00,Best Bee Brothers,best-bee-brothers:the-overnighter-adventure-kit,Shake & Shield Bed Bug and No-See-Um Repellent - The Overnighter Adventure Kit (5 pcs),67.0,66.0,1.5
2026-09-06T10:30:48.196005+00:00,Best Bee Brothers,best-bee-brothers:carpenter-bee-turbo-trap-designer-gift-box,Carpenter Bee Turbo Trap 2.0 with Bee Vault Colored Roofs Gift Box,114.0,113.0,0.9
2026-09-06T10:30:48.196005+00:00,Best Bee Brothers,best-bee-brothers:shake-shield-combo-citrus-carpenter-bee-repellent,Citrus Carpenter Bee Repellent Spray - Combo,56.0,55.0,1.8
2026-09-06T10:30:48.196005+00:00,Best Bee Brothers,best-bee-brothers:carpenter-bee-turbo-trap-gift-box,Carpenter Bee Turbo Trap 2.0 with Bee Vault Gift Box,114.0,113.0,0.9
2026-09-06T10:30:48.196005+00:00,Micro Wilderness,micro-wilderness:aphonopelma-johnnycashi-johnny-cash-tarantula-unsexed,Aphonopelma johnnycashi- Johnny Cash Tarantula- unsexed,59.99,34.99,41.7
2026-09-06T10:30:48.196005+00:00,FangzTV,fangztv:heteroscodra-maculata-togo-starburst-baboon-tarantula-1,Heteroscodra maculata Togo Starburst Baboon Tarantula .25'',30.0,25.0,16.7
2026-09-06T10:30:48.196005+00:00,FangzTV,fangztv:cyriopagopus-minax-thailand-black-tarantula-75,"Melopoeus minax Thailand Black tarantula 1""",35.0,39.0,11.4
2026-09-06T10:30:48.196005+00:00,Buddha Bugs,buddha-bugs:heterothele-villosella-tanzanian-chestnut-tarantula-for-sale,"Heterothele villosella (Tanzanian chestnut tarantula) 0.33""",20.0,15.0,25.0
2026-09-06T10:30:48.196005+00:00,Big Apple Herp,big-apple-herp:peters-banded-skinks,Peter's Banded Skinks,74.95,84.95,13.3
2026-09-06T10:30:48.196005+00:00,Big Apple Herp,big-apple-herp:copy-of-dispar-uromastyx,"Red ""Niger"" Saharan Uromastyx",89.95,119.95,33.4
2026-09-06T10:30:48.196005+00:00,Big Apple Herp,big-apple-herp:ornate-uromastyx,Ornate Uromastyx,229.95,199.95,13.0
2026-09-06T10:30:48.196005+00:00,Big Apple Herp,big-apple-herp:water-monitors,Asian Water Monitors,149.95,269.95,80.0
2026-09-06T10:30:48.196005+00:00,Big Apple Herp,big-apple-herp:central-american-wood-turtles,Wood Turtles,64.95,59.95,7.7
2026-09-06T10:30:48.196005+00:00,James' Beetle Farm,james-beetle-farm:dorcus-titanus-palawanicus-dorcus-titanus-palawanicus,Palawan Stag Beetle (Dorcus titanus palawanicus),29.99,39.99,33.3
2026-09-06T10:30:48.196005+00:00,Imperial Reptiles,imperial-reptiles:snow-western-hognose-baby,Snow Western Hognose Baby,499.99,289.99,42.0
2026-09-06T10:30:48.196005+00:00,Pangea Reptile,pangea-reptile:male-extreme-harlequin-crested-gecko-cr-042020-0656,Male White Wall Crested Gecko Cr-0656,349.99,99.99,71.4
2026-09-06T10:30:48.196005+00:00,Pangea Reptile,pangea-reptile:tricolor-partial-pinstripe-crested-gecko-cr-2858,Female Tricolor Partial Pinstripe Crested Gecko Cr-2858,324.99,99.99,69.2
2026-09-06T10:30:48.196005+00:00,Pangea Reptile,pangea-reptile:female-tricolor-partial-pinstripe-crested-gecko-cr-2857,Female Tricolor Partial Pinstripe Crested Gecko Cr-2857,349.99,74.99,78.6
2026-09-06T10:30:48.196005+00:00,Pangea Reptile,pangea-reptile:female-black-phantom-crested-gecko-cr-2853,Female Black Phantom Crested Gecko Cr-2853,499.99,174.99,65.0
2026-09-06T10:30:48.196005+00:00,Pangea Reptile,pangea-reptile:female-het-pixel-crested-gecko-cr-10090,Female Het Pixel Crested Gecko Cr-10090,849.99,349.99,58.8
2026-09-06T10:30:48.196005+00:00,Pangea Reptile,pangea-reptile:female-het-pixel-crested-gecko-cr-10074,Female Het Pixel Crested Gecko Cr-10074,849.99,399.99,52.9
2026-09-06T10:30:48.196005+00:00,Pangea Reptile,pangea-reptile:male-flame-crested-gecko-cr-2822,Male Flame Crested Gecko Cr-2822,249.99,74.99,70.0
2026-09-06T10:30:48.196005+00:00,Pangea Reptile,pangea-reptile:female-tricolor-frappuccino-crested-gecko-cr-2809,Female Tricolor Frappuccino Crested Gecko Cr-2809,999.99,274.99,72.5
2026-09-06T10:30:48.196005+00:00,Pangea Reptile,pangea-reptile:male-het-pixel-tangerine-crested-gecko-cr-10014,Male Het Pixel Tangerine Crested Gecko Cr-10014,774.99,399.99,48.4
2026-09-06T10:30:48.196005+00:00,Pangea Reptile,pangea-reptile:female-frappuccino-crested-gecko-cr-2800,Female Frappuccino Crested Gecko Cr-2800,999.99,299.99,70.0
2026-09-06T10:30:48.196005+00:00,Pangea Reptile,pangea-reptile:male-quadstripe-crested-gecko-cr-2782,Male Quadstripe Crested Gecko Cr-2782,249.99,74.99,70.0
2026-09-06T10:30:48.196005+00:00,Pangea Reptile,pangea-reptile:male-extreme-harlequin-crested-gecko-cr-2739,Male Extreme Harlequin Crested Gecko Cr-2739,499.99,74.99,85.0
2026-09-06T10:30:48.196005+00:00,Pangea Reptile,pangea-reptile:female-extreme-harlequin-crested-gecko-cr-1143,Female Extreme Harlequin Crested Gecko Cr-1143,599.99,99.99,83.3
2026-09-06T10:30:48.196005+00:00,Pangea Reptile,pangea-reptile:male-xxx-crested-gecko-cr-1134,Male Tricolor XXX Crested Gecko Cr-1134,699.99,249.99,64.3
2026-09-06T10:30:48.196005+00:00,Pangea Reptile,pangea-reptile:male-quadstripe-crested-gecko-cr-2702,Male Pinstripe Crested Gecko Cr-2702,499.99,149.99,70.0
2026-09-06T10:30:48.196005+00:00,Pangea Reptile,pangea-reptile:male-xxx-crested-gecko-cr-2712,Male Tricolor XXX Crested Gecko Cr-2712,899.99,249.99,72.2
2026-09-06T10:30:48.196005+00:00,Pangea Reptile,pangea-reptile:juvenile-super-sable-crested-gecko-cr-2779,Juvenile Super Sable Crested Gecko Cr-2779,3499.99,999.99,71.4
2026-09-06T10:30:48.196005+00:00,Pangea Reptile,pangea-reptile:juvenile-sable-crested-gecko-cr-2777,Juvenile Sable Crested Gecko Cr-2777,1199.99,349.99,70.8
2026-09-06T10:30:48.196005+00:00,Pangea Reptile,pangea-reptile:juvenile-sable-crested-gecko-cr-2775,Juvenile Sable Crested Gecko Cr-2775,799.99,299.99,62.5
2026-09-06T10:30:48.196005+00:00,Pangea Reptile,pangea-reptile:juvenile-super-sable-crested-gecko-cr-2774,Juvenile Super Sable Crested Gecko Cr-2774,3499.99,999.99,71.4
2026-09-06T10:30:48.196005+00:00,Pangea Reptile,pangea-reptile:juvenile-sable-crested-gecko-cr-2773,Juvenile Sable Crested Gecko Cr-2773,799.99,299.99,62.5
2026-09-06T10:30:48.196005+00:00,Pangea Reptile,pangea-reptile:male-tricolor-extreme-harlequin-crested-gecko-cr-2770,Male Tricolor Extreme Harlequin Crested Gecko Cr-2770,649.99,299.99,53.8
2026-09-06T10:30:48.196005+00:00,Pangea Reptile,pangea-reptile:male-extreme-harlequin-crested-gecko-cr-2766,Male Extreme Harlequin Crested Gecko Cr-2766,949.99,299.99,68.4
2026-09-06T10:30:48.196005+00:00,Pangea Reptile,pangea-reptile:male-dark-phantom-crested-gecko-cr-2765,Male Dark Phantom Crested Gecko Cr-2765,599.99,149.99,75.0
2026-09-06T10:30:48.196005+00:00,Pangea Reptile,pangea-reptile:male-extreme-harlequin-crested-gecko-cr-2763,Male Tricolor Harlequin Crested Gecko Cr-2763,399.99,149.99,62.5
2026-09-06T10:30:48.196005+00:00,Pangea Reptile,pangea-reptile:male-tricolor-extreme-harlequin-crested-gecko-cr-2757,Male Tricolor XXX Crested Gecko Cr-2757,749.99,249.99,66.7
2026-09-06T10:30:48.196005+00:00,Pangea Reptile,pangea-reptile:male-tricolor-white-wall-crested-gecko-cr-2753,Male Tricolor White Wall Crested Gecko Cr-2753,549.99,249.99,54.5
2026-09-06T10:30:48.196005+00:00,Pangea Reptile,pangea-reptile:male-white-wall-crested-gecko-cr-2752,Male White Wall Crested Gecko Cr-2752,449.99,199.99,55.6
2026-09-06T10:30:48.196005+00:00,Pangea Reptile,pangea-reptile:female-tricolor-extreme-harlequin-crested-gecko-cr-2746,Male Tricolor Extreme Harlequin Crested Gecko Cr-2746,499.99,299.99,40.0
2026-09-06T10:30:48.196005+00:00,Pangea Reptile,pangea-reptile:male-extreme-harlequin-crested-gecko-cr-2744,Male Extreme Harlequin Crested Gecko Cr-2744,449.99,174.99,61.1
2026-09-06T10:30:48.196005+00:00,Pangea Reptile,pangea-reptile:female-red-extreme-harlequin-crested-gecko-cr-2743,Female Red Extreme Harlequin Crested Gecko Cr-2743,549.99,249.99,54.5
2026-09-06T10:30:48.196005+00:00,Pangea Reptile,pangea-reptile:male-quadstripe-crested-gecko-cr-2742,Male Quadstripe Crested Gecko Cr-2742,349.99,99.99,71.4
2026-09-06T10:30:48.196005+00:00,Pangea Reptile,pangea-reptile:male-dark-phantom-crested-gecko-cr-2738,Male Dark Phantom Crested Gecko Cr-2738,299.99,74.99,75.0
2026-09-06T10:30:48.196005+00:00,Pangea Reptile,pangea-reptile:female-red-extreme-harlequin-crested-gecko-cr-2737,Female Red Extreme Harlequin Crested Gecko Cr-2737,599.99,249.99,58.3
2026-09-06T10:30:48.196005+00:00,Pangea Reptile,pangea-reptile:male-tricolor-extreme-harlequin-crested-gecko-cr-2736,Male Tricolor Extreme Harlequin Crested Gecko Cr-2736,399.99,199.99,50.0
2026-09-06T10:30:48.196005+00:00,Pangea Reptile,pangea-reptile:female-tricolor-extreme-harlequin-crested-gecko-cr-2734,Female Tricolor Extreme Harlequin Crested Gecko Cr-2734,699.99,199.99,71.4
2026-09-06T10:30:48.196005+00:00,Pangea Reptile,pangea-reptile:male-xxx-tricolor-crested-gecko-cr-2715,Male Tricolor XXX Crested Gecko Cr-2715,849.99,299.99,64.7
2026-09-06T10:30:48.196005+00:00,Pangea Reptile,pangea-reptile:male-orange-brindle-crested-gecko-cr-2696,Male Orange Brindle Crested Gecko Cr-2696,349.99,149.99,57.1
2026-09-06T10:30:48.196005+00:00,Pangea Reptile,pangea-reptile:copy-of-crested-gecko-template-sexmorph-crested-gecko-cr-code-5,Male Quadstripe Crested Gecko Cr-2650,349.99,174.99,50.0
2026-09-06T10:30:48.196005+00:00,Pangea Reptile,pangea-reptile:male-pinstripe-crested-gecko-cr-2661,Male Pinstripe Crested Gecko Cr-2661,349.99,99.99,71.4
2026-09-06T10:30:48.196005+00:00,Pangea Reptile,pangea-reptile:7-12-21-crested-gecko-cr-2655,Male Red Extreme Harlequin Crested Gecko Cr-2655,399.99,149.99,62.5
2026-09-06T10:30:48.196005+00:00,Pangea Reptile,pangea-reptile:male-white-wall-crested-gecko-cr-2653,Male White Wall Crested Gecko Cr-2653,499.99,149.99,70.0
2026-09-06T10:30:48.196005+00:00,Pangea Reptile,pangea-reptile:male-red-phantom-crested-gecko-cr-2651,Male Red Phantom Crested Gecko Cr-2651,299.99,174.99,41.7
2026-09-06T10:30:48.196005+00:00,Pangea Reptile,pangea-reptile:male-extreme-harlequin-crested-gecko-cr-2649,Male Extreme Harlequin Crested Gecko Cr-2649,549.99,149.99,72.7
2026-09-06T10:30:48.196005+00:00,Pangea Reptile,pangea-reptile:male-extreme-harlequin-crested-gecko-cr-2646,Male Extreme Harlequin Crested Gecko Cr-2646,499.99,174.99,65.0
2026-09-06T10:30:48.196005+00:00,Pangea Reptile,pangea-reptile:male-tricolor-extreme-harlequin-crested-gecko-cr-2645,Male Tricolor Extreme Harlequin Crested Gecko Cr-2645,399.99,124.99,68.8
2026-09-06T10:30:48.196005+00:00,Pangea Reptile,pangea-reptile:male-tricolor-xxx-crested-gecko-cr-2638,Male Tricolor XXX Crested Gecko Cr-2638,699.99,174.99,75.0
2026-09-06T10:30:48.196005+00:00,Pangea Reptile,pangea-reptile:male-dark-patternless-crested-gecko-cr-2628,Male Dark Phantom Crested Gecko Cr-2628,499.99,149.99,70.0
2026-09-06T10:30:48.196005+00:00,Pangea Reptile,pangea-reptile:male-dark-patternless-crested-gecko-cr-2626,Male Dark Phantom Crested Gecko Cr-2626,449.99,99.99,77.8
2026-09-06T10:30:48.196005+00:00,Pangea Reptile,pangea-reptile:male-tricolor-white-wall-crested-gecko-cr-2615,Male White Wall Crested Gecko Cr-2615,549.99,174.99,68.2
2026-09-06T10:30:48.196005+00:00,Pangea Reptile,pangea-reptile:male-tricolor-extreme-harlequin-crested-gecko-cr-2614,Male Tricolor Extreme Harlequin Crested Gecko Cr-2614,499.99,199.99,60.0
2026-09-06T10:30:48.196005+00:00,Pangea Reptile,pangea-reptile:male-tricolor-xxx-crested-gecko-cr-2612,Male Tricolor Extreme Harlequin Crested Gecko Cr-2612,599.99,199.99,66.7
2026-09-06T10:30:48.196005+00:00,Pangea Reptile,pangea-reptile:male-white-wall-crested-gecko-cr-2611,Male White Wall Crested Gecko Cr-2611,499.99,124.99,75.0
2026-09-06T10:30:48.196005+00:00,Pangea Reptile,pangea-reptile:male-white-wall-crested-gecko-cr-2608,Male White Wall Crested Gecko Cr-2608,399.99,149.99,62.5
2026-09-06T10:30:48.196005+00:00,Pangea Reptile,pangea-reptile:male-tricolor-quadstripe-crested-gecko-cr-2607,Male Tricolor Quadstripe Crested Gecko Cr-2607,449.99,149.99,66.7
2026-09-06T10:30:48.196005+00:00,Pangea Reptile,pangea-reptile:male-black-phantom-crested-gecko-cr-2605,Male Black Phantom Crested Gecko Cr-2605,799.99,299.99,62.5
2026-09-06T10:30:48.196005+00:00,Pangea Reptile,pangea-reptile:male-xxx-crested-gecko-cr-2599,Male XXX Crested Gecko Cr-2599,449.99,249.99,44.4
2026-09-06T10:30:48.196005+00:00,Pangea Reptile,pangea-reptile:male-black-patternless-crested-gecko-cr-2594,Male Black Phantom Crested Gecko Cr-2594,749.99,149.99,80.0
2026-09-06T10:30:48.196005+00:00,Pangea Reptile,pangea-reptile:male-xxx-crested-gecko-cr-2592,Male Extreme Harlequin Crested Gecko Cr-2592,449.99,249.99,44.4
2026-09-06T10:30:48.196005+00:00,Pangea Reptile,pangea-reptile:male-tricolor-harlequin-crested-gecko-cr-2591,Male Tricolor Harlequin Crested Gecko Cr-2591,299.99,124.99,58.3
2026-09-06T10:30:48.196005+00:00,Pangea Reptile,pangea-reptile:female-xxx-crested-gecko-cr-2590,Male XXX Crested Gecko Cr-2590,624.99,249.99,60.0
2026-09-06T10:30:48.196005+00:00,Pangea Reptile,pangea-reptile:male-black-phantom-crested-gecko-cr-2587,Male Black Phantom Crested Gecko Cr-2587,799.99,299.99,62.5
2026-09-06T10:30:48.196005+00:00,Pangea Reptile,pangea-reptile:male-og-noir-crested-gecko-cr-2586,Male OG Noir Crested Gecko Cr-2586,749.99,249.99,66.7
2026-09-06T10:30:48.196005+00:00,Pangea Reptile,pangea-reptile:male-tricolor-xxx-crested-gecko-cr-2578,Male Tricolor XXX Crested Gecko Cr-2578,799.99,274.99,65.6
2026-09-06T10:30:48.196005+00:00,Pangea Reptile,pangea-reptile:female-tricolor-xxx-crested-gecko-cr-2576,Female Tricolor XXX Crested Gecko Cr-2576,599.99,249.99,58.3
2026-09-06T10:30:48.196005+00:00,Pangea Reptile,pangea-reptile:male-extreme-harlequin-crested-gecko-cr-2575,Male Extreme Harlequin Crested Gecko Cr-2575,799.99,249.99,68.8
2026-09-06T10:30:48.196005+00:00,Pangea Reptile,pangea-reptile:male-xxx-crested-gecko-cr-2574,Male XXX Crested Gecko Cr-2574,499.99,249.99,50.0
2026-09-06T10:30:48.196005+00:00,Pangea Reptile,pangea-reptile:copy-of-crested-gecko-template-sexmorph-crested-gecko-cr-code-3,Male Pinstripe Crested Gecko Cr-2570,249.99,124.99,50.0
2026-09-06T10:30:48.196005+00:00,Pangea Reptile,pangea-reptile:male-quadstripe-crested-gecko-cr-2571,Male Quadstripe Crested Gecko Cr-2571,299.99,124.99,58.3
2026-09-06T10:30:48.196005+00:00,Pangea Reptile,pangea-reptile:male-xxx-crested-gecko-cr-2568,Male XXX Crested Gecko Cr-2568,599.99,199.99,66.7
2026-09-06T10:30:48.196005+00:00,Pangea Reptile,pangea-reptile:male-pinstripe-crested-gecko-cr-2560,Male Pinstripe Crested Gecko Cr-2560,349.99,149.99,57.1
2026-09-06T10:30:48.196005+00:00,Pangea Reptile,pangea-reptile:female-xxx-crested-gecko-cr-1331,Female XXX Crested Gecko Cr-1331,499.99,174.99,65.0
2026-09-06T10:30:48.196005+00:00,Pangea Reptile,pangea-reptile:male-extreme-crested-gecko-cr-1285,Male Extreme Harlequin Crested Gecko Cr-1285,374.99,124.99,66.7
2026-09-06T10:30:48.196005+00:00,Pangea Reptile,pangea-reptile:male-extreme-crested-gecko-cr-0645,Male Extreme Harlequin Crested Gecko Cr-0645,349.99,149.99,57.1
2026-09-06T10:30:48.196005+00:00,Pangea Reptile,pangea-reptile:male-damn-daniel-starfire-super-dalmatian-crested-gecko-cr-1332,Male Super Dalmatian Crested Gecko Cr-1332,599.99,149.99,75.0
2026-09-06T10:30:48.196005+00:00,Pangea Reptile,pangea-reptile:female-xxx-crested-gecko-cr-1328,Female XXX Crested Gecko Cr-1328,599.99,174.99,70.8
2026-09-06T10:30:48.196005+00:00,Pangea Reptile,pangea-reptile:male-harlequine-reverse-pinstripe-crested-gecko-cr-1302,Male Extreme Harlequin Crested Gecko Cr-1302,449.99,249.99,44.4
2026-09-06T10:30:48.196005+00:00,Pangea Reptile,pangea-reptile:male-xxx-crested-gecko-cr-1309,Male XXX Crested Gecko Cr-1309,449.99,224.99,50.0
2026-09-06T10:30:48.196005+00:00,Pangea Reptile,pangea-reptile:male-xxx-crested-gecko-cr-1310,Male XXX Crested Gecko Cr-1310,474.99,199.99,57.9
2026-09-06T10:30:48.196005+00:00,Pangea Reptile,pangea-reptile:male-red-phantom-crested-gecko-cr-1314,Male Red Phantom Crested Gecko Cr-1314,274.99,149.99,45.5
2026-09-06T10:30:48.196005+00:00,Pangea Reptile,pangea-reptile:male-extreme-harlequin-crested-gecko-cr-1159,Male Tricolor Extreme Harlequin Crested Gecko Cr-1159,349.99,149.99,57.1
2026-09-06T10:30:48.196005+00:00,Pangea Reptile,pangea-reptile:male-damn-daniel-starfire-dalmatian-crested-gecko-cr-1318,Male Red Super Dalmatian Crested Gecko Cr-1318,349.99,149.99,57.1
2026-09-06T10:30:48.196005+00:00,Pangea Reptile,pangea-reptile:male-quadstripe-crested-gecko-cr-1269,Male Quadstripe Crested Gecko Cr-1269,399.99,199.99,50.0
2026-09-06T10:30:48.196005+00:00,Pangea Reptile,pangea-reptile:male-extreme-harlequin-crested-gecko-cr-1293,Male Extreme Harlequin Crested Gecko Cr-1293,249.99,174.99,30.0
2026-09-06T10:30:48.196005+00:00,Pangea Reptile,pangea-reptile:male-pinstripe-crested-gecko-cr-1289,Male Pinstripe Crested Gecko Cr-1289,274.99,149.99,45.5
2026-09-06T10:30:48.196005+00:00,Pangea Reptile,pangea-reptile:female-tricolor-crested-gecko-cr-1286,Male Tricolor Harlequin Crested Gecko Cr-1286,399.99,174.99,56.3
2026-09-06T10:30:48.196005+00:00,Pangea Reptile,pangea-reptile:male-extreme-harlequin-crested-gecko-cr-1283,Male Extreme Harlequin Crested Gecko Cr-1283,549.99,174.99,68.2
2026-09-06T10:30:48.196005+00:00,Pangea Reptile,pangea-reptile:male-extreme-harlequin-tricolor-crested-gecko-cr-1281,Male Tricolor Extreme Harlequin Crested Gecko Cr-1281,549.99,174.99,68.2
2026-09-06T10:30:48.196005+00:00,Pangea Reptile,pangea-reptile:female-xxx-crested-gecko-cr-1280,Female XXX Crested Gecko Cr-1280,649.99,174.99,73.1
2026-09-06T10:30:48.196005+00:00,Pangea Reptile,pangea-reptile:male-extreme-harlequin-crested-gecko-cr-1278,Male Harlequin Crested Gecko Cr-1278,299.99,99.99,66.7
2026-09-06T10:30:48.196005+00:00,Pangea Reptile,pangea-reptile:male-xxx-crested-gecko-cr-1273,Male Tricolor XXX Crested Gecko Cr-1273,449.99,174.99,61.1
2026-09-06T10:30:48.196005+00:00,Pangea Reptile,pangea-reptile:male-super-dalmatian-crested-gecko-cr-1271,Male Ink Blot Crested Gecko Cr-1271,349.99,149.99,57.1
2026-09-06T10:30:48.196005+00:00,Pangea Reptile,pangea-reptile:male-pinstripe-crested-gecko-cr-1270,Male Tricolor White Wall Crested Gecko Cr-1270,699.99,99.99,85.7
2026-09-06T10:30:48.196005+00:00,Pangea Reptile,pangea-reptile:female-pinstripe-crested-gecko-cr-1268,Female Tricolor Pinstripe Crested Gecko Cr-1268,499.99,174.99,65.0
2026-09-06T10:30:48.196005+00:00,Pangea Reptile,pangea-reptile:male-extreme-harlequin-crested-gecko-cr-1267,Male Tricolor Extreme Harlequin Crested Gecko Cr-1267,799.99,99.99,87.5
2026-09-06T10:30:48.196005+00:00,Pangea Reptile,pangea-reptile:male-pinstripe-crested-gecko-cr-1265,Male Tricolor White Wall Crested Gecko Cr-1265,699.99,174.99,75.0
2026-09-06T10:30:48.196005+00:00,Pangea Reptile,pangea-reptile:male-extreme-harlequin-crested-gecko-cr-1255,Male Tricolor Extreme Harlequin Crested Gecko Cr-1255,349.99,149.99,57.1
2026-09-06T10:30:48.196005+00:00,Pangea Reptile,pangea-reptile:female-xxx-crested-gecko-cr-1253,Female XXX Tricolor Crested Gecko Cr-1253,699.99,174.99,75.0
2026-09-06T10:30:48.196005+00:00,Pangea Reptile,pangea-reptile:male-extreme-harlequin-crested-gecko-cr-1250,Male Extreme Harlequin Crested Gecko Cr-1250,599.99,199.99,66.7
2026-09-06T10:30:48.196005+00:00,Pangea Reptile,pangea-reptile:male-pinstripe-crested-gecko-cr-1247,Male Tricolor White Wall Crested Gecko Cr-1247,449.99,174.99,61.1
2026-09-06T10:30:48.196005+00:00,Pangea Reptile,pangea-reptile:female-xxx-crested-gecko-cr-1246,Female XXX Tricolor Crested Gecko Cr-1246,899.99,199.99,77.8
2026-09-06T10:30:48.196005+00:00,Pangea Reptile,pangea-reptile:male-tricolor-extreme-harlequin-crested-gecko-cr-1243,Male Harlequin Crested Gecko Cr-1243,274.99,149.99,45.5
2026-09-06T10:30:48.196005+00:00,Pangea Reptile,pangea-reptile:male-xxx-crested-gecko-cr-1236,Male XXX Tricolor Crested Gecko Cr-1236,499.99,174.99,65.0
2026-09-06T10:30:48.196005+00:00,Pangea Reptile,pangea-reptile:male-xxx-crested-gecko-cr-1233,Male XXX Crested Gecko Cr-1233,649.99,199.99,69.2
2026-09-06T10:30:48.196005+00:00,Pangea Reptile,pangea-reptile:male-xxx-tricolor-crested-gecko-cr-1232,Male Extreme Harlequin Crested Gecko Cr-1232,474.99,174.99,63.2
2026-09-06T10:30:48.196005+00:00,Pangea Reptile,pangea-reptile:male-pinstripe-crested-gecko-cr-1231,Male Solid Back Crested Gecko Cr-1231,399.99,174.99,56.3
2026-09-06T10:30:48.196005+00:00,Grow Organic,grow-organic:garden-bucket-bag-heavy-waxed-canvas,Garden Bucket Bag - Heavy Waxed Canvas,34.77,36.0,3.5
2026-09-06T10:30:48.196005+00:00,Grow Organic,grow-organic:ultimate-garden-gift-box-4-garden-tool-set-hori-hori-pruners-garden-snips-and-garden-tool-sharpeners-tool-kit,"Ultimate Garden Gift Box -  4 Garden Tool Set  (Hori Hori, Pruners, Garden Snips and Garden Tool Sharpeners)  Tool Kit",105.0,110.0,4.8
2026-09-06T10:30:48.196005+00:00,Grow Organic,grow-organic:dragon-fruit-bundle,Wallace Ranch Bundle,65.0,60.0,7.7
2026-09-06T10:30:48.196005+00:00,Grow Organic,grow-organic:freyr-trellis,Freyr garden trellis,389.0,399.0,2.6
2026-09-06T10:30:48.196005+00:00,Grow Organic,grow-organic:winter-covers-for-raised-garden-beds,Winter Covers for Raised Garden Beds,54.0,59.0,9.3
2026-09-06T10:30:48.196005+00:00,Grow Organic,grow-organic:winter-covers-for-24-tall-planter-boxes,"Winter Covers for 24"" Tall Planter Boxes",54.0,59.0,9.3
2026-09-06T10:30:48.196005+00:00,Grow Organic,grow-organic:sleeve-feet,Sleeve Feet,20.0,26.0,30.0
2026-09-06T10:30:48.196005+00:00,Grow Organic,grow-organic:platform-feet,Platform Feet,32.0,36.0,12.5
2026-09-06T10:30:48.196005+00:00,AntGear,antgear:large-outworld-with-removable-lid-mesh-vent,Large Outworld with Removable Lid &#038; Mesh Vent,19.99,24.99,25.0
2026-09-06T10:30:48.196005+00:00,AntGear,antgear:fluon-escape-prevention,Fluon (PTFE Disp 30): Keep Ants From Escaping,9.99,7.99,20.0
2026-09-06T10:30:48.196005+00:00,AntGear,antgear:ant-vacuum,Rechargeable AntVac for Maintaining Captive Ants,42.99,39.99,7.0
2026-09-06T10:30:48.196005+00:00,Buckeye Myrmecology,buckeye-myrmecology:pheidole-rhea,Pheidole Rhea,148.0,164.0,10.8
